iteration	likelihood	noise_sigma_SSL_surf_IFN1_data0	noise_sigma_SSL_surf_none_data0	T0	upfactor	offset	s1	s2	sf
5000	-1016.88669261155	44.34087272914	10.6253539446033	-46.3903921989294	4798.96530400601	262.532959169508	0.232864966151281	2.01814056619289	0.000226154116089739
5010	-1017.60445024012	44.34087272914	10.6253539446033	-65.4001997324393	3728.49304096938	262.532959169508	0.232864966151281	1.83113576888401	0.000226154116089739
5020	-1017.76453853606	38.999477800191	11.2143752863839	-65.4001997324393	3728.49304096938	262.532959169508	0.205392893776955	1.83113576888401	0.000226154116089739
5030	-1019.83390554728	38.999477800191	12.2788073132354	-64.1829034465698	3509.76192009452	262.532959169508	0.205392893776955	2.16227815657687	0.000244805314335147
5040	-1017.5508827429	38.999477800191	12.2788073132354	-64.1829034465698	3538.56626034142	263.83524122601	0.299395192506899	1.69022963683892	0.000187721994939781
5050	-1016.12339345969	37.3647914391394	12.2788073132354	-75.1025890218711	3348.03346804158	191.377963796761	0.271943830895463	1.73843083786609	0.00020172430245965
5060	-1020.08353782904	44.3695862567105	11.1614484048101	-70.1999517659346	3348.03346804158	191.377963796761	0.320683504899451	1.73843083786609	0.00020172430245965
5070	-1018.00766207204	37.7445324486077	11.1614484048101	-68.8294103096567	3123.52202791111	218.338722819103	0.294009466724477	1.55169829160157	0.000197604667424059
5080	-1017.79222356896	37.7445324486077	14.8999462855535	-69.4062707244357	3123.52202791111	218.338722819103	0.281279349785779	1.55169829160157	0.000203394681846065
5090	-1019.2545956662	36.2183850043139	14.9482573812699	-73.0137809813654	3123.52202791111	190.868095787186	0.25162255019194	1.65855213464799	0.000203394681846065
5100	-1017.54201940422	45.2124641906447	12.7574714608	-69.0554221440797	3075.3308667616	190.868095787186	0.25162255019194	1.48656742627332	0.000208159164056695
5110	-1017.12937814876	45.2124641906447	12.7574714608	-69.6424150135792	3075.3308667616	219.676945565554	0.272212488758164	1.63060289677662	0.000206019642536088
5120	-1017.75763708524	45.2124641906447	13.3676138604675	-69.083719985582	3771.00521338056	219.676945565554	0.272212488758164	1.60741452831088	0.000206019642536088
5130	-1017.60803831485	45.4381273666539	11.3484157004445	-60.8116605806041	3272.15278689916	221.420330530253	0.273255381989725	1.60741452831088	0.000206019642536088
5140	-1018.9486113115	51.5930064388346	11.2876844692829	-60.8116605806041	3821.21602931531	220.917867196262	0.233755552723715	2.00401787169877	0.000206019642536088
5150	-1018.63941576282	51.5930064388346	11.1987384195304	-66.4063064815606	4695.79395062092	217.974110457787	0.225464203587813	1.98287131340033	0.000206019642536088
5160	-1018.50243092626	51.5930064388346	13.5129431671696	-67.3228016601239	4695.79395062092	217.974110457787	0.225464203587813	1.99759928258673	0.000206797363713807
5170	-1020.40841956167	51.5930064388346	13.5129431671696	-56.8321103825173	4524.69972572412	217.974110457787	0.194113875898673	2.2324267289109	0.000224754284832831
5180	-1019.83245925798	44.7899742324959	13.1611165808139	-60.0435751421513	4600.19608125631	217.974110457787	0.194113875898673	2.2324267289109	0.000224754284832831
5190	-1019.38781222507	44.7899742324959	12.6667067190908	-61.1754376588071	4600.19608125631	217.974110457787	0.194113875898673	2.2324267289109	0.000224754284832831
5200	-1018.41507577031	44.7899742324959	12.1912688237215	-61.1754376588071	4723.85147851179	255.855838320413	0.194113875898673	2.2324267289109	0.000224754284832831
5210	-1018.0374488577	48.4102853470992	12.1912688237215	-61.1754376588071	4779.30966009224	255.855838320413	0.196082158188591	2.04509973863805	0.000218945078124434
5220	-1019.6097900841	48.4102853470992	12.4462784534727	-63.9369206228451	4779.30966009224	255.855838320413	0.193102413195756	1.4546866928151	0.000211376776128673
5230	-1018.53992834547	39.4505927140946	11.5062143100491	-70.0425801949112	4779.30966009224	257.895209245183	0.222197227740913	1.4546866928151	0.000191510660418695
5240	-1017.58987548544	39.4505927140946	12.3126538139983	-74.5408223605196	4560.68758743182	257.895209245183	0.222197227740913	1.51690966015487	0.000191510660418695
5250	-1018.0277664623	39.4505927140946	11.307803712227	-72.4249362688797	4405.84741896954	281.344407820592	0.240509180210353	1.51690966015487	0.000191510660418695
5260	-1016.26554186129	39.4505927140946	11.999643894472	-72.8922525204964	4169.13325735361	232.421890566884	0.240509180210353	1.51690966015487	0.000191510660418695
5270	-1016.63937340103	39.4505927140946	11.917369593129	-71.4055054161896	4242.61763152061	232.421890566884	0.240509180210353	1.51690966015487	0.000201075471567495
5280	-1016.59694183505	39.4505927140946	11.0141160863694	-66.6173678942686	3878.58653725191	252.984316387898	0.240509180210353	1.55775615278758	0.000201075471567495
5290	-1016.47771580511	39.4505927140946	11.0141160863694	-66.6173678942686	3878.58653725191	252.984316387898	0.250416416874841	1.55775615278758	0.000201075471567495
5300	-1016.46930757621	39.9481399131017	11.0141160863694	-66.6173678942686	3878.58653725191	252.984316387898	0.297342335701416	1.95906553853411	0.000201075471567495
5310	-1015.95414573841	40.6292190703208	10.5979588606742	-65.2076455385875	3777.19502217424	241.491752934987	0.286275276662394	2.19324770549061	0.000209353330518448
5320	-1015.83349802224	39.9067743248078	10.5979588606742	-60.4228277369632	3777.19502217424	241.491752934987	0.3024209696554	2.19324770549061	0.000209353330518448
5330	-1017.63783062894	37.3860988689997	10.7234636958048	-60.4228277369632	3777.19502217424	261.734637697554	0.297511732016674	2.02208854133281	0.000216655325686651
5340	-1017.63472901408	37.3860988689997	10.4525329872418	-60.4228277369632	3777.19502217424	261.734637697554	0.297511732016674	2.15377635498717	0.000195999555896019
5350	-1017.92059634044	37.8383540719993	10.4525329872418	-57.3049736634249	3944.92711490978	224.19308790403	0.333909117629388	2.55580463129862	0.000195999555896019
5360	-1017.19741494849	37.8383540719993	12.194729957639	-49.8291828594964	4242.39190210554	267.910996503976	0.333909117629388	2.43081014466029	0.000192946224363296
5370	-1016.6796526504	37.8383540719993	12.194729957639	-49.8291828594964	4242.39190210554	267.910996503976	0.333909117629388	2.43081014466029	0.000195520099414798
5380	-1017.31373465753	43.2663832559728	11.0040495712837	-48.1556646942149	4289.76196520879	267.910996503976	0.333909117629388	2.27835877410663	0.000212455216859325
5390	-1017.23270874315	37.7985006314775	11.7783017282742	-53.239140595948	4552.42931610156	267.910996503976	0.316573494526487	2.92646412640157	0.000212455216859325
5400	-1016.52530616467	38.4445671608513	10.833817888962	-50.0617534375347	4552.42931610156	262.207163862088	0.316573494526487	2.92646412640157	0.000212455216859325
5410	-1016.80208204503	38.3600046887789	10.7740036430918	-47.522738867222	4212.14208296506	214.976192437949	0.345305789491629	2.92646412640157	0.000212455216859325
5420	-1017.79290290361	38.3600046887789	10.8965791205171	-53.5575060096931	4297.61197415853	255.252937983486	0.283102714323067	2.92646412640157	0.000212455216859325
5430	-1016.33297512126	40.145976241059	12.223705103704	-52.9736285324671	4417.66741851048	253.94447207754	0.278370564382091	2.84889401585397	0.0002247675843505
5440	-1017.00458824711	40.1285959855994	12.223705103704	-48.7376453021308	4761.72416489984	196.119412722487	0.306497458908483	2.84889401585397	0.0002247675843505
5450	-1017.66734226158	36.9903696185166	13.4516242162388	-45.8766378588995	4270.44352713967	216.461808422196	0.306497458908483	2.84889401585397	0.000215931997494693
5460	-1015.93224502922	36.9903696185166	12.5412236512894	-45.8766378588995	4270.44352713967	216.461808422196	0.306497458908483	2.63949670476859	0.000215931997494693
5470	-1015.2639716246	41.1684689368137	12.5412236512894	-56.0328119315121	4270.44352713967	212.095755693122	0.306497458908483	2.63949670476859	0.000215931997494693
5480	-1015.95916039152	41.1684689368137	12.5412236512894	-49.0260763295993	3979.98537748691	189.407766488712	0.306497458908483	2.63949670476859	0.000215931997494693
5490	-1014.78036250582	41.1684689368137	12.5412236512894	-49.0260763295993	3979.98537748691	189.407766488712	0.301029915828635	2.0537938777267	0.000215931997494693
5500	-1014.56387633526	39.8402233327044	12.4762444817901	-49.0260763295993	3660.07604864023	227.073206395008	0.331733099888358	2.0537938777267	0.000215931997494693
5510	-1016.50833223916	46.2717636051394	12.8275241320765	-49.0138068681785	3829.16055396254	227.073206395008	0.331733099888358	2.0537938777267	0.000207526855092979
5520	-1016.60982549014	45.4995102441533	13.598058412514	-49.0138068681785	3795.40973130587	217.047409050173	0.301726840667251	2.10679575420698	0.000234152965919517
5530	-1014.97708508867	45.4995102441533	12.5935547078872	-49.0138068681785	3795.40973130587	193.692302121121	0.285855108686424	2.28728467814304	0.000230638573714802
5540	-1014.72977185915	43.2779757669552	12.0290624225552	-49.5290345170726	3795.40973130587	193.692302121121	0.285855108686424	2.28728467814304	0.000230638573714802
5550	-1014.85808765703	43.2779757669552	12.0428219256029	-48.4778818951024	3630.16621950661	193.692302121121	0.285855108686424	2.28728467814304	0.000230638573714802
5560	-1015.26269126428	43.6943545964676	12.0428219256029	-41.3840380295093	3630.16621950661	193.692302121121	0.285855108686424	2.55815598136209	0.000244037849209625
5570	-1015.39364378132	43.6943545964676	12.0428219256029	-41.3840380295093	3630.16621950661	193.692302121121	0.352811517805125	2.42265834737027	0.000224243767783524
5580	-1015.68416355607	42.5680656236516	11.7150570328854	-41.3840380295093	3630.16621950661	193.692302121121	0.336112211998349	2.42265834737027	0.000224243767783524
5590	-1014.80574463359	42.5680656236516	13.4158764225983	-45.2643595926725	3581.10611041303	193.692302121121	0.336112211998349	2.42265834737027	0.000224243767783524
5600	-1015.96161041956	42.5680656236516	12.0210998239039	-48.9396755836477	3827.19988854831	249.453642159403	0.336112211998349	2.42265834737027	0.000224243767783524
5610	-1016.52683337102	42.5680656236516	12.0210998239039	-49.2756251886898	3827.19988854831	249.453642159403	0.336112211998349	2.28335010583583	0.000224243767783524
5620	-1016.18913495572	36.4864123413123	12.0099008147764	-55.5235684031311	3827.19988854831	196.213990337308	0.255774850193246	2.01554816758181	0.000224243767783524
5630	-1016.18802193012	36.4864123413123	12.0099008147764	-55.5235684031311	3827.19988854831	187.088192294445	0.30099404713689	2.01554816758181	0.000224243767783524
5640	-1016.05595308612	36.4864123413123	12.0099008147764	-55.5235684031311	3827.19988854831	187.088192294445	0.267073101503331	2.01554816758181	0.000224243767783524
5650	-1016.35657284135	46.5881345801185	14.2295401436767	-55.5235684031311	3827.19988854831	187.088192294445	0.267073101503331	2.04205607710653	0.000224243767783524
5660	-1017.48869031689	37.3995955694676	13.9102419678849	-64.5342613624459	3686.72014006169	227.619935281821	0.267073101503331	2.19518795917214	0.000224517790441015
5670	-1015.19637362965	37.3995955694676	12.2768540478015	-58.4057438091356	3418.19337810121	238.142180200022	0.267073101503331	1.87517246317753	0.000226380001799013
5680	-1016.02716211366	42.0160214156779	12.2768540478015	-58.4057438091356	3464.50735269532	209.490059918895	0.263615041961545	1.57228432006462	0.000226380001799013
5690	-1015.58405248739	42.0160214156779	11.953759855112	-56.4960991005611	3357.71938113804	212.09847847768	0.250162829803504	1.57228432006462	0.000226380001799013
5700	-1015.36933570997	42.0160214156779	11.953759855112	-56.4960991005611	3357.71938113804	212.09847847768	0.288506678879855	1.85483914738718	0.000226380001799013
5710	-1016.31937804196	42.0160214156779	11.953759855112	-56.4960991005611	3357.95119585714	180.3303714715	0.29349819833563	1.85483914738718	0.000226380001799013
5720	-1016.31937804196	42.0160214156779	11.953759855112	-56.4960991005611	3357.95119585714	180.3303714715	0.29349819833563	1.85483914738718	0.000226380001799013
5730	-1016.47309663723	41.3361712218013	12.8639715723556	-57.4602088069856	3608.25025206323	180.968516099968	0.325628886506718	1.75316927973811	0.000209480648794155
5740	-1017.55812894883	40.5157720038425	14.4802624126213	-57.4602088069856	3608.25025206323	180.968516099968	0.328279073964536	1.55309106507691	0.000189546500011192
5750	-1017.38831133844	37.3893735324102	14.4802624126213	-57.4602088069856	3608.25025206323	168.606687127965	0.327520085634061	1.58031154462125	0.000209846391186303
5760	-1016.90661891578	38.6896120046269	13.9325928385734	-47.8174276222452	3063.36500634092	193.098648096395	0.329188846226488	1.73805317428273	0.000216845039766321
5770	-1017.37302396359	40.4106206017376	12.3176207206581	-47.8174276222452	3192.25997162258	253.728559595577	0.329188846226488	1.73805317428273	0.000216845039766321
5780	-1016.96892895224	40.4106206017376	12.7091025230245	-54.7690420864588	3192.25997162258	203.754268054812	0.350288213037388	1.73805317428273	0.00020584851879639
5790	-1017.54201833989	40.4106206017376	13.3757479608708	-46.0094157846485	3277.8179017146	203.754268054812	0.350288213037388	1.73805317428273	0.00020584851879639
5800	-1018.33544815528	42.635256858497	13.2253101402816	-60.7685945890137	3169.88537130917	210.335888892064	0.336784770252307	1.58902016259697	0.00020365312326672
5810	-1016.21306980356	42.635256858497	13.0169586610424	-61.0447465916839	3169.88537130917	186.678783699152	0.269593611172477	2.12527973692939	0.000223193290542263
5820	-1015.828869056	42.635256858497	13.0169586610424	-64.1646077437008	3770.72920405443	200.073678284747	0.269593611172477	2.12527973692939	0.000223193290542263
5830	-1015.70283782617	42.635256858497	13.0169586610424	-65.2739512151087	4597.66909918186	220.796646954973	0.272287610956997	1.9231734382541	0.000189140930515449
5840	-1015.87591409594	42.635256858497	13.0169586610424	-65.2739512151087	4597.66909918186	213.921505386158	0.299271083592522	2.49706203686533	0.000189140930515449
5850	-1017.65836722572	42.635256858497	14.5171689911314	-58.6731068453862	4597.66909918186	196.873980704174	0.364939311434101	2.49706203686533	0.000189140930515449
5860	-1018.13850883763	44.715964294887	12.2381201857001	-58.0131963630977	4597.66909918186	196.873980704174	0.364939311434101	2.49706203686533	0.000181324898887529
5870	-1016.65127642377	40.6898860356823	12.2381201857001	-58.0131963630977	4510.04358257676	221.938712680263	0.345472487149074	2.49706203686533	0.000181324898887529
5880	-1016.49314548704	40.6898860356823	12.0710084310766	-60.2308096338025	4733.72158231653	234.608202611481	0.345472487149074	2.49706203686533	0.000181324898887529
5890	-1018.50561184957	44.9611774049507	13.2110366234675	-57.4831687834957	4972.47140362551	234.608202611481	0.325379278878481	2.49706203686533	0.000201260417264502
5900	-1017.1240373433	44.9611774049507	13.2110366234675	-60.1238636144736	4972.47140362551	254.00191736861	0.259236285507516	2.03952897347966	0.000198546599315266
5910	-1017.89740600131	37.1320273995549	13.2110366234675	-60.9274945222688	4546.37052574411	282.334875693725	0.259236285507516	2.03952897347966	0.000198546599315266
5920	-1019.88041309694	37.1320273995549	11.1110680519401	-66.4341487360254	5024.69065424092	282.334875693725	0.259236285507516	2.59160770150729	0.000208778185726028
5930	-1021.72797675936	33.335914098689	13.2281176774376	-66.4341487360254	4568.5389415616	305.302092661267	0.287001609309905	2.0409748801322	0.000194162826878839
5940	-1020.36224415393	33.335914098689	14.6096724076957	-54.2127688792597	4824.49702497449	252.208975058767	0.28239690110922	2.0409748801322	0.000194162826878839
5950	-1017.89282348997	37.2436712578564	14.6096724076957	-54.2127688792597	4824.49702497449	227.560119494563	0.28239690110922	1.70398357938148	0.000194162826878839
5960	-1018.22630120444	37.1879803173531	14.6096724076957	-54.2127688792597	4682.48176037344	227.560119494563	0.291688739928221	1.77987529017734	0.000184417193211612
5970	-1016.71143462705	36.7734979632018	13.8500250389042	-54.2127688792597	4663.84941382858	202.311477765387	0.291688739928221	1.7462715464631	0.000197455630266545
5980	-1017.37685978635	35.7373294403275	12.8829097879372	-64.6720645807618	4375.63351250231	198.992744134484	0.245345700604588	1.68612074737042	0.000202119315303851
5990	-1017.76274536482	35.7373294403275	12.8829097879372	-60.9362934128061	4375.63351250231	198.992744134484	0.245345700604588	1.68612074737042	0.000202119315303851
6000	-1017.9811081167	35.7373294403275	12.8829097879372	-59.4653931215109	4375.63351250231	198.992744134484	0.245345700604588	1.63927886971994	0.000202119315303851
6010	-1017.02417621802	35.7373294403275	12.8829097879372	-66.3198316944329	4022.7670754826	210.138493054888	0.245345700604588	1.42821179316211	0.000202119315303851
6020	-1017.15082502723	35.7373294403275	13.8675683673719	-62.0863831918959	4022.7670754826	210.138493054888	0.251282381199382	1.42821179316211	0.000202119315303851
6030	-1018.66532698517	41.3292436930517	12.3301337663606	-65.7483633393402	4022.7670754826	172.098561567932	0.251282381199382	1.42821179316211	0.00020412525990877
6040	-1019.10781028742	41.3292436930517	12.3301337663606	-70.3601158394964	3812.09828378891	172.098561567932	0.251282381199382	1.42821179316211	0.000211013081238842
6050	-1018.29613401364	41.3292436930517	12.3301337663606	-70.3601158394964	3057.92537626829	172.098561567932	0.251282381199382	1.42821179316211	0.000211013081238842
6060	-1017.37412931604	43.2055005700396	13.9723888754883	-71.2797655666194	3361.32028210975	181.03038039683	0.228784609013644	1.42821179316211	0.000211013081238842
6070	-1019.96672838528	43.2055005700396	13.8768610532161	-71.2797655666194	3292.28790606889	142.969180054254	0.239513849483725	1.79497903510766	0.000211013081238842
6080	-1019.12340798801	43.2055005700396	13.8768610532161	-69.1218936295204	3295.07274065089	142.969180054254	0.239513849483725	1.79497903510766	0.00022617018961217
6090	-1017.92204978415	43.2055005700396	14.4188720867099	-62.2596089180285	3675.75820916455	154.535600924005	0.234269703925563	1.79497903510766	0.00022617018961217
6100	-1017.36469281799	40.699531514116	14.2345604408826	-68.0997964909963	3560.674651923	219.697677283042	0.221089597316217	1.79497903510766	0.00022617018961217
6110	-1018.70055199865	38.7757376564711	13.404888707208	-73.0513288006621	3418.70144507129	166.474043211961	0.221089597316217	1.42434419037626	0.000222751138311756
6120	-1017.64150343298	38.7757376564711	13.404888707208	-73.0513288006621	3384.64215589637	188.005415210574	0.225703259592863	1.42434419037626	0.000222751138311756
6130	-1019.88217394311	48.920354028873	14.7598419988262	-73.0513288006621	3194.27171965854	204.638349299655	0.225703259592863	1.57108695831313	0.000201596771323633
6140	-1017.83188371417	45.224647991034	13.7688110082829	-79.5143269487274	3748.31245508343	210.882998270651	0.222402898850488	2.01304795556736	0.000199398747157035
6150	-1017.87196062228	45.224647991034	13.7688110082829	-74.3087057116139	4262.2884599603	250.239614711263	0.222402898850488	2.01304795556736	0.000199398747157035
6160	-1018.52134986977	42.4688980578597	12.6039309763375	-82.8339870715209	3809.7500362993	274.472834236134	0.245963425756023	2.0560437643267	0.000204923924604867
6170	-1018.88756906966	42.4688980578597	14.108301586519	-76.8968012248458	3660.88844803581	259.583043551287	0.254130174269584	2.2437982513891	0.000204923924604867
6180	-1017.5102036247	40.1964512328315	12.3480320472833	-87.7611525689481	3564.80912838947	204.012017364681	0.263960788081807	2.2437982513891	0.000204923924604867
6190	-1018.11491570071	44.8794667978662	12.2560977492228	-73.74301940132	3766.77520670205	184.497953806463	0.263960788081807	2.56420522548769	0.00022082949735207
6200	-1019.14836316427	52.7733274450907	12.6757752348417	-79.2102687177716	3725.53481025771	182.4748465706	0.263960788081807	2.37505637322167	0.000204073276160298
6210	-1019.75212210506	48.6861911537058	14.8761810647392	-79.2102687177716	3725.53481025771	185.514562344063	0.263960788081807	2.63356691632023	0.000208147159232453
6220	-1019.37803054413	41.6026149421186	10.8638765468773	-80.9726842670384	3265.82460863834	257.459177715089	0.263960788081807	2.63356691632023	0.000208147159232453
6230	-1018.43437641236	45.0330987922154	10.0916079868655	-80.9726842670384	4015.49845116081	246.996705184383	0.231962200514889	2.4978425143706	0.00021169674953889
6240	-1018.02969862178	45.0330987922154	10.0916079868655	-82.7698270934983	3921.38602096879	246.996705184383	0.26853804751621	2.34455043657239	0.000183990957999861
6250	-1022.38910089694	45.1802313085147	16.1506317602621	-80.1388041391464	3286.30281447965	207.867350847915	0.270364133899618	2.3765864165239	0.000189077154203015
6260	-1019.33668363352	45.1802313085147	11.961872589831	-86.1762674200999	3198.07715866615	207.867350847915	0.24644238591578	2.20545251987856	0.000189077154203015
6270	-1017.69499083567	48.261946519475	13.4458022380484	-85.9882597572775	3215.92899200312	207.867350847915	0.24644238591578	1.75913092115392	0.000196119693149378
6280	-1022.16277608424	48.261946519475	14.5422941612899	-91.8286336579417	3791.7071869518	143.564536688441	0.233716642734619	1.97742593206795	0.000180987913530088
6290	-1021.47789892392	42.8328575575669	11.3936549042748	-82.0313172654401	3299.38876027149	174.335931351643	0.223865687997622	1.80772485245691	0.000200014454934356
6300	-1018.78294613037	35.2698414208391	12.6005038619663	-75.2882540481038	3692.03439164875	162.726345139939	0.270260847010507	1.93827845091153	0.000205149164570357
6310	-1016.35103313258	43.2511412774068	12.6005038619663	-72.4624748070219	3692.03439164875	176.883872130761	0.270260847010507	1.93827845091153	0.000205206522549511
6320	-1017.10177080197	43.2511412774068	14.1854455371568	-70.8801144471906	3515.01357317502	161.310447203263	0.270260847010507	1.93827845091153	0.000213966034486067
6330	-1017.80933621931	43.2511412774068	14.1854455371568	-78.6114978949204	3678.40947262132	199.500539206925	0.23170392550587	1.63513777266667	0.000213966034486067
6340	-1016.78620868216	43.2511412774068	14.1854455371568	-78.6114978949204	3678.40947262132	199.500539206925	0.23170392550587	1.73099406586927	0.000201235187401046
6350	-1016.99029691984	43.2511412774068	14.1854455371568	-81.9920267136922	3592.28435097799	206.497520944228	0.23170392550587	1.5963148052845	0.000201235187401046
6360	-1016.37759322689	40.2778552605162	12.8273275449591	-81.9920267136922	3200.70814303779	219.938332283041	0.288566742592953	1.72553184370652	0.000186419188034434
6370	-1017.9054790036	39.039549072435	12.4348180334348	-80.2294273009723	3429.79480941546	232.791181569706	0.255623750000068	1.4525075062787	0.00020479476794271
6380	-1020.1869559162	50.2014117486462	12.8220140075507	-67.1319684762485	3499.61304838223	268.707848895583	0.271988209392878	2.02673264003112	0.000187907436081125
6390	-1021.10128195328	50.2014117486462	12.8981823217399	-67.1319684762485	3619.78265558785	268.707848895583	0.242752239617303	2.02673264003112	0.000188493138612442
6400	-1019.41960601704	47.7196766648285	12.8981823217399	-67.1319684762485	3619.78265558785	268.707848895583	0.276336126732771	2.39926029847145	0.000218764212507102
6410	-1016.00761157279	41.7049926736837	12.8981823217399	-67.1319684762485	3416.03419388378	215.01915835413	0.276336126732771	2.29194412215842	0.00022052078598611
6420	-1015.77808842312	41.7049926736837	12.1116142265924	-67.1319684762485	3416.03419388378	215.01915835413	0.276336126732771	2.29194412215842	0.00022052078598611
6430	-1015.06238040659	41.7049926736837	12.1116142265924	-61.4251592688067	3323.64105933283	215.01915835413	0.276336126732771	1.95433426544463	0.000221971553064499
6440	-1017.56859727557	40.2122003974807	14.8027520187252	-61.4251592688067	3323.64105933283	215.01915835413	0.276336126732771	1.72377665321578	0.000227249474002794
6450	-1018.68013645985	40.2122003974807	11.8568487280623	-63.5489948000746	2990.85098450526	210.84834891435	0.222155309903831	1.77855743107505	0.000256876927470597
6460	-1020.38574025912	40.2122003974807	14.4290396334839	-65.3289433512875	3226.98855935683	196.162382266135	0.231978815891457	1.77855743107505	0.000256876927470597
6470	-1018.82807744134	44.1225126680789	14.563775572029	-60.5366119355285	3151.57656878331	170.238853945803	0.231978815891457	1.79414996424955	0.000256876927470597
6480	-1018.44793048713	44.1225126680789	14.563775572029	-56.4258309013976	2907.3667499353	178.302199283961	0.231978815891457	1.97581728282094	0.000256876927470597
6490	-1018.4068625254	47.0552075455725	13.5541366655998	-58.7865038775405	2991.28193948288	178.302199283961	0.231978815891457	1.97581728282094	0.000256876927470597
6500	-1016.32942894205	43.5832202255497	14.0028449592974	-64.8000661740447	3497.32736272929	180.841801281303	0.252891044106697	1.68863886163094	0.00020983006265901
6510	-1017.63201369984	39.5835083292546	13.426100776659	-69.8220849402768	3497.32736272929	180.841801281303	0.252891044106697	1.6609936597497	0.000226114339845646
6520	-1015.33518644952	39.5835083292546	11.7569051082949	-60.0273234472786	3469.49513388316	242.503201620239	0.24611776635546	1.97812461092196	0.000226114339845646
6530	-1015.77174145279	39.4117103608179	12.8376175897884	-65.2212240154784	3240.05642207362	218.820666657362	0.24611776635546	1.68829503281434	0.000226114339845646
6540	-1016.79566500415	39.4117103608179	12.8376175897884	-65.2212240154784	3240.60862562919	199.743074003825	0.277535153444391	1.68829503281434	0.000226114339845646
6550	-1020.4600812497	39.8453909938473	13.9753725031059	-67.1696473009291	3650.45373949256	199.743074003825	0.277535153444391	1.62523614365342	0.000226140396347342
6560	-1019.55425764689	35.4635941513807	14.1003342013312	-75.6921808081589	3630.48245700848	154.222590928868	0.299498653656888	1.53653742590351	0.000175606954157552
6570	-1020.7193931273	39.9869011754114	14.6729718883691	-75.6921808081589	4233.31935845658	129.875399253429	0.299498653656888	1.53653742590351	0.000175606954157552
6580	-1021.74798250729	39.0630116779373	18.390089701373	-82.5550508565561	3917.3146597593	129.875399253429	0.286416865021632	1.5770255393473	0.000167823169926408
6590	-1020.89641076991	39.0630116779373	18.2398588398116	-92.2330610890099	3550.99981368887	129.875399253429	0.305273757642267	1.63695223479633	0.000167878394227284
6600	-1019.69158376777	40.2716128189675	15.9708931756705	-84.7388281194503	3550.99981368887	133.904857309844	0.321821199017235	1.49370643059012	0.000174350700416946
6610	-1020.39927860679	40.2716128189675	15.9708931756705	-84.7388281194503	3550.99981368887	133.904857309844	0.304324200915938	1.32826206902094	0.000169482463440596
6620	-1021.65523800939	40.2716128189675	15.9708931756705	-93.9463441421715	3550.99981368887	133.904857309844	0.318004403102137	1.28855516517691	0.000156172369824959
6630	-1020.45096577075	39.3046013192604	14.713415219133	-99.3200615306822	3175.7432436571	168.317933175118	0.307125562825902	1.45361288924976	0.000156172369824959
6640	-1020.75547298785	38.078926233974	14.2901703179111	-101.243741813986	3175.7432436571	158.992626974771	0.346085378641907	1.37659608667178	0.000156172369824959
6650	-1020.68594580336	38.078926233974	15.2109072306292	-103.252721173359	3175.7432436571	158.992626974771	0.346085378641907	1.37659608667178	0.000156172369824959
6660	-1020.2118018831	35.9924919234738	15.2109072306292	-103.252721173359	2982.60598903911	158.992626974771	0.346085378641907	1.57769069282119	0.000164741924079166
6670	-1022.01074749577	34.4562844726959	13.1305008069902	-96.0231696963181	2982.60598903911	158.992626974771	0.346085378641907	1.4346933407931	0.000164741924079166
6680	-1020.99432857965	34.4562844726959	13.1305008069902	-94.2835739037991	2982.60598903911	189.898403459625	0.321339484059011	1.4346933407931	0.000164741924079166
6690	-1020.10228095285	37.322123051663	13.1305008069902	-94.2835739037991	2982.60598903911	189.898403459625	0.273983151831173	1.27017516197573	0.00016973741667561
6700	-1018.94788938041	37.322123051663	13.1305008069902	-98.9933742281877	3061.64036370939	189.898403459625	0.273983151831173	1.61231446165872	0.00019662214207855
6710	-1018.58543863898	37.322123051663	13.1305008069902	-98.9933742281877	2916.9779935558	189.898403459625	0.273983151831173	1.61231446165872	0.00019662214207855
6720	-1018.52436240665	40.5985049079187	13.4328999571897	-92.4126692170938	2916.9779935558	189.898403459625	0.239184134567451	1.79655044502881	0.00019662214207855
6730	-1024.5280427656	40.5739946376017	11.7439874796189	-95.3206514386267	2324.66053162305	221.95541256752	0.258637889982133	2.22887019910638	0.00022340471708438
6740	-1025.19452859912	40.0268697381684	11.7439874796189	-116.246420298918	2367.01104088553	221.95541256752	0.258637889982133	2.22887019910638	0.000211826016473954
6750	-1024.95183454202	40.0268697381684	11.7439874796189	-116.246420298918	2367.01104088553	221.95541256752	0.258637889982133	2.22887019910638	0.000210563361211057
6760	-1024.61065059408	40.0268697381684	11.7439874796189	-114.519190999665	2367.01104088553	206.401369108421	0.238476127758668	1.72623291081101	0.000182599422824384
6770	-1024.45130065829	40.0268697381684	11.7439874796189	-111.871636525533	2367.01104088553	192.755240989868	0.25491332456151	1.83116190593911	0.000182599422824384
6780	-1021.52909735796	40.8999417994145	11.5016394470135	-94.1924992646007	2454.11930190322	194.414922564479	0.300374112688509	1.57895187238083	0.000188231022353349
6790	-1025.00245067839	40.8999417994145	11.5016394470135	-89.8344560737641	2337.40499784441	194.414922564479	0.356925946936812	1.59893393020113	0.000188231022353349
6800	-1022.72155534501	40.8999417994145	11.5016394470135	-83.9109778427491	2457.95343331658	198.812760741952	0.356925946936812	1.91505048548982	0.000188231022353349
6810	-1022.19423940235	40.8999417994145	11.5016394470135	-89.8722968452739	2522.00354297912	177.131172941412	0.307535756877361	2.05192396873873	0.000190663987035501
6820	-1019.86801045451	44.1977991096144	11.6216537089551	-97.8933433314954	2797.30124158971	182.432968889118	0.291900484114162	2.22046284897545	0.000196860342836145
6830	-1020.39420252939	44.1977991096144	11.6216537089551	-97.8933433314954	2711.86483909266	177.534116045445	0.291900484114162	2.22046284897545	0.000196860342836145
6840	-1018.29799702733	44.1977991096144	13.0633873336694	-97.8933433314954	2973.30828265211	202.519839338733	0.301614449886135	2.22046284897545	0.000178666270620109
6850	-1022.56449916704	34.0196577830092	11.2287476640149	-94.6782667695986	2973.30828265211	229.258485013654	0.361440409260803	2.23152407631644	0.000177171475738884
6860	-1020.09735177619	43.1077406068217	12.2188395754617	-70.1888917273742	4089.6433450554	190.951859222572	0.370657736641719	2.23480387787858	0.000163463665987334
6870	-1019.38024549547	43.1077406068217	12.2188395754617	-79.3021258376008	3742.76943696211	190.951859222572	0.370657736641719	2.23480387787858	0.000163463665987334
6880	-1018.64935763037	43.1077406068217	12.2188395754617	-86.7749191221211	3858.29543791016	202.120669219142	0.381278572932025	2.4875331592247	0.000170399664967472
6890	-1017.08090148189	43.1077406068217	12.2188395754617	-86.7749191221211	3556.80118639376	206.229544190309	0.333868197917139	2.39707518562945	0.000178279198718915
6900	-1017.33276034538	39.0704351157505	13.2219268757076	-85.6039327166011	3630.75019787668	206.229544190309	0.345109356335194	1.78693329615932	0.000168808924150922
6910	-1017.9562871063	39.0704351157505	11.885661818704	-80.5453238451822	3556.67932813349	224.682160071397	0.345109356335194	1.85062491395701	0.000168808924150922
6920	-1019.415040836	45.4360259867782	11.885661818704	-80.5453238451822	3494.42567687486	224.682160071397	0.345109356335194	1.85062491395701	0.000168808924150922
6930	-1018.76895269161	37.3309071901251	12.9707079653742	-89.392545055113	3459.96772964017	220.013981595854	0.36814020553849	1.95183523344734	0.000162178630152021
6940	-1019.62328739374	38.6516624050431	12.9707079653742	-99.8411815692809	3065.87464673746	220.013981595854	0.365941866000752	1.95183523344734	0.000165907935446337
6950	-1018.53932037284	38.6516624050431	11.4928116061732	-95.3911930063643	3450.41015093908	224.451453873065	0.3243264339368	2.35041003011176	0.000167801012496601
6960	-1019.77270074993	50.1069547812186	11.5130673840591	-95.5139699307843	3458.06497737083	240.524341861137	0.297149279912774	2.47776764291575	0.000167801012496601
6970	-1017.70852949116	46.7955491870501	11.5130673840591	-95.5139699307843	4015.84543323929	232.12520256726	0.297149279912774	2.47776764291575	0.000167801012496601
6980	-1018.94059820413	44.0097179193767	10.2946171596481	-117.184970743066	4110.3076391726	263.082653347236	0.249118117033884	1.86193276693944	0.000159633937309937
6990	-1019.34992041526	44.0097179193767	10.2946171596481	-122.559632038147	4143.66912739172	255.856976673032	0.249118117033884	2.35152695565038	0.000160652806285332
7000	-1020.82548811192	46.1616260955602	10.2946171596481	-136.772423226744	3909.76534365598	215.516820262674	0.249118117033884	2.35152695565038	0.000160652806285332
7010	-1019.85110172966	46.1616260955602	10.3179935422848	-144.22528769964	3893.21098620702	256.945029542891	0.249118117033884	2.35152695565038	0.000160652806285332
7020	-1019.65972852004	46.1616260955602	10.1854656817052	-133.855720476271	3893.21098620702	256.945029542891	0.249118117033884	2.35152695565038	0.000160652806285332
7030	-1019.55994538468	46.1616260955602	10.1854656817052	-129.833461517329	3915.45852778848	268.392179536907	0.219697474675794	2.07421501169737	0.000165941681665723
7040	-1020.58591749323	40.6429361150473	10.1854656817052	-136.205268549425	4041.84845581617	280.107121968813	0.227495146010992	2.07421501169737	0.000165941681665723
7050	-1025.91728700005	34.2825681770294	9.87866631902599	-140.626346641957	3958.55644331906	280.107121968813	0.207357532167501	1.61105322648836	0.000162923866996696
7060	-1028.74967151625	34.2825681770294	11.491247201285	-140.626346641957	3612.53686462226	333.939028869337	0.244746504936958	2.10472832398556	0.000150286923854719
7070	-1024.0559349915	47.3328247926824	12.6034874551441	-140.626346641957	3612.53686462226	333.939028869337	0.244746504936958	1.70313985092114	0.000145072799906988
7080	-1021.324743506	43.4715885738111	12.4612173175118	-130.7453764064	2875.77058153943	215.815202127714	0.265744578328598	1.44194616395806	0.000147424753769806
7090	-1021.59022757284	55.1365359099891	14.2172129318491	-133.207382697509	3020.56686720814	196.781711858113	0.235326373142318	1.83846157948388	0.000173826770978839
7100	-1021.79376072719	55.1365359099891	14.2172129318491	-133.207382697509	3288.44509155005	182.273141199368	0.236218626470141	1.83846157948388	0.000173826770978839
7110	-1021.12852543442	54.5426333738355	13.2501660982816	-131.374092590247	3288.44509155005	182.273141199368	0.253064576141021	1.79951774986753	0.00016083439357494
7120	-1021.32263021719	54.5426333738355	13.7771717246461	-119.910149446006	3901.77413032099	222.086904060536	0.260404241116358	1.79951774986753	0.00016083439357494
7130	-1020.75237144884	49.2177040215192	11.42574139599	-122.774795448906	3333.92063262146	184.840431677331	0.272151505356277	2.0014029036559	0.000160602004764711
7140	-1020.32315088466	49.9518462435854	11.6745392850921	-105.566001490158	3650.74724431908	280.439390698912	0.273378411997818	2.0014029036559	0.000160602004764711
7150	-1018.9915916373	51.6008929378969	12.02906244521	-105.566001490158	3636.72969881234	246.971798278185	0.27014939248529	2.19541923052046	0.000168587473691134
7160	-1021.58616426586	41.8591355835151	11.2286002172355	-111.155540727484	3716.99764634918	169.881848410284	0.252855658967048	1.76480804401535	0.000182540420848127
7170	-1019.87603474463	42.8723542625904	12.1840558227513	-112.024438477322	3716.99764634918	169.881848410284	0.252855658967048	1.76480804401535	0.000182540420848127
7180	-1017.93099588344	42.1613710903213	12.9313793647339	-105.806560011908	3716.99764634918	169.881848410284	0.252855658967048	1.7901266252236	0.000178257818035899
7190	-1018.57126638258	42.1613710903213	12.9313793647339	-105.806560011908	3716.99764634918	169.881848410284	0.252855658967048	2.13218212017796	0.000183841654879741
7200	-1017.12250214329	42.1613710903213	12.9313793647339	-94.0428611335746	4556.14100234178	220.235901577313	0.252855658967048	2.13218212017796	0.000183841654879741
7210	-1017.29117208971	41.911410892742	12.5168668532861	-89.1965945110447	4136.45765017274	257.272943811618	0.234397208027323	2.13218212017796	0.000183841654879741
7220	-1017.81237517242	41.911410892742	12.9459952342916	-84.9024510944051	4514.27669235105	257.272943811618	0.230815664761257	2.25889471916484	0.000191384579727277
7230	-1019.00956354777	41.4088702251556	12.9459952342916	-87.3575808773584	4514.27669235105	270.9107861906	0.230815664761257	2.36509985141101	0.000187373693325687
7240	-1018.21816319333	41.4088702251556	11.5455144997294	-88.9187281911012	5041.25698115507	270.9107861906	0.230815664761257	2.32094974871406	0.000187373693325687
7250	-1018.00645267146	46.8735990743258	11.5455144997294	-86.2215836984651	5041.25698115507	213.955985649648	0.246021149809415	2.49082148767754	0.000187373693325687
7260	-1021.08427231258	55.8168820703479	12.0991023865242	-86.2215836984651	4892.53133819444	236.813413961646	0.298232552654288	2.64792036932521	0.000167586378375801
7270	-1020.13602448838	39.1568181137826	10.1041436770086	-92.2747881194878	4658.80463272349	239.159423565649	0.292612411600777	2.64792036932521	0.000167586378375801
7280	-1019.97496170557	39.1568181137826	10.1041436770086	-88.0627570349499	4693.78125287404	239.159423565649	0.280624884754094	2.41109951664059	0.000167586378375801
7290	-1020.0420122878	49.0297187769911	12.1948216849498	-107.416246215787	5098.4953545545	282.55578780826	0.227312786091297	2.52261880081659	0.000173504724701936
7300	-1022.70802242966	49.0297187769911	13.1286736787184	-108.29063392374	5098.4953545545	270.356534473115	0.249400878006588	2.52261880081659	0.000180729175220764
7310	-1018.4068466165	45.6940000869325	12.3073726144039	-113.040781161976	4913.40646764559	230.53500900995	0.237242095452174	2.35882772147258	0.000165539563767025
7320	-1019.02822994164	45.3501873701831	12.7567570033642	-117.505046425125	4663.47893492109	192.239688485065	0.261037870764149	2.2023240568766	0.000155520404799506
7330	-1019.71841302708	44.4096943474086	14.655351695234	-121.318437800275	4797.89890491467	213.680352332304	0.238487385401096	2.03310647518713	0.000161389675800168
7340	-1017.35954946471	44.4096943474086	11.9517905506585	-101.169891954485	4797.89890491467	240.264181830471	0.232913771370156	2.03310647518713	0.000169064904191586
7350	-1017.95784763478	44.4096943474086	12.4650831186483	-110.221422231024	4797.89890491467	210.895018559551	0.23877567112557	2.03529480265738	0.000165186071495437
7360	-1017.97543304564	44.4096943474086	12.5868379403875	-103.489902590013	4776.67411116736	210.895018559551	0.23877567112557	2.20022757616338	0.000179092467432939
7370	-1017.1820743129	44.4096943474086	12.5868379403875	-94.320203850104	4546.92936506033	210.895018559551	0.23877567112557	2.20022757616338	0.000179092467432939
7380	-1018.46240235883	44.4096943474086	12.5540466720496	-103.250406380878	4546.92936506033	253.309986491554	0.23877567112557	2.20022757616338	0.000183557828653224
7390	-1018.00768519401	45.5220460218584	11.8696829376467	-102.733751148762	4546.92936506033	255.246685738703	0.220019536206566	2.20022757616338	0.000174662370214542
7400	-1017.9855592336	43.3178373422897	12.417593182776	-100.073112169373	4546.92936506033	267.353855483714	0.260253764672272	2.15359455815059	0.000174662370214542
7410	-1017.83576732691	43.3178373422897	12.4271250956371	-99.4121088650237	4193.02047555232	267.353855483714	0.260253764672272	1.88972421908614	0.000175646169442327
7420	-1017.94708630701	37.1239994482687	13.529111443458	-94.2683281976577	3852.91554363806	198.968156225422	0.271121279936885	2.13424424129479	0.000175646169442327
7430	-1016.76335767244	40.0653839552669	11.5093080229898	-82.6550805219516	4152.91665325116	198.968156225422	0.271121279936885	1.85829457386194	0.000180290683101196
7440	-1016.81408180124	39.1075308442791	11.5093080229898	-91.4909119302615	4002.38593158472	201.181879688961	0.271121279936885	1.85829457386194	0.000180290683101196
7450	-1016.70575441762	43.5084947923497	11.5093080229898	-83.3715419152978	3612.50189015576	226.576216974228	0.271121279936885	1.67389318657686	0.000180290683101196
7460	-1017.01923559746	41.7615601013676	11.5093080229898	-83.3715419152978	3215.53391138211	194.371866663157	0.271121279936885	1.95170914807481	0.000197017458556416
7470	-1017.91541841956	41.7615601013676	11.5093080229898	-83.3715419152978	3215.53391138211	194.371866663157	0.271121279936885	2.11890047849024	0.00020995885808024
7480	-1015.80060936884	41.7615601013676	12.3258822037137	-74.6477754156664	3446.17312700585	201.063252098631	0.271121279936885	2.00826723583335	0.00019673842636877
7490	-1015.92610855869	41.7615601013676	12.3258822037137	-79.8345510835836	3619.87675952773	201.063252098631	0.285046166902113	2.28823335634715	0.00019673842636877
7500	-1017.94132881548	39.8552925309758	12.3258822037137	-88.9843185086186	3853.38246133282	218.197228366791	0.285046166902113	2.28823335634715	0.00019673842636877
7510	-1015.30341850583	39.8552925309758	12.5943852352702	-71.588493645679	3853.38246133282	218.197228366791	0.285046166902113	2.28823335634715	0.00019673842636877
7520	-1015.6371514396	39.8552925309758	12.5943852352702	-72.1913167854087	4151.87132097012	227.52971777456	0.287978595829545	2.38560143838465	0.000197353038768385
7530	-1015.95010027978	38.9034941124813	11.3152145853219	-66.9341736088273	4172.0410064231	264.340067948651	0.287978595829545	2.38560143838465	0.000197353038768385
7540	-1015.78294457067	42.1299649987211	11.2528559447989	-62.6796761695246	4512.52145716573	264.340067948651	0.287978595829545	2.38560143838465	0.000194667324623075
7550	-1016.3373867162	38.2674685270918	12.566233605829	-62.6796761695246	4512.52145716573	264.340067948651	0.287978595829545	2.38560143838465	0.000194667324623075
7560	-1016.61944899947	38.2674685270918	13.0955893636325	-62.6796761695246	4272.39936742437	265.603148003089	0.304940204995262	2.31612008282038	0.000194667324623075
7570	-1015.92654352651	38.2674685270918	13.0955893636325	-62.6796761695246	3859.95728625325	219.428243649554	0.304940204995262	2.31612008282038	0.000194667324623075
7580	-1016.48284990811	41.6507807187309	14.6184819005341	-50.6527856580318	3884.25209295904	219.428243649554	0.28505197309324	1.62190772437772	0.000216251481218808
7590	-1016.39437160148	41.6507807187309	14.6184819005341	-50.6527856580318	3884.25209295904	219.428243649554	0.322578100687774	1.91280012619909	0.000210926964969745
7600	-1017.45342046127	42.3224122755845	15.1234648761476	-50.6527856580318	3851.44803532868	204.732068052359	0.300163894864756	1.81002748394098	0.00019882342113539
7610	-1014.93766137984	41.9669215644566	12.7830439840358	-67.0830951875772	3810.99867203814	204.732068052359	0.296515106032887	2.14885040176822	0.00019882342113539
7620	-1017.5498434776	41.9669215644566	12.7830439840358	-67.0830951875772	3810.99867203814	175.413145839869	0.276386236829825	1.79653252462286	0.000216758821967165
7630	-1016.15788283045	41.9669215644566	12.7830439840358	-62.0671355490542	3191.57345357441	233.500386203157	0.287454280840571	1.77619795667888	0.000214764780079259
7640	-1018.00636970599	43.7852142903658	10.2520634622005	-63.5634727355228	3128.97075158349	233.500386203157	0.267609799482131	1.98484452535469	0.000215137019060859
7650	-1018.5350025514	40.0970525803869	11.4015735978168	-67.2468263438537	3442.03788046179	184.842455231599	0.227242539435389	1.89944919392868	0.000235519598518333
7660	-1018.35713978257	40.0970525803869	11.4015735978168	-67.2468263438537	3442.03788046179	220.05366076918	0.227242539435389	1.84816296195002	0.000243256646707547
7670	-1014.62355187427	38.731644452894	11.6637875344332	-48.1719102166939	3705.08668507966	255.119861798416	0.265418140823561	1.82250873698269	0.000233952208932944
7680	-1015.0165956112	36.1876261070257	11.6637875344332	-48.1719102166939	3705.08668507966	255.119861798416	0.265418140823561	1.82250873698269	0.000233952208932944
7690	-1014.65475293739	38.9236298144032	11.7846071780346	-44.7040251202958	3705.08668507966	255.119861798416	0.265418140823561	1.82250873698269	0.00024411726514091
7700	-1014.56606396868	38.9236298144032	11.7846071780346	-44.7040251202958	3644.03569775422	263.010709683922	0.265418140823561	1.91627070298516	0.000238950450791568
7710	-1016.21708893209	38.9236298144032	10.4812642671374	-52.5514546228286	3644.03569775422	263.010709683922	0.238826467835476	1.85711896970925	0.000238950450791568
7720	-1015.92619212443	45.9655908109039	11.5220094094178	-48.4348051107925	3467.06084274006	249.900680295907	0.234384021992519	1.85711896970925	0.000237921411464524
7730	-1015.65064560086	45.9655908109039	12.8700079281459	-41.1456938477347	3650.58069988033	249.900680295907	0.249495562952475	1.84780910693189	0.000246667921170087
7740	-1015.66881473109	45.9655908109039	12.8700079281459	-47.4678124595728	4143.31420345764	249.900680295907	0.249495562952475	1.98229242949875	0.000229017776696944
7750	-1015.90512474161	41.0837886857411	12.4823868136583	-50.9840642667224	4144.01482847872	191.400013166351	0.25329059191748	1.71763376205938	0.000220262089749249
7760	-1015.85894796204	42.9727283531027	13.3970923200879	-57.0305413616629	3939.03387559104	197.560362947156	0.269097292202058	1.71763376205938	0.000220262089749249
7770	-1015.78359886198	42.9727283531027	12.699219185208	-54.9062767946231	3638.67365941127	197.560362947156	0.269097292202058	1.71763376205938	0.000231199613691811
7780	-1015.52959988952	44.5383147241618	13.3162311298313	-54.9062767946231	3632.16987111896	208.888161518595	0.24379274235718	1.71763376205938	0.000231199613691811
7790	-1015.68111317213	44.6622944059804	11.5152904652737	-48.3051953603101	3545.84543201645	216.97769180714	0.254458656963938	1.71763376205938	0.000231199613691811
7800	-1015.16770984482	38.8179980326919	12.8619101454702	-56.224682331444	3545.84543201645	216.97769180714	0.237963807078404	1.71763376205938	0.000231199613691811
7810	-1016.58417356117	43.1973078529769	13.3129858650093	-61.3278663414213	3545.84543201645	229.024515925971	0.269946641473373	1.72272744237011	0.000221716313350863
7820	-1017.63710393079	36.3385249123243	10.7262788771224	-53.1981548596027	4209.82173532015	210.345909487029	0.269946641473373	1.72272744237011	0.000213353909248059
7830	-1017.52008526113	36.3385249123243	10.7262788771224	-53.1981548596027	4209.82173532015	210.345909487029	0.290005268050411	1.78711198340709	0.000213353909248059
7840	-1016.01546323656	38.5719956361693	12.3721968534992	-47.1011841314427	3838.44279800911	272.953289191606	0.2854036847075	1.78711198340709	0.000213353909248059
7850	-1016.71470784504	43.0446395588086	13.0406082034935	-45.7179936184242	3983.98249195712	180.850606473197	0.2854036847075	1.78711198340709	0.000213353909248059
7860	-1016.14074115082	43.0446395588086	13.9901529659161	-51.1044766868766	4033.37192769406	234.70982227122	0.2854036847075	1.78711198340709	0.000213353909248059
7870	-1016.8885546684	41.6220992288036	12.1480335745912	-50.0126553524262	3900.4652197675	279.698528682363	0.289988877141907	1.88476934538443	0.000223585377011712
7880	-1015.25485848666	41.6220992288036	12.1480335745912	-53.762031327489	4115.32763871277	253.618034284716	0.237099550757835	1.75262113439453	0.000223585377011712
7890	-1016.02114688235	41.6220992288036	12.1480335745912	-58.3102564979459	4149.79085191781	238.218153531333	0.237099550757835	1.72265349751336	0.000227739854454422
7900	-1017.3148022102	42.7976296344954	12.0112961021437	-55.7448297773742	4437.34845975042	238.218153531333	0.237099550757835	1.46679989580325	0.000216544899302262
7910	-1017.73610334503	42.7976296344954	12.1748977268597	-62.7828421832551	4145.27227512242	221.370798966372	0.244740712852393	1.46679989580325	0.000216544899302262
7920	-1016.52715093995	42.7976296344954	12.0810296886057	-53.1261746939456	4145.27227512242	221.370798966372	0.244740712852393	1.46679989580325	0.000216544899302262
7930	-1015.63189062657	42.5263049050201	11.8109406895888	-59.5073055249145	4262.28090371288	246.785704499115	0.244740712852393	1.7373129470469	0.0002037933969553
7940	-1017.56684878333	41.4693019522202	10.9610232346494	-61.1539046080986	4262.28090371288	246.785704499115	0.23676390068852	2.24410492844011	0.0002037933969553
7950	-1018.45214771168	41.4693019522202	10.9610232346494	-58.0447600938379	4262.28090371288	253.349454795194	0.23676390068852	2.24410492844011	0.0002037933969553
7960	-1017.17615472283	41.4693019522202	10.9610232346494	-47.9002794516155	4262.28090371288	251.629865703257	0.268651533786066	2.24410492844011	0.000208088327230665
7970	-1015.12860557448	41.4693019522202	10.9610232346494	-47.9002794516155	4262.28090371288	251.629865703257	0.270895218713948	2.31486893621771	0.00021820572491871
7980	-1016.4618586356	44.5871672113459	10.9729463799163	-47.9002794516155	4833.59913249298	232.256443519697	0.304206783545008	2.54274325763261	0.000211036818129096
7990	-1016.60001348501	42.660067361561	12.3571532813966	-47.9002794516155	4964.91912051044	258.241451965446	0.304206783545008	2.38669415677349	0.000211301947361689
8000	-1017.13244110832	42.660067361561	12.3571532813966	-53.0083929881861	4964.91912051044	192.497546676674	0.304206783545008	2.663228689907	0.000211301947361689
8010	-1019.65176916171	39.5312734037268	11.9553610841347	-61.934556114393	4964.91912051044	192.497546676674	0.304206783545008	2.663228689907	0.000211301947361689
8020	-1019.45050264455	41.9924562032355	11.9553610841347	-59.5719550916589	5109.51911279948	189.704905715737	0.304206783545008	2.663228689907	0.000211301947361689
8030	-1021.3134290588	35.0799429442683	13.0780326543334	-67.8937370219857	4548.39906380463	189.704905715737	0.304206783545008	2.88422092493614	0.000207297467697937
8040	-1021.3134290588	35.0799429442683	13.0780326543334	-67.8937370219857	4548.39906380463	189.704905715737	0.304206783545008	2.88422092493614	0.000207297467697937
8050	-1019.2285454595	38.6688365365115	13.0780326543334	-67.8937370219857	4548.39906380463	189.704905715737	0.292885400925137	2.86403706585796	0.000210730805879913
8060	-1018.01841816252	38.6688365365115	13.0780326543334	-67.8937370219857	4233.09394603792	230.331989875466	0.252228930277702	2.60061847459535	0.000213345089257849
8070	-1017.15181912008	44.63022510286	14.2142092002261	-65.0466310707178	4233.09394603792	230.331989875466	0.241574591217777	2.19165774263714	0.000213345089257849
8080	-1015.99020926866	41.2094140090913	13.2399715209238	-64.6596879596577	4233.09394603792	230.331989875466	0.241574591217777	2.19165774263714	0.000213345089257849
8090	-1016.06187968955	42.623475593152	13.821726165862	-54.9083180465281	4394.59665176721	235.844072661882	0.246146051835811	1.9777433586959	0.000217810096356408
8100	-1017.68831330646	41.4964336755867	12.6683643863402	-72.3954045902986	4460.34089394822	285.852966576177	0.252628191081118	1.9777433586959	0.000197059588619785
8110	-1015.63010253638	41.4964336755867	11.5278825270127	-72.3954045902986	4428.43546521341	221.02283531224	0.287141352712406	2.31209156543968	0.000192196808087444
8120	-1016.49165711812	41.4964336755867	11.5278825270127	-74.5094731752539	4664.03976483542	235.553611382641	0.287141352712406	2.31209156543968	0.000192196808087444
8130	-1015.78300826084	38.7587576942599	10.9717512329846	-72.9077748936259	4241.51058213643	241.494518112809	0.27184750882198	2.14603065291361	0.000192196808087444
8140	-1015.97028654811	38.0676273284353	10.9431746836876	-72.9077748936259	4241.51058213643	241.494518112809	0.27184750882198	2.14603065291361	0.000192196808087444
8150	-1016.76457266975	36.1331504723653	11.0763970101623	-72.9077748936259	4241.51058213643	241.494518112809	0.299226946504429	2.32205042257779	0.000188571054522054
8160	-1018.15261534909	36.1331504723653	11.0763970101623	-67.7267188205266	5153.96297299186	237.22229737881	0.277616712089526	2.23587517025149	0.000186891423447658
8170	-1018.23345298902	34.8620680525075	11.7268419792058	-62.3650962844323	5153.96297299186	237.22229737881	0.313653021222713	2.2741590426578	0.000180973685404291
8180	-1018.56514728101	34.8620680525075	11.7268419792058	-62.3650962844323	5049.72488014488	214.674036569138	0.313653021222713	2.02858860509115	0.000180973685404291
8190	-1016.27450610437	39.4157661016054	11.7268419792058	-77.6604373776938	4168.24102996844	206.82133446531	0.313653021222713	2.02858860509115	0.000180973685404291
8200	-1016.06636586133	39.4157661016054	11.7268419792058	-75.4998887936792	3944.29407789805	216.181528667315	0.313653021222713	1.89895188639777	0.000183733977994751
8210	-1016.93759276713	44.5712442328802	12.4985240454842	-73.1537574395694	4094.75357222374	195.026065154502	0.33355941327961	2.71426331164515	0.00018460867893861
8220	-1019.4199438585	44.5712442328802	12.4985240454842	-73.1537574395694	4253.60952679889	255.522652635414	0.31953430128502	3.11436407082374	0.00017671932624139
8230	-1020.03469882609	41.4407781128401	13.701490142807	-73.8208060559841	4227.83277903593	271.896484728696	0.331894312502281	2.89412416675192	0.000186198987167154
8240	-1016.19005923194	41.4407781128401	13.5124802018531	-69.8597716084158	4227.83277903593	224.973463633744	0.326829203763044	2.16741931951864	0.000178049231682904
8250	-1016.85123258402	41.4407781128401	13.4244222330256	-83.4286025289867	3785.93085723168	224.973463633744	0.326829203763044	2.16741931951864	0.000178049231682904
8260	-1018.62247774858	39.7845388214658	15.4318285252061	-86.8696818783672	3664.90991475096	199.342802619047	0.326829203763044	1.82017719634868	0.000162608845538723
8270	-1020.34007283129	39.1219294999743	14.3957307047045	-90.317830992897	3664.90991475096	141.003809122915	0.267981119864065	1.59604297173487	0.0001713733770022
8280	-1021.78127008242	56.3429718865786	14.3957307047045	-93.2866671976477	4146.09205504866	179.919912677294	0.267981119864065	1.9794937046994	0.000173781225419228
8290	-1019.66877670961	36.5643948184598	14.5943889953791	-97.9716555048371	4128.41040395153	203.791733000915	0.287492939057904	2.38195580725725	0.000173781225419228
8300	-1018.5271656833	38.3869820656439	14.7485628567508	-88.5017742975016	4441.3126671301	203.791733000915	0.287492939057904	2.38195580725725	0.000173781225419228
8310	-1021.40148804385	44.5907750011092	17.2562277469095	-88.4162164154127	4482.92118274318	181.15020641694	0.287492939057904	2.47646643337881	0.000172209491672796
8320	-1019.98930989762	45.6642421087945	16.5864789683328	-83.8498793532142	4482.92118274318	181.15020641694	0.27276179601925	2.02099933013995	0.000181825735983194
8330	-1023.62052623103	46.073820664351	18.8356341807059	-83.3547050486051	4482.92118274318	148.179003815052	0.30819903215394	2.39983660303713	0.000181825735983194
8340	-1024.37762616039	47.7686336539192	18.1879955918018	-81.0609684752653	3315.53188258406	176.006700437794	0.359721545130483	2.3260887399085	0.000172132100978504
8350	-1019.72525463522	45.8976195210227	16.1901879599023	-81.0609684752653	3315.53188258406	176.006700437794	0.307935260765067	2.18489393784106	0.000193176303766174
8360	-1019.47230733023	45.8976195210227	16.1901879599023	-79.7581234713956	3320.58121338846	162.636201086458	0.307935260765067	2.17418711041682	0.000193176303766174
8370	-1020.01039338147	45.8976195210227	17.2063204554988	-64.7245544757238	4109.58811601849	162.636201086458	0.307935260765067	1.83246365268202	0.000190367192441637
8380	-1018.14286254532	47.8839017392697	13.3899282715842	-60.2049190293762	4109.58811601849	178.557360036648	0.307935260765067	1.89216838334348	0.000190367192441637
8390	-1017.74631992441	47.8839017392697	13.3899282715842	-60.2049190293762	4169.19757856003	187.446126215616	0.328997527681592	2.11901365335949	0.000195649573087523
8400	-1017.57431091569	48.0242954817658	13.2868868114297	-64.9715667272063	4356.0797218594	187.446126215616	0.321083068072904	2.4989177808216	0.000195649573087523
8410	-1019.65814346284	38.5930002271955	16.4063767827784	-54.745904220202	4732.28604821511	182.87195059474	0.405785951706013	2.26020028551716	0.000172372018301883
8420	-1020.22565002297	35.7859041859702	16.3650355898819	-49.7442348321794	4768.18573730535	174.636681913347	0.405785951706013	2.13609419429531	0.000172372018301883
8430	-1024.00796691291	39.4822915707951	16.3650355898819	-41.0699536782039	5182.54488273871	157.30674672041	0.405785951706013	1.69881744626469	0.000172372018301883
8440	-1020.61961426965	34.2907670793316	16.3650355898819	-54.6844079919304	4461.83337939333	200.354543259148	0.405785951706013	2.01628155518731	0.000172372018301883
8450	-1018.87652703141	35.3374919698066	13.2756614458293	-54.3989511488475	4461.83337939333	220.049859814012	0.406570040652318	2.01628155518731	0.000173873975533762
8460	-1022.95177199178	41.8891557900218	13.2756614458293	-54.3989511488475	5106.51211482845	261.175769727292	0.406570040652318	2.01628155518731	0.000173873975533762
8470	-1017.10622581372	44.8497754356695	13.0984084936559	-53.273418287665	3781.6950545192	219.918895437208	0.348575019717895	2.52677669527454	0.000194627408630307
8480	-1020.35904847294	44.8497754356695	15.6388672881108	-39.6589582361514	4450.0057763043	219.918895437208	0.348575019717895	2.52677669527454	0.000194627408630307
8490	-1019.51318501439	44.8497754356695	15.6388672881108	-41.9867440748701	4450.0057763043	167.093521887235	0.352848488090553	2.35231225926318	0.000194627408630307
8500	-1018.07588075054	40.8585319644042	12.5519658539843	-64.6204882310963	4827.73715521195	226.164086978202	0.370146781468541	2.81957893922582	0.000185718313754034
8510	-1018.19110150655	45.1158238873717	11.7521381032364	-64.6204882310963	4827.73715521195	226.164086978202	0.339533411182554	3.34218022024429	0.000185718313754034
8520	-1018.34380604613	45.1158238873717	12.4384857390609	-59.991380371245	4988.9053730431	226.164086978202	0.339533411182554	3.34218022024429	0.000185718313754034
8530	-1019.66300707573	45.1158238873717	12.4384857390609	-59.991380371245	5471.812829261	266.754779008989	0.341556589390067	3.34218022024429	0.000185718313754034
8540	-1022.16998273166	45.1158238873717	12.4384857390609	-55.0304274085226	6409.28274493955	257.222718623937	0.341556589390067	3.27176065941369	0.000171629621937961
8550	-1021.71322230989	43.312778859167	12.4384857390609	-55.0304274085226	6409.28274493955	257.222718623937	0.341556589390067	2.64436431882166	0.000173894296503621
8560	-1020.63064722742	43.312778859167	13.6679096107938	-55.0304274085226	5690.89563597513	257.222718623937	0.364179590222669	2.51277413259618	0.000173894296503621
8570	-1019.70585847855	44.7231806297174	13.6679096107938	-62.3926178360442	6018.98685887254	217.252691206473	0.293760631704395	2.51277413259618	0.000173894296503621
8580	-1023.10163611899	44.7231806297174	13.6679096107938	-62.3926178360442	6018.98685887254	197.90198660238	0.353379893931631	3.13384996264747	0.000189885739399377
8590	-1020.04672732853	50.1380364591407	12.8153373432787	-51.1182147503394	5007.9066161579	240.80342472295	0.334277633018909	2.59689151010281	0.000182488004585821
8600	-1019.09340226801	38.2112893299731	14.046580053129	-53.4878248963471	5365.99826312359	231.636365844322	0.34036640062583	3.00219914422018	0.000187749390015119
8610	-1021.86017084305	38.2112893299731	12.6786598834397	-60.2522941513582	5861.11871165634	231.636365844322	0.353513225176552	3.26892212930686	0.000187749390015119
8620	-1017.74748943267	40.4897982774321	13.631366952233	-61.8285301703688	5415.98605909037	231.636365844322	0.281677116581689	2.05339676417753	0.000179701625460038
8630	-1017.64963182959	39.2834314335261	12.781816232111	-68.9223257180125	5233.43129632032	231.636365844322	0.301888706786991	2.4196390264927	0.000170847058658215
8640	-1018.17565879724	39.2834314335261	12.781816232111	-68.9223257180125	5276.76418265923	269.548154278723	0.301888706786991	2.4196390264927	0.000170847058658215
8650	-1018.45414727661	45.4290435247922	11.9296296968406	-80.9581557381731	4742.38765932442	283.249425120846	0.29966874877541	2.45943907100564	0.000170847058658215
8660	-1019.95478406173	37.093299903187	10.0726318829798	-81.7678312575483	4742.38765932442	283.249425120846	0.29966874877541	2.25869347802457	0.000170847058658215
8670	-1021.27510407907	37.093299903187	10.4055659779564	-70.3249065736622	5121.12478072637	240.942402907115	0.274136955199423	1.72651564414253	0.000170847058658215
8680	-1022.7194083596	37.093299903187	10.4055659779564	-70.3249065736622	4379.17604965704	247.121888053885	0.262698907471864	1.72651564414253	0.000170847058658215
8690	-1020.36003795282	37.720627467075	11.2317218085251	-73.7198012260425	4894.20380733205	287.153737514051	0.206839718680687	2.09425728808397	0.000210902528500507
8700	-1022.2646909821	45.1025900768567	9.72790016692453	-73.7198012260425	4894.20380733205	287.153737514051	0.187005064351311	2.09425728808397	0.000197825054189144
8710	-1019.92534451163	45.1025900768567	9.85172830856323	-72.5710347572417	4894.20380733205	287.153737514051	0.187005064351311	2.09425728808397	0.000218014006833552
8720	-1019.00363576054	45.1025900768567	10.186327982816	-64.2413339022441	5092.30672371581	285.656432917478	0.194450309378054	2.04394373544064	0.000218014006833552
8730	-1019.27658783229	42.2326274641757	11.315715733107	-72.8770885798076	4160.87539306678	237.463550181305	0.194450309378054	2.33633299603377	0.000230583266895414
8740	-1018.33964822841	42.2326274641757	11.8450195200183	-68.9131334494814	4160.87539306678	204.914830403124	0.212237782732047	2.33633299603377	0.000230583266895414
8750	-1019.84894535957	42.2326274641757	11.8450195200183	-74.6406011515865	4161.06370525955	192.477331668238	0.212237782732047	2.33633299603377	0.000230583266895414
8760	-1018.96763297582	42.2326274641757	11.8450195200183	-74.6406011515865	4161.06370525955	192.477331668238	0.212237782732047	2.17105564119563	0.000225312372284485
8770	-1018.60225125429	44.1366379710142	12.1218752863966	-74.6406011515865	4161.06370525955	192.477331668238	0.229068720539105	2.3789951268391	0.000225312372284485
8780	-1018.51414101375	41.0717295462091	12.1916594191027	-73.5701399799746	4161.06370525955	189.826851112313	0.229068720539105	2.3789951268391	0.000218465851758828
8790	-1017.91310240541	41.0717295462091	12.1916594191027	-68.6296814124851	4158.38286718303	189.826851112313	0.325421611429263	2.57333475061201	0.000206886237595945
8800	-1018.06969937687	44.6682425022757	11.5494613233963	-65.6471242504738	4158.38286718303	179.531230596725	0.325421611429263	2.47325777808701	0.00020063942327835
8810	-1017.92228007572	44.6682425022757	11.5494613233963	-65.6471242504738	4350.45459301896	179.531230596725	0.303921188089464	2.47325777808701	0.00020063942327835
8820	-1018.11391516964	44.6682425022757	11.5494613233963	-65.6471242504738	4673.05721843315	188.031175403684	0.301121615815962	2.82496275121429	0.00020063942327835
8830	-1017.32579128813	44.341887961191	14.7404183032405	-62.1214123871698	4227.44345841671	187.44250389099	0.301121615815962	2.65862931401311	0.00020063942327835
8840	-1017.65744441357	44.341887961191	14.7544191053778	-58.4953998494281	4075.19742623968	208.1298727934	0.301121615815962	2.65862931401311	0.00020063942327835
8850	-1018.08789449842	51.3377944016197	13.7233955846443	-51.4414055998891	4359.14177735047	222.294097430069	0.301121615815962	2.65862931401311	0.000214401248835007
8860	-1018.50853498725	51.3377944016197	13.7233955846443	-51.4414055998891	4359.14177735047	222.294097430069	0.301121615815962	2.31638598859351	0.000214401248835007
8870	-1018.90274437901	42.1800568607141	11.4817258271116	-51.8977835792664	4803.39756817123	224.895830998846	0.301121615815962	2.51798636047814	0.000188131220742572
8880	-1016.2744749652	42.0442897028501	11.4817258271116	-51.8977835792664	4803.39756817123	247.387439354338	0.290095465544627	2.45040306041135	0.000197653047351922
8890	-1017.75150553202	43.257293241483	11.5104398559307	-59.8292746399471	4586.11157794734	265.216258136348	0.346350610906724	2.45040306041135	0.000181197797222134
8900	-1017.69011649748	40.6941467315379	11.2227501774391	-59.8292746399471	4586.11157794734	274.785563382621	0.337793079063589	2.39101280588648	0.000181197797222134
8910	-1017.57718182548	41.4769097440049	11.2227501774391	-65.5356558814181	4070.04793792985	270.350476391851	0.328636791278393	2.39101280588648	0.000181197797222134
8920	-1017.43462841721	41.4769097440049	11.15091978397	-71.1047110214355	4268.21970611044	270.350476391851	0.328636791278393	2.39101280588648	0.000181197797222134
8930	-1017.82816768026	41.4769097440049	11.15091978397	-71.1047110214355	4268.21970611044	290.492377353693	0.293726487584663	2.39101280588648	0.000181197797222134
8940	-1017.06447391782	41.4769097440049	10.999406326081	-71.1047110214355	4998.11054955238	266.529348445855	0.290067770344564	2.35283475253575	0.000181197797222134
8950	-1017.18692040684	41.4769097440049	11.8529040013446	-71.1047110214355	4998.11054955238	266.529348445855	0.276008901610492	2.56012186424673	0.000181197797222134
8960	-1019.02040749051	41.4769097440049	11.4834217834043	-75.7321049009076	5561.94706421113	208.602221303714	0.276008901610492	2.20034822187994	0.000181197797222134
8970	-1019.08224150253	43.5420227998076	12.6011129864991	-74.9216135583747	5613.83977736859	282.082888093689	0.276008901610492	2.5018243981856	0.000179100552899757
8980	-1017.65677207806	43.5420227998076	12.6011129864991	-74.9216135583747	4908.83945199597	225.899237691903	0.275450687889322	2.71340509572658	0.000179100552899757
8990	-1016.35566379173	43.5420227998076	12.6011129864991	-79.0452733394819	4908.83945199597	225.899237691903	0.275450687889322	2.24202315278391	0.000179100552899757
9000	-1017.59078108512	43.5420227998076	11.9387527669473	-71.2554351854408	4908.83945199597	239.009556926286	0.325883834580704	2.8204909073073	0.000186313173811355
9010	-1017.34515476765	43.9569578699838	11.270298302257	-71.2554351854408	5109.3636488694	239.009556926286	0.300916137951736	2.8204909073073	0.000186313173811355
9020	-1017.65935984264	43.9569578699838	13.6678364239841	-68.7758237044669	4624.18394756622	239.009556926286	0.310756231923568	2.8204909073073	0.000186313173811355
9030	-1017.08909778145	43.9569578699838	13.6678364239841	-68.7758237044669	4359.52705223463	237.059840590933	0.308587609705683	2.62012643803742	0.000186313173811355
9040	-1016.66530294632	46.9920711849596	12.7319891470928	-68.7758237044669	3910.09815242997	207.684583346214	0.308587609705683	2.27032955388913	0.000186313173811355
9050	-1016.97462963324	46.9920711849596	13.5497854528264	-69.9028665106821	3910.09815242997	190.97885638449	0.310297409411163	2.21968029933036	0.000186313173811355
9060	-1017.2956164803	46.9920711849596	13.5497854528264	-73.8212670821685	4172.69161243771	206.025206287304	0.305363881365457	2.30989388283155	0.000177627899119961
9070	-1018.42152057284	46.9920711849596	13.5497854528264	-77.798715721374	4254.04041744851	171.595981166856	0.319046963680606	2.05919856097172	0.000177627899119961
9080	-1017.00271153452	41.826553720281	14.7143120504204	-81.6623133951502	4044.65041123319	181.583299357487	0.299093368795433	1.75921019639292	0.000177627899119961
9090	-1017.89787423499	41.4294085516779	15.8682907946205	-70.3240465230683	4417.71153337594	181.583299357487	0.299093368795433	1.75921019639292	0.000177627899119961
9100	-1017.75519044057	41.4294085516779	15.8682907946205	-70.3240465230683	4155.64373087603	202.675316557785	0.265888952027624	1.81145834179422	0.000194393098227754
9110	-1016.22585477281	41.4294085516779	14.0745600634439	-67.6628070202808	4490.76370084604	202.675316557785	0.265888952027624	1.81145834179422	0.000194393098227754
9120	-1017.04748024864	41.4294085516779	14.0745600634439	-67.6628070202808	4090.54634524828	182.478096499661	0.272094597553296	1.51061587549816	0.000186043177069898
9130	-1018.8433293022	37.9471602391097	13.1132164163133	-66.9562918689771	3717.968779596	172.750146778285	0.342684845344231	1.44976041804704	0.000181213643204128
9140	-1021.94423402505	37.9991526620477	18.4939810109457	-65.9847271008424	4090.71368072283	164.047576572517	0.342684845344231	1.44976041804704	0.00017578458468078
9150	-1021.40836186287	36.2334000897296	18.4939810109457	-65.9847271008424	3816.48366905179	164.047576572517	0.339379251773484	1.58670841554368	0.000175582299222668
9160	-1021.75004163962	36.2334000897296	18.4939810109457	-69.0019794950606	3796.8526054096	174.895999177096	0.314096032002053	1.55065118833358	0.000175387962534392
9170	-1018.45290941633	36.2334000897296	14.3438356656525	-69.993349415145	4321.77672876907	163.332463847046	0.314096032002053	1.55065118833358	0.000175387962534392
9180	-1018.43597120112	36.2334000897296	14.3438356656525	-63.5794114187591	4321.77672876907	163.332463847046	0.314096032002053	1.80423276066966	0.000198957181832819
9190	-1017.42843335812	41.7597469423284	14.6099254820717	-57.380513186601	3987.90239632295	148.553682457848	0.314096032002053	1.80423276066966	0.000198957181832819
9200	-1018.90917808498	41.7597469423284	17.576439290481	-57.380513186601	3524.66701248942	145.078119612059	0.308062137767904	1.80423276066966	0.000213393621649434
9210	-1017.50269792963	41.7597469423284	14.9794215459509	-62.3054748903507	3684.21675218052	145.078119612059	0.283170958151507	1.80423276066966	0.000215327656313462
9220	-1017.88356243877	41.7597469423284	14.9794215459509	-62.3054748903507	3955.52733148639	165.347142493743	0.302958013075886	2.3175364876554	0.000218503747190364
9230	-1019.49622216398	41.7597469423284	12.397315817213	-61.7858787372154	3858.33923441249	165.347142493743	0.336503254761397	2.25018851448918	0.000218503747190364
9240	-1015.92566550495	39.3737763286817	12.397315817213	-61.7858787372154	3858.33923441249	193.406777834543	0.302400297667454	2.25018851448918	0.000218503747190364
9250	-1017.94184462925	39.3737763286817	10.7835599423475	-75.1673855958847	4198.05130240261	233.277243204984	0.302400297667454	2.25018851448918	0.000197711736082672
9260	-1014.99560929591	40.8935675096981	12.1583035120741	-67.9664687515147	4198.05130240261	233.277243204984	0.288192453553734	2.07443797437463	0.000188879326543489
9270	-1015.54018512825	36.6882073681738	12.885884905858	-71.9046900831649	4072.55502831675	215.016613981383	0.288192453553734	2.07443797437463	0.000191241062880928
9280	-1018.85234165912	37.7512786305918	13.2213776182076	-71.5965032055498	3669.84840149097	257.024312701699	0.349595217818819	1.945300821007	0.000186713983151531
9290	-1017.495336103	39.8567579822099	11.0518895720842	-71.5965032055498	3669.84840149097	257.024312701699	0.33703062739008	2.31326631928951	0.000186713983151531
9300	-1017.20372086467	37.5214846367816	11.0518895720842	-71.5965032055498	3669.84840149097	257.024312701699	0.314883956301007	2.02243535150998	0.000192683634154702
9310	-1016.46564770728	37.5214846367816	13.5092539164267	-60.3978340050097	3969.40592587487	243.593198287954	0.302533251530664	1.65142673223512	0.000189421944834503
9320	-1016.16888347037	39.3621956592468	13.5092539164267	-56.9417965204006	4052.79966329901	215.294758531594	0.302533251530664	1.65142673223512	0.000189421944834503
9330	-1015.84400092886	35.679237477525	13.1406235168578	-56.9417965204006	4052.79966329901	215.294758531594	0.302533251530664	1.65142673223512	0.000202436812238663
9340	-1017.30470695437	34.0179863991771	13.1406235168578	-56.9417965204006	4052.79966329901	168.642459505748	0.306745328730524	1.83184795876066	0.000202436812238663
9350	-1016.65693042281	39.8788940061632	14.140150957379	-56.9417965204006	4052.79966329901	168.642459505748	0.281918162114479	2.01278106408435	0.000202436812238663
9360	-1017.18397104815	44.9139310862316	14.5643380387978	-61.7818507852613	4448.48860843414	175.119053495937	0.28346076398654	2.06205457712928	0.00020263462563457
9370	-1020.81224158193	44.9139310862316	14.1163735637144	-59.0076917428855	4609.86884869551	266.071495499455	0.307675683186187	2.06205457712928	0.000203475142095473
9380	-1018.42959231493	44.9139310862316	14.1163735637144	-53.0779623068242	4609.86884869551	266.071495499455	0.307675683186187	2.53429745556968	0.000204838705228378
9390	-1017.97261999397	44.9139310862316	12.6236556803136	-50.6549296783487	4218.08804130103	266.071495499455	0.307675683186187	2.65017365591502	0.00019672222292739
9400	-1016.50665783127	44.9139310862316	12.6236556803136	-50.6549296783487	4109.58025461646	225.687270498033	0.353139180406904	2.65017365591502	0.00019672222292739
9410	-1021.24596316199	45.2378717211674	13.7886830427089	-50.3612693509706	4162.04391026441	231.68478920039	0.430816853798926	2.31044154397118	0.000174371116072159
9420	-1020.48854122738	45.2378717211674	13.8372572913669	-44.0469137039991	4310.63966498413	177.415636906053	0.404121971330331	1.95143056936035	0.000188082645753638
9430	-1020.00077468858	45.2681282346336	15.8306532345343	-48.045789827931	4114.35196716618	181.302403060889	0.396396448996364	2.10259185992653	0.000185411902156691
9440	-1019.81560447088	38.5096036636645	14.671714671003	-48.6777801535962	3719.189290058	206.303481836215	0.475851257234906	2.78720146637769	0.000191417185544969
9450	-1019.69882171557	39.9769805705037	14.5005272031274	-53.8592439022095	3884.30394110893	206.303481836215	0.445168772032197	2.51630912946703	0.000177103785243378
9460	-1019.94235410836	33.9641688563471	13.0000453748863	-53.8592439022095	3884.30394110893	206.303481836215	0.455389417739439	2.51382264406269	0.000181762850894152
9470	-1021.74833203828	33.9641688563471	13.0000453748863	-48.3259203393214	3838.13097617712	232.117012828291	0.431919032383841	2.54277105181969	0.000181762850894152
9480	-1021.03636560513	33.9641688563471	13.0000453748863	-50.2079175542477	3838.13097617712	232.117012828291	0.450888772072807	2.54277105181969	0.000181762850894152
9490	-1019.30965477768	37.1383808059674	13.0000453748863	-56.0981672754118	3819.27393094112	232.117012828291	0.437906271164202	2.22395330662712	0.000183456408543
9500	-1019.2616772176	37.1383808059674	13.0000453748863	-56.0981672754118	3869.83621337271	232.117012828291	0.437906271164202	2.24055981817742	0.000183456408543
9510	-1026.0742512565	31.6840994602595	15.5791888384293	-59.2811990049648	5012.49390404153	232.117012828291	0.398541031829411	2.58025526502833	0.000183456408543
9520	-1022.52439619559	31.6840994602595	15.436010714025	-46.4419424697215	5087.24093323291	232.117012828291	0.398541031829411	2.58025526502833	0.000183456408543
9530	-1019.4527299639	36.9085858064404	13.9618854312907	-44.5561468634223	5028.51570365248	232.117012828291	0.398541031829411	2.5700443661738	0.000197348948459524
9540	-1016.8990930901	38.6034904691954	13.9618854312907	-44.5561468634223	4273.37222370059	232.117012828291	0.398541031829411	2.5700443661738	0.000197348948459524
9550	-1017.56954645779	38.6034904691954	13.7653933912745	-50.1500472309094	4306.95761352962	222.15823908465	0.398541031829411	3.11085457941761	0.000197348948459524
9560	-1019.54063411911	38.6034904691954	13.7653933912745	-50.1500472309094	4306.95761352962	190.939931493486	0.478583062123325	2.7019350182143	0.000188042486153785
9570	-1016.99151540028	42.2965196216301	12.9687647686422	-50.1500472309094	4388.93343039433	195.779842466827	0.398548351256815	2.92564141347695	0.000194299282010213
9580	-1017.94513599801	42.2965196216301	12.9687647686422	-52.7478639517459	5081.97615751174	232.072323420106	0.368622092377924	3.19553259951959	0.000191852101176476
9590	-1017.49058592492	40.2454430365598	12.9687647686422	-53.0623707548303	4525.79843374596	232.072323420106	0.368622092377924	3.19553259951959	0.000191852101176476
9600	-1019.98051440379	45.2574416592928	11.4125381063003	-55.6647033507969	3434.17655505634	260.622209283897	0.368622092377924	2.93859830689081	0.000195624079133998
9610	-1017.67987620791	45.2574416592928	13.1275138642368	-58.5277490277626	3828.97218942539	216.663468764124	0.313629681070544	3.06339942718381	0.00020476320802347
9620	-1015.62281659283	45.2574416592928	13.1275138642368	-44.0098103494608	4260.35900492225	203.637380689748	0.312524878158213	2.67888566300581	0.000218705741462563
9630	-1017.52150780941	41.6325425294785	13.1275138642368	-42.3527611831982	4985.92832568649	182.627429638135	0.305754481604822	2.71332755851188	0.000224887903596317
9640	-1015.7260009457	44.7904597023356	13.1275138642368	-42.3527611831982	4545.72703160979	200.959528317646	0.305754481604822	2.71332755851188	0.000224887903596317
9650	-1017.21917885131	44.7904597023356	13.1275138642368	-42.1322808641303	4378.02228937263	228.168222238457	0.368347144642976	2.45161356266731	0.000198657863220163
9660	-1016.78312729991	44.3928457477803	13.1275138642368	-42.1322808641303	4378.02228937263	228.168222238457	0.368347144642976	2.62647226165987	0.000218694225498186
9670	-1017.20268483156	44.3928457477803	11.8550785587031	-36.3415152422067	4734.43581995808	228.168222238457	0.368347144642976	2.62647226165987	0.000218694225498186
9680	-1017.91320213108	36.4861270473051	11.8550785587031	-36.3415152422067	4734.43581995808	194.650476194619	0.366831322724054	2.45853380543575	0.000218694225498186
9690	-1016.38867046315	36.8668265641743	11.8550785587031	-34.9395637678368	4170.88552508072	193.480224852885	0.326926650123535	2.17810642307672	0.000251693381557059
9700	-1016.52014538584	36.8668265641743	11.8550785587031	-34.9395637678368	3907.03101086165	193.480224852885	0.326926650123535	2.94714834074801	0.000271080300331298
9710	-1016.28513330723	36.8668265641743	11.3350158659257	-30.4985170506695	3671.22578315907	183.265115872216	0.326926650123535	2.94714834074801	0.000272701549824664
9720	-1017.21558711264	38.2709158355161	11.0100452835079	-34.1206358214835	2954.54533754948	213.671164657169	0.331134068045771	2.94714834074801	0.000272701549824664
9730	-1017.73320237347	45.0400938005432	14.6820355610461	-12.8944658327872	2808.29676490005	234.69473545942	0.324363963018379	3.49535301714477	0.000379778891053017
9740	-1014.53128195695	41.1173111318825	11.1568793555348	-13.9115002960954	2808.29676490005	234.69473545942	0.324363963018379	3.49535301714477	0.000373693658316079
9750	-1016.0681051481	41.1173111318825	11.1567237057349	-8.69676509857637	3051.43955118858	272.728509033875	0.315433872900446	3.49535301714477	0.000373693658316079
9760	-1013.61825430106	41.1173111318825	11.1567237057349	-8.69676509857637	3545.13697386664	269.391562529884	0.316442644265224	3.49535301714477	0.000373693658316079
9770	-1013.70183442202	41.6701520243798	11.1567237057349	-8.69676509857637	3254.79712908361	269.391562529884	0.306503581683671	2.90636743913302	0.000368798949203254
9780	-1012.59105930972	41.6701520243798	11.2090315301124	-8.69676509857637	3254.79712908361	269.391562529884	0.306503581683671	2.85129985663011	0.00038744229170025
9790	-1012.69073878612	41.6701520243798	10.6547143926959	-8.69676509857637	3254.79712908361	269.391562529884	0.306503581683671	2.93987723175958	0.000394458860405257
9800	-1013.10310658819	41.6701520243798	11.6114758316901	-6.99234190805049	3254.79712908361	269.391562529884	0.306503581683671	2.93987723175958	0.000394458860405257
9810	-1012.89398817886	46.4740459479378	11.6114758316901	-6.99234190805049	3004.85539022367	255.52895178858	0.358300986772314	3.13736858948704	0.000403264675286761
9820	-1011.7220758358	40.0251504500367	12.0956839045437	-6.99234190805049	3004.85539022367	255.52895178858	0.358300986772314	3.13736858948704	0.000403264675286761
9830	-1011.91484091255	42.2986971470614	12.0956839045437	-6.99234190805049	2937.92052413076	254.729376466929	0.358300986772314	3.13736858948704	0.000403264675286761
9840	-1013.45843418653	47.5551897010956	11.9443427770799	-6.99234190805049	2914.481948024	251.577136841466	0.336483358451675	2.78094655225894	0.000403264675286761
9850	-1014.38921948443	47.2976885762611	11.9443427770799	-10.3139023378208	2914.481948024	251.577136841466	0.336483358451675	3.65125665527576	0.000405959127154125
9860	-1014.45506813558	47.2976885762611	10.8959862859396	-9.5939165046598	2712.8527928096	212.485535045795	0.349730618441125	3.65125665527576	0.000417634584175347
9870	-1017.45607134477	47.2976885762611	10.8959862859396	-9.5939165046598	2712.8527928096	212.485535045795	0.279833727874597	3.66728315560287	0.000433093840437679
9880	-1016.49640423437	47.2976885762611	12.2219221939076	-13.0804789386123	2979.68163859343	196.463259431345	0.270387490100487	3.33378049413277	0.0004293081700535
9890	-1018.0794840721	47.2976885762611	12.2219221939076	-13.0804789386123	2477.54177939858	229.910367369317	0.252077760044087	2.98225935642009	0.0004293081700535
9900	-1021.44887230044	47.2976885762611	12.2219221939076	-11.9432951983525	2431.40994048724	252.463726052894	0.225033247515318	2.37809290462094	0.00050444530214017
9910	-1018.36530276689	47.2976885762611	11.5032940068676	-8.22592044492268	2539.24849971139	252.463726052894	0.225033247515318	2.34327946922517	0.00050444530214017
9920	-1018.09351682721	48.8678148038731	11.1799965250761	-4.79581339234349	2539.24849971139	227.06970028872	0.251119821742804	2.52758358494694	0.000532887116603281
9930	-1019.03542886379	48.8678148038731	12.0709746129512	-6.75041481242024	2539.24849971139	227.06970028872	0.244475535302457	2.37743519396228	0.00044432524139964
9940	-1018.34556488704	39.0116135322528	12.1663844465536	-8.01150652372817	2325.61615270932	183.134994312731	0.262047199287204	2.1433695498235	0.00048108273955469
9950	-1014.31136394765	40.9743846918647	10.7744512107598	-1.64137248408412	2795.66303228248	245.28701414137	0.310943724389943	2.67077163603862	0.00048108273955469
9960	-1013.86696641371	40.9743846918647	10.7744512107598	-1.64137248408412	2795.66303228248	245.28701414137	0.310943724389943	2.87336623487766	0.000503147101476388
9970	-1015.83236235768	46.1901121587779	10.8053312197133	-12.462252017861	2736.09647938324	187.613716700531	0.351370539231148	3.05390260947101	0.000393292539958833
9980	-1015.14359261185	46.1901121587779	10.8053312197133	-12.462252017861	2736.09647938324	198.022256633358	0.314246451900588	3.00705179454585	0.000398562508013933
9990	-1014.62270383278	48.3645447065474	12.2628725038445	-10.7904188992079	2736.09647938324	198.022256633358	0.355852972896187	3.56734768694127	0.000383583039087316
10000	-1014.54572435591	48.3645447065474	12.8681621687892	-10.7904188992079	3024.05107195632	237.519881000132	0.355852972896187	3.56734768694127	0.000383583039087316