iteration	likelihood	noise_sigma_SSL_surf_IFN1_data0	noise_sigma_SSL_surf_none_data0	upfactor	s1	s2	sf
2000	-2801.95978601303	999.797978186156	997.813698961935	398.851007787889	0.101280010807304	0.457186926332574	0.0010001495929719
2010	-2800.98701925426	999.797978186156	997.813698961935	400.993621580151	0.101280010807304	0.457186926332574	0.0010001495929719
2020	-2800.98701925426	999.797978186156	997.813698961935	400.993621580151	0.101280010807304	0.457186926332574	0.0010001495929719
2030	-2800.98701925426	999.797978186156	997.813698961935	400.993621580151	0.101280010807304	0.457186926332574	0.0010001495929719
2040	-2801.11694602671	999.797978186156	997.813698961935	399.8711540136	0.101280010807304	0.457186926332574	0.0010001495929719
2050	-2802.25579228433	999.797978186156	997.942858331009	391.73017140136	0.102496725069178	0.452358708161718	0.0010001495929719
2060	-2803.97284970739	999.797978186156	995.589787365284	391.73017140136	0.102662471852414	0.451180862497876	0.0010001495929719
2070	-2804.11372746628	999.915417497431	995.589787365284	396.291542758477	0.102662471852414	0.453617366674296	0.0010001495929719
2080	-2802.93891014447	999.915417497431	995.589787365284	395.027495075279	0.10264146152233	0.455796392692801	0.0010001495929719
2090	-2800.38780192343	999.915417497431	997.691010621233	394.764935108469	0.10264146152233	0.454948492339901	0.0010001495929719
2100	-2800.38780192343	999.915417497431	997.691010621233	394.764935108469	0.10264146152233	0.454948492339901	0.0010001495929719
2110	-2800.24973818624	999.915417497431	997.691010621233	394.764935108469	0.102960074111257	0.454948492339901	0.0010001495929719
2120	-2800.24973818624	999.915417497431	997.691010621233	394.764935108469	0.102960074111257	0.454948492339901	0.0010001495929719
2130	-2798.50184904853	999.915417497431	999.273101260874	394.764935108469	0.102960074111257	0.454948492339901	0.0010001495929719
2140	-2798.55262282905	999.915417497431	999.273101260874	394.764935108469	0.102960074111257	0.451129515129504	0.0010001495929719
2150	-2798.55262282905	999.915417497431	999.273101260874	394.764935108469	0.102960074111257	0.451129515129504	0.0010001495929719
2160	-2798.77042574822	999.915417497431	999.273101260874	394.764935108469	0.102614332812571	0.452370188025781	0.0010001495929719
2170	-2799.40306590548	999.915417497431	999.273101260874	396.629752479763	0.102614332812571	0.452370188025781	0.0010001495929719
2180	-2802.41671164594	999.289635090292	999.273101260874	395.122398760432	0.103450342923752	0.452252288352121	0.00100042269594088
2190	-2799.42709653418	999.289635090292	999.273101260874	395.286463912211	0.103875689809093	0.453902506743597	0.00100042269594088
2200	-2799.42709653418	999.289635090292	999.273101260874	395.286463912211	0.103875689809093	0.453902506743597	0.00100042269594088
2210	-2799.42709653418	999.289635090292	999.273101260874	395.286463912211	0.103875689809093	0.453902506743597	0.00100042269594088
2220	-2802.07935369428	999.289635090292	999.273101260874	394.592343096663	0.103432691640838	0.454249016675203	0.00100042269594088
2230	-2800.75914674446	999.289635090292	999.273101260874	394.592343096663	0.104855141847866	0.459271512396767	0.00100042269594088
2240	-2801.65601165139	999.289635090292	999.273101260874	387.851297072707	0.103965301941341	0.459271512396767	0.00100042269594088
2250	-2800.17354294213	999.289635090292	999.273101260874	394.854150458339	0.103965301941341	0.459271512396767	0.00100042269594088
2260	-2803.31270206023	999.289635090292	999.273101260874	392.420595133335	0.100841878735224	0.461766176315003	0.00100042269594088
2270	-2800.79478581601	999.289635090292	999.273101260874	397.60674195032	0.10203218768366	0.461766176315003	0.00100042269594088
2280	-2802.05861916796	999.289635090292	999.273101260874	401.080678366083	0.10203218768366	0.461766176315003	0.00100042269594088
2290	-2799.94233945672	999.289635090292	999.273101260874	394.700080868857	0.10203218768366	0.461766176315003	0.00100042269594088
2300	-2799.70984819187	999.289635090292	999.273101260874	394.700080868857	0.10203218768366	0.464724548260489	0.00100042269594088
2310	-2799.70984819187	999.289635090292	999.273101260874	394.700080868857	0.10203218768366	0.464724548260489	0.00100042269594088
2320	-2801.3247777651	999.289635090292	999.273101260874	396.958157221246	0.103065234154612	0.452685326791378	0.00100042269594088
2330	-2801.00392247611	999.289635090292	999.273101260874	396.958157221246	0.101673244287505	0.456948457024643	0.00100042269594088
2340	-2801.86895118702	999.289635090292	999.273101260874	396.958157221246	0.10068234844214	0.456948457024643	0.00100042269594088
2350	-2802.32928885852	999.289635090292	999.273101260874	400.100347715713	0.100941971456724	0.460946170527231	0.00100042269594088
2360	-2799.91683272398	999.289635090292	999.539778151182	400.100347715713	0.100941971456724	0.468600675725134	0.00100042269594088
2370	-2801.99726543979	999.289635090292	999.539778151182	400.100347715713	0.100941971456724	0.463649347330868	0.00100042269594088
2380	-2801.08939957093	999.289635090292	999.028094474238	403.782896787519	0.101071962259251	0.466245524820524	0.00100042269594088
2390	-2801.4240523144	999.289635090292	999.028094474238	403.782896787519	0.101071962259251	0.465893648519383	0.00100084990142166
2400	-2801.19578530878	999.644378273922	999.028094474238	403.256063345352	0.101071962259251	0.458254174047802	0.00100070111112915
2410	-2803.1510725032	999.644378273922	999.287636377252	393.862359515347	0.0998071238886815	0.455753487974312	0.00100070111112915
2420	-2803.1510725032	999.644378273922	999.287636377252	393.862359515347	0.0998071238886815	0.455753487974312	0.00100070111112915
2430	-2802.00065473637	999.644378273922	999.287636377252	396.894792314263	0.101271154257507	0.455753487974312	0.00100060918187489
2440	-2802.2891791517	999.644378273922	999.874152613219	395.238150939058	0.0991499677613272	0.464263215875584	0.00100044379448519
2450	-2798.84122939689	999.644378273922	999.874152613219	395.238150939058	0.102428165898733	0.472160492597075	0.00100044379448519
2460	-2798.3688850486	999.644378273922	999.874152613219	395.238150939058	0.102428165898733	0.465808066368169	0.00100044379448519
2470	-2798.76012577549	999.644378273922	999.874152613219	395.238150939058	0.103012844449565	0.464601745590786	0.00100038732594386
2480	-2797.93814703108	999.644378273922	999.874152613219	395.238150939058	0.103031719469533	0.462895301792781	0.00100038732594386
2490	-2798.30483696379	999.644378273922	999.874152613219	395.238150939058	0.102773882789614	0.466492073539986	0.00100038732594386
2500	-2799.81555260339	999.644378273922	999.874152613219	395.238150939058	0.10253700311496	0.459481116038296	0.00100038732594386
2510	-2800.10227251042	999.644378273922	999.874152613219	395.238150939058	0.104998191682403	0.457576365077311	0.00100038732594386
2520	-2800.33692182251	999.644378273922	999.874152613219	395.238150939058	0.104998191682403	0.456240232848052	0.00100038732594386
2530	-2800.33692182251	999.644378273922	999.874152613219	395.238150939058	0.104998191682403	0.456240232848052	0.00100038732594386
2540	-2799.83738171882	999.644378273922	999.874152613219	392.583338099433	0.103687175514763	0.451513551506933	0.00100038732594386
2550	-2799.05371249581	999.644378273922	999.874152613219	396.724204021039	0.103194107564244	0.457912335845148	0.00100038732594386
2560	-2799.5971439327	999.575210184932	999.874152613219	393.632573186253	0.104431840030378	0.46063901169319	0.00100038732594386
2570	-2799.08356599178	999.575210184932	999.874152613219	390.459004640964	0.104431840030378	0.462937339195927	0.00100038732594386
2580	-2800.22931768936	999.575210184932	999.874152613219	389.849177549106	0.102621115950193	0.46072353834735	0.00100038732594386
2590	-2800.22931768936	999.575210184932	999.874152613219	389.849177549106	0.102621115950193	0.46072353834735	0.00100038732594386
2600	-2799.96705342401	999.575210184932	999.874152613219	392.667981404146	0.102418491170858	0.46072353834735	0.00100038732594386
2610	-2799.44930897079	999.575210184932	999.874152613219	392.667981404146	0.103351703123042	0.463849731486113	0.00100038732594386
2620	-2800.02319568655	999.670693743172	999.874152613219	392.266919937131	0.103351703123042	0.469396011179658	0.00100229387535559
2630	-2799.44424192385	999.670693743172	999.874152613219	393.276805384976	0.102642946997668	0.475767856112239	0.00100229387535559
2640	-2798.47935890514	999.670693743172	999.874152613219	393.276805384976	0.102642946997668	0.475767856112239	0.00100154283304611
2650	-2798.13894836197	999.670693743172	999.874152613219	393.276805384976	0.102642946997668	0.475767856112239	0.00100127574191663
2660	-2798.43466789558	999.670693743172	999.874152613219	393.276805384976	0.102642946997668	0.475767856112239	0.00100150783176601
2670	-2799.84642044511	999.670693743172	999.874152613219	393.276805384976	0.102642946997668	0.475767856112239	0.00100260434804587
2680	-2801.59312010598	999.670693743172	999.874152613219	393.276805384976	0.101154374320072	0.482323445148435	0.00100260434804587
2690	-2801.2045090917	999.670693743172	999.874152613219	396.133949734787	0.102930478091385	0.474735410015089	0.00100260434804587
2700	-2800.7404463939	999.670693743172	999.874152613219	396.133949734787	0.102930478091385	0.468293416737119	0.00100260434804587
2710	-2798.54392420878	999.670693743172	999.874152613219	396.133949734787	0.102879618573659	0.468293416737119	0.00100081484387937
2720	-2798.54392420878	999.670693743172	999.874152613219	396.133949734787	0.102879618573659	0.468293416737119	0.00100081484387937
2730	-2799.32545874902	999.670693743172	999.874152613219	396.133949734787	0.102879618573659	0.471021829603401	0.00100081484387937
2740	-2799.70199731121	999.670693743172	999.874152613219	396.594435882128	0.101624259751404	0.47140472641162	0.00100175264971804
2750	-2800.12764386099	999.670693743172	999.874152613219	396.594435882128	0.104355386287822	0.471931431935013	0.00100175264971804
2760	-2799.48824531972	999.670693743172	999.833288908344	392.025870464246	0.104355386287822	0.473302214710043	0.00100175264971804
2770	-2800.81403965717	999.670693743172	999.833288908344	392.025870464246	0.107068693897728	0.470173022801664	0.00100175264971804
2780	-2800.35797641467	999.670693743172	999.833288908344	385.997375418127	0.106470629512644	0.475389260670958	0.00100175264971804
2790	-2800.35797641467	999.670693743172	999.833288908344	385.997375418127	0.106470629512644	0.475389260670958	0.00100175264971804
2800	-2800.72416417562	999.670693743172	999.833288908344	385.997375418127	0.104911384967393	0.476122808469386	0.00100175264971804
2810	-2800.5701001603	999.670693743172	999.904702717536	384.656018539841	0.107202774986376	0.476122808469386	0.00100175264971804
2820	-2798.95586103961	999.670693743172	999.904702717536	388.949687498155	0.104942233281767	0.477999665836354	0.00100175264971804
2830	-2801.02619658063	999.670693743172	999.904702717536	386.987245858014	0.103980670271558	0.477999665836354	0.00100175264971804
2840	-2802.55189985236	999.438195895117	999.904702717536	391.857603893379	0.10249046627978	0.477728186718097	0.00100175264971804
2850	-2800.07289344663	999.438195895117	999.904702717536	391.770853364594	0.104732920493089	0.482057261781575	0.00100175264971804
2860	-2800.1149131418	999.438195895117	999.904702717536	396.509005436093	0.103431554867224	0.482417045029781	0.00100175264971804
2870	-2800.54200343336	999.438195895117	999.904702717536	396.509005436093	0.10380415985612	0.476677572912021	0.00100175264971804
2880	-2801.58541650725	999.438195895117	999.904702717536	391.257703042897	0.10380415985612	0.476677572912021	0.00100198661069877
2890	-2800.29803451732	999.438195895117	999.904702717536	391.006538536279	0.104943857927825	0.483528692585412	0.00100198661069877
2900	-2800.52855111923	999.438195895117	999.904702717536	392.110867958055	0.106364899195354	0.483528692585412	0.00100198661069877
2910	-2800.52855111923	999.438195895117	999.904702717536	392.110867958055	0.106364899195354	0.483528692585412	0.00100198661069877
2920	-2799.78052919354	999.438195895117	999.904702717536	390.696454942493	0.106275533630299	0.493775847485629	0.00100198661069877
2930	-2799.78052919354	999.438195895117	999.904702717536	390.696454942493	0.106275533630299	0.493775847485629	0.00100198661069877
2940	-2799.22568687318	999.438195895117	999.904702717536	394.134946352247	0.106275533630299	0.495584903189398	0.00100198661069877
2950	-2798.123876512	999.438195895117	999.904702717536	389.955510974457	0.106275533630299	0.495584903189398	0.00100034696800304
2960	-2798.3180911077	999.438195895117	999.904702717536	389.08911893132	0.108018843797328	0.495965936835534	0.00100034696800304
2970	-2798.3180911077	999.438195895117	999.904702717536	389.08911893132	0.108018843797328	0.495965936835534	0.00100034696800304
2980	-2797.62447739135	999.438195895117	999.904702717536	390.12912344989	0.108649197414385	0.495965936835534	0.00100034696800304
2990	-2797.65624307694	999.438195895117	999.904702717536	390.12912344989	0.108649197414385	0.495661268804326	0.00100019769067514
3000	-2797.65624307694	999.438195895117	999.904702717536	390.12912344989	0.108649197414385	0.495661268804326	0.00100019769067514
3010	-2797.05416298316	999.438195895117	999.904702717536	390.12912344989	0.108100556867859	0.495661268804326	0.00100019769067514
3020	-2797.05416298316	999.438195895117	999.904702717536	390.12912344989	0.108100556867859	0.495661268804326	0.00100019769067514
3030	-2798.33780785706	999.438195895117	999.904702717536	385.235825663637	0.109258836168192	0.498577795282198	0.00100059404518726
3040	-2797.82431877079	999.438195895117	999.904702717536	385.235825663637	0.108325821596711	0.495340299817139	0.00100059404518726
3050	-2797.59623082973	999.438195895117	999.904702717536	383.148075374329	0.108989902808152	0.495340299817139	0.00100059404518726
3060	-2797.42321054499	999.438195895117	999.904702717536	383.148075374329	0.108989902808152	0.496322814210955	0.00100059404518726
3070	-2797.42321054499	999.438195895117	999.904702717536	383.148075374329	0.108989902808152	0.496322814210955	0.00100059404518726
3080	-2797.42321054499	999.438195895117	999.904702717536	383.148075374329	0.108989902808152	0.496322814210955	0.00100059404518726
3090	-2799.66236900417	999.438195895117	999.904702717536	382.166595187534	0.110874720428115	0.494950648185215	0.00100059404518726
3100	-2799.66236900417	999.438195895117	999.904702717536	382.166595187534	0.110874720428115	0.494950648185215	0.00100059404518726
3110	-2800.58628198737	999.438195895117	999.904702717536	384.058411142456	0.109767061132002	0.494950648185215	0.00100059404518726
3120	-2800.82373720907	999.438195895117	999.904702717536	384.058411142456	0.110779376978399	0.492287093813644	0.00100059404518726
3130	-2797.96400109229	999.438195895117	999.904702717536	389.011319271543	0.108842466972604	0.492287093813644	0.00100059404518726
3140	-2797.96400109229	999.438195895117	999.904702717536	389.011319271543	0.108842466972604	0.492287093813644	0.00100059404518726
3150	-2797.51697161178	999.438195895117	999.904702717536	392.916312201768	0.106860708306427	0.492287093813644	0.00100059404518726
3160	-2799.76964654122	999.438195895117	999.904702717536	393.525891807934	0.107589651197514	0.4903682216891	0.00100059404518726
3170	-2798.23486633578	999.438195895117	999.904702717536	393.525891807934	0.107589651197514	0.48720354607535	0.00100059404518726
3180	-2797.88089088157	999.23624833297	999.904702717536	387.253299175076	0.106876210928076	0.49691058376994	0.00100059404518726
3190	-2797.88089088157	999.23624833297	999.904702717536	387.253299175076	0.106876210928076	0.49691058376994	0.00100059404518726
3200	-2799.26655026456	999.23624833297	999.904702717536	387.253299175076	0.106876210928076	0.49530153361588	0.00100059404518726
3210	-2798.02874581235	999.23624833297	999.904702717536	394.665189848355	0.106631206522596	0.49530153361588	0.00100059404518726
3220	-2798.04351381198	999.23624833297	999.904702717536	390.537148643171	0.10737661385597	0.498904423620106	0.00100059404518726
3230	-2798.13345001492	999.23624833297	999.904702717536	390.537148643171	0.107483236374697	0.495721429043919	0.00100059404518726
3240	-2798.46654208485	999.23624833297	999.904702717536	390.537148643171	0.108106752191961	0.495702687552248	0.00100059404518726
3250	-2798.40572889966	999.23624833297	999.904702717536	388.27012198614	0.109347499635711	0.495702687552248	0.00100059404518726
3260	-2800.05223698083	999.23624833297	999.904702717536	387.095601763422	0.109580262500493	0.495702687552248	0.00100059404518726
3270	-2797.3693701964	999.793444794501	999.904702717536	388.408978427185	0.107925734925901	0.495702687552248	0.00100059404518726
3280	-2796.69140548154	999.793444794501	999.904702717536	388.408978427185	0.107925734925901	0.499274513763006	0.00100081465470265
3290	-2797.13793692099	999.793444794501	999.508779728521	388.408978427185	0.107925734925901	0.499274513763006	0.00100081465470265
3300	-2799.05571303259	998.984764514814	999.508779728521	388.408978427185	0.107925734925901	0.499274513763006	0.00100081465470265
3310	-2799.27088273228	998.984764514814	999.508779728521	388.408978427185	0.107925734925901	0.499274513763006	0.00100096642844776
3320	-2799.27088273228	998.984764514814	999.508779728521	388.408978427185	0.107925734925901	0.499274513763006	0.00100096642844776
3330	-2797.89009945217	998.984764514814	999.508779728521	389.492127623136	0.107925734925901	0.499274513763006	0.00100096642844776
3340	-2797.89009945217	998.984764514814	999.508779728521	389.492127623136	0.107925734925901	0.499274513763006	0.00100096642844776
3350	-2797.89009945217	998.984764514814	999.508779728521	389.492127623136	0.107925734925901	0.499274513763006	0.00100096642844776
3360	-2799.6421853398	998.984764514814	999.508779728521	391.91221395635	0.107925734925901	0.499274513763006	0.00100096642844776
3370	-2799.57957475345	998.984764514814	999.508779728521	391.91221395635	0.108157108428456	0.499274513763006	0.00100096642844776
3380	-2801.81783837784	998.984764514814	999.508779728521	391.217012857084	0.109095128809887	0.497649490084794	0.00100096642844776
3390	-2799.31504623954	998.984764514814	999.508779728521	392.669402315437	0.107557684776232	0.502263263795945	0.00100096642844776
3400	-2800.48219433295	998.984764514814	999.508779728521	396.438020772572	0.108595130368103	0.502059347627813	0.00100018865610493
3410	-2797.88747141332	999.865625486791	998.589315453582	391.676442639537	0.110030087256761	0.509682823407538	0.00100018865610493
3420	-2797.88747141332	999.865625486791	998.589315453582	391.676442639537	0.110030087256761	0.509682823407538	0.00100018865610493
3430	-2796.92481838463	999.865625486791	998.589315453582	388.865134641199	0.110209684246288	0.509682823407538	0.00100018865610493
3440	-2796.17146902142	999.865625486791	999.461989877769	394.931590774538	0.106968666003456	0.506555919461545	0.00100018865610493
3450	-2796.68569519526	999.865625486791	999.461989877769	394.931590774538	0.104643401309423	0.508824825828761	0.00100018865610493
3460	-2798.56497950077	999.865625486791	999.461989877769	406.734599438416	0.103703338603928	0.507179114678179	0.00100018865610493
3470	-2798.56497950077	999.865625486791	999.461989877769	406.734599438416	0.103703338603928	0.507179114678179	0.00100018865610493
3480	-2800.33992845536	999.830982903284	998.67815983963	410.286540054611	0.103703338603928	0.503484708061807	0.00100008509528502
3490	-2799.2199231162	999.830982903284	998.67815983963	410.286540054611	0.101189429547727	0.503484708061807	0.00100008509528502
3500	-2800.30405901394	999.830982903284	998.67815983963	410.49999870776	0.101189429547727	0.503484708061807	0.00100008509528502
3510	-2799.14480305745	999.830982903284	999.642754275325	410.49999870776	0.100097912770516	0.503484708061807	0.00100008509528502
3520	-2798.92906249813	999.830982903284	999.642754275325	409.092120384537	0.101448375435744	0.503484708061807	0.00100008509528502
3530	-2798.92906249813	999.830982903284	999.642754275325	409.092120384537	0.101448375435744	0.503484708061807	0.00100008509528502
3540	-2797.12009373615	999.830982903284	999.642754275325	404.415572358214	0.101832364124899	0.503414301201316	0.00100008509528502
3550	-2796.77255463127	999.830982903284	999.642754275325	406.695805762571	0.101832364124899	0.491840003400719	0.00100008509528502
3560	-2796.77255463127	999.830982903284	999.642754275325	406.695805762571	0.101832364124899	0.491840003400719	0.00100008509528502
3570	-2799.54851129988	999.830982903284	999.642754275325	406.695805762571	0.104265731135049	0.492480023476696	0.00100008509528502
3580	-2798.90708339985	999.830982903284	999.178415943877	401.559745112795	0.105800819677123	0.489563640645289	0.00100008509528502
3590	-2798.07201526734	999.830982903284	999.301296659996	397.656344591604	0.105541468407805	0.490058190667508	0.00100054125784586
3600	-2797.6844836493	999.830982903284	999.301296659996	397.656344591604	0.103905753342684	0.497697909280581	0.00100054125784586
3610	-2797.95327847119	999.830982903284	999.301296659996	397.656344591604	0.104551849053678	0.494065387919455	0.00100054125784586
3620	-2796.59954672515	999.830982903284	999.301296659996	397.656344591604	0.104489711464701	0.499679299719509	0.00100054125784586
3630	-2801.81916206345	999.548310577167	996.187141306612	399.96341663635	0.104489711464701	0.499679299719509	0.00100054125784586
3640	-2798.39352419373	999.548310577167	999.180040660611	397.217641572845	0.103010911697949	0.499679299719509	0.00100054125784586
3650	-2797.61011263658	999.548310577167	999.180040660611	397.217641572845	0.103010911697949	0.500699692049493	0.00100054125784586
3660	-2798.24768871261	999.548310577167	999.180040660611	397.217641572845	0.102716457632643	0.500699692049493	0.00100054125784586
3670	-2798.37276035097	999.548310577167	999.180040660611	397.217641572845	0.104025021258277	0.500699692049493	0.00100054125784586
3680	-2797.24160057044	999.909289177693	999.359602977733	400.590264494377	0.103397847636752	0.496608547618668	0.00100051271986232
3690	-2797.24475446979	999.909289177693	999.359602977733	395.546828924262	0.102875896304091	0.507918628735135	0.00100051271986232
3700	-2796.67530195672	999.909289177693	999.359602977733	399.76889966381	0.103440201301874	0.507918628735135	0.00100051271986232
3710	-2796.49516638751	999.909289177693	999.359602977733	402.586898588769	0.102894817443858	0.507918628735135	0.00100051271986232
3720	-2796.49516638751	999.909289177693	999.359602977733	402.586898588769	0.102894817443858	0.507918628735135	0.00100051271986232
3730	-2796.49516638751	999.909289177693	999.359602977733	402.586898588769	0.102894817443858	0.507918628735135	0.00100051271986232
3740	-2796.90479167678	999.909289177693	999.359602977733	402.586898588769	0.102894817443858	0.506534998960536	0.00100051271986232
3750	-2796.90479167678	999.909289177693	999.359602977733	402.586898588769	0.102894817443858	0.506534998960536	0.00100051271986232
3760	-2799.84819026647	999.909289177693	996.85626285221	402.408691614255	0.102894817443858	0.508735614077769	0.00100051271986232
3770	-2799.71067573127	999.909289177693	996.85626285221	401.495857769835	0.10483764929465	0.50983878754995	0.00100051271986232
3780	-2799.803975419	999.909289177693	996.85626285221	395.908655445909	0.105069351912124	0.513344787918621	0.00100051271986232
3790	-2801.28951081744	999.909289177693	996.85626285221	393.244407185407	0.102255690149477	0.513344787918621	0.00100051271986232
3800	-2800.9397998689	999.909289177693	996.85626285221	393.244407185407	0.102255690149477	0.513344787918621	0.00100019591501274
3810	-2797.70794465948	999.909289177693	999.019327862705	394.095268489194	0.105771995028654	0.515004318913815	0.00100019591501274
3820	-2796.56863885247	999.909289177693	999.033275460719	393.565074434474	0.106127551570222	0.512142375470405	0.00100019591501274
3830	-2796.96312532609	999.909289177693	999.033275460719	399.997204872672	0.105189857263218	0.512142375470405	0.00100019591501274
3840	-2796.14225815266	999.909289177693	999.033275460719	399.999517853913	0.104666914544034	0.512142375470405	0.00100019591501274
3850	-2796.72512095288	999.909289177693	999.033275460719	389.998332042333	0.105229071202091	0.505366952280333	0.00100019591501274
3860	-2796.72512095288	999.909289177693	999.033275460719	389.998332042333	0.105229071202091	0.505366952280333	0.00100019591501274
3870	-2796.05018067922	999.909289177693	999.033275460719	391.604748383883	0.104981771128873	0.504801779533471	0.00100019591501274
3880	-2798.34900508878	999.909289177693	999.033275460719	388.034489181278	0.106021083970783	0.502534878086843	0.00100019591501274
3890	-2798.35191845403	999.909289177693	999.033275460719	388.034489181278	0.104993709641981	0.497427440191252	0.00100019591501274
3900	-2798.81412648877	999.909289177693	999.033275460719	388.034489181278	0.104980310528145	0.490010252668503	0.00100019591501274
3910	-2797.01023644203	999.909289177693	999.033275460719	391.46354676626	0.107091057186748	0.48692376472786	0.00100019591501274
3920	-2796.86882018659	999.909289177693	999.776723855936	390.339456473238	0.107091057186748	0.48692376472786	0.00100019591501274
3930	-2798.36136429975	999.909289177693	999.776723855936	390.339456473238	0.107091057186748	0.489070168334493	0.00100019591501274
3940	-2797.51197617635	999.909289177693	999.776723855936	390.405807455889	0.107369352148784	0.48173520274799	0.00100019591501274
3950	-2798.0230169072	999.909289177693	999.776723855936	390.405807455889	0.107500352233059	0.48173520274799	0.00100019591501274
3960	-2796.67699578725	999.909289177693	999.776723855936	390.405807455889	0.108490364530874	0.487760676869286	0.00100019591501274
3970	-2796.33024205819	999.909289177693	999.776723855936	390.405807455889	0.107167840035049	0.497602922429792	0.00100019591501274
3980	-2795.93651980042	999.909289177693	999.776723855936	393.743775429299	0.105112794982337	0.500610773338714	0.00100019591501274
3990	-2796.35107116349	999.909289177693	999.776723855936	390.151670319146	0.10546779250969	0.501402729669965	0.00100019591501274
4000	-2795.35793992266	999.909289177693	999.776723855936	393.388818159799	0.106462851367969	0.50817298085279	0.00100019591501274
4010	-2797.09720099902	999.909289177693	999.776723855936	393.388818159799	0.105529903219484	0.507891748486399	0.00100019591501274
4020	-2796.54448028414	999.909289177693	999.776723855936	392.566831524299	0.107002816803517	0.503864985921399	0.00100044792849725
4030	-2796.81020207782	999.909289177693	999.776723855936	398.001408884834	0.105586436983247	0.498412993340921	0.00100056607853399
4040	-2796.81020207782	999.909289177693	999.776723855936	398.001408884834	0.105586436983247	0.498412993340921	0.00100056607853399
4050	-2796.97597464465	999.909289177693	999.776723855936	398.001408884834	0.104066841460295	0.49209500510646	0.00100056607853399
4060	-2796.20325844795	999.909289177693	999.776723855936	398.001408884834	0.10333224677009	0.49209500510646	0.00100056607853399
4070	-2796.12175637644	999.909289177693	999.776723855936	398.001408884834	0.103006384707002	0.49526368786948	0.00100056607853399
4080	-2797.63040021964	999.909289177693	999.776723855936	398.812467698175	0.102032759343147	0.496299239907812	0.00100056607853399
4090	-2798.53043474574	999.909289177693	999.776723855936	401.025988192973	0.102032759343147	0.496299239907812	0.0010017591945925
4100	-2798.56045984569	999.909289177693	999.776723855936	396.959230816558	0.102032759343147	0.496299239907812	0.00100178965665404
4110	-2799.40042701432	999.909289177693	999.776723855936	392.829547375962	0.103880451726486	0.497340470363992	0.00100178965665404
4120	-2798.38553452755	999.909289177693	999.776723855936	391.040475212116	0.103880451726486	0.497340470363992	0.00100178965665404
4130	-2797.12504768835	999.909289177693	999.776723855936	393.587972168945	0.105033057100134	0.493773279591726	0.00100178965665404
4140	-2799.07408795322	999.909289177693	999.635303712139	388.894836018943	0.10555423085663	0.497285349735103	0.00100178965665404
4150	-2801.01922495234	999.909289177693	996.465302886084	388.894836018943	0.10572870906894	0.497285349735103	0.00100024076882007
4160	-2798.87923564289	999.909289177693	998.174612447851	388.894836018943	0.10572870906894	0.501000680684904	0.00100024076882007
4170	-2798.50863627427	999.909289177693	998.174612447851	388.894836018943	0.10572870906894	0.499743001100719	0.00100024076882007
4180	-2797.72811526589	999.909289177693	998.174612447851	391.858923007533	0.107137877939962	0.491285394856016	0.00100024076882007
4190	-2797.72811526589	999.909289177693	998.174612447851	391.858923007533	0.107137877939962	0.491285394856016	0.00100024076882007
4200	-2797.72811526589	999.909289177693	998.174612447851	391.858923007533	0.107137877939962	0.491285394856016	0.00100024076882007
4210	-2798.88421277962	999.909289177693	998.174612447851	391.858923007533	0.105873952534116	0.485496910950718	0.00100024076882007
4220	-2798.88421277962	999.909289177693	998.174612447851	391.858923007533	0.105873952534116	0.485496910950718	0.00100024076882007
4230	-2798.21341449886	999.909289177693	998.174612447851	391.858923007533	0.105640505443664	0.504983328278649	0.00100024076882007
4240	-2798.97136656175	999.909289177693	998.174612447851	394.207891347349	0.103244444233443	0.504983328278649	0.00100024076882007
4250	-2797.13092169944	999.909289177693	999.006925970806	394.04398878988	0.105432957472626	0.519131592525011	0.00100024076882007
4260	-2797.13092169944	999.909289177693	999.006925970806	394.04398878988	0.105432957472626	0.519131592525011	0.00100024076882007
4270	-2797.02269489022	999.909289177693	999.006925970806	400.297265130635	0.105550769619772	0.517811773434383	0.00100024076882007
4280	-2797.02269489022	999.909289177693	999.006925970806	400.297265130635	0.105550769619772	0.517811773434383	0.00100024076882007
4290	-2797.02269489022	999.909289177693	999.006925970806	400.297265130635	0.105550769619772	0.517811773434383	0.00100024076882007
4300	-2796.60655141049	999.909289177693	998.952309624014	400.570626181034	0.104866521232498	0.517811773434383	0.00100024076882007
4310	-2797.05406542245	999.909289177693	998.952309624014	400.570626181034	0.105051430787396	0.517811773434383	0.00100024076882007
4320	-2798.16277436336	999.909289177693	997.937912732934	400.570626181034	0.105051430787396	0.517811773434383	0.00100024076882007
4330	-2797.17452986645	999.909289177693	998.820399291224	401.86592099915	0.105051430787396	0.517811773434383	0.00100024076882007
4340	-2798.63631059366	999.909289177693	998.820399291224	401.86592099915	0.101864910681331	0.519728062076944	0.00100024076882007
4350	-2798.38642253281	999.741550081058	998.820399291224	406.483359472908	0.101495779990435	0.519728062076944	0.00100024076882007
4360	-2799.05368572395	999.741550081058	998.820399291224	406.483359472908	0.100385658271257	0.511137244950664	0.00100024076882007
4370	-2800.08001080124	999.741550081058	998.820399291224	405.164151229945	0.100836664340658	0.511137244950664	0.00100024076882007
4380	-2798.96515710744	999.741550081058	998.820399291224	402.445326661985	0.101043217935777	0.511137244950664	0.00100024076882007
4390	-2798.10533676793	999.741550081058	998.820399291224	402.445326661985	0.101043217935777	0.50683143075252	0.00100024076882007
4400	-2797.84249932054	999.741550081058	998.820399291224	405.617839510526	0.101684354073934	0.497849718519817	0.00100024076882007
4410	-2798.57353490475	999.741550081058	998.820399291224	405.617839510526	0.10128954721669	0.497849718519817	0.00100024076882007
4420	-2799.10130866132	999.741550081058	998.820399291224	406.53204053133	0.101997559592404	0.497849718519817	0.00100024076882007
4430	-2799.8087006399	999.741550081058	998.820399291224	406.53204053133	0.10097035546289	0.506283766949881	0.00100024076882007
4440	-2796.98218092858	999.741550081058	998.820399291224	400.543743315675	0.10310876262022	0.508823904572114	0.00100024076882007
4450	-2797.22613135154	999.741550081058	998.820399291224	400.543743315675	0.10310876262022	0.514244062342386	0.00100024076882007
4460	-2797.92446404117	999.741550081058	998.820399291224	400.543743315675	0.102014360918366	0.519514227278658	0.00100024076882007
4470	-2797.92446404117	999.741550081058	998.820399291224	400.543743315675	0.102014360918366	0.519514227278658	0.00100024076882007
4480	-2796.54029174514	999.741550081058	999.16500380406	401.648148415718	0.103749105521623	0.519514227278658	0.00100024076882007
4490	-2796.54029174514	999.741550081058	999.16500380406	401.648148415718	0.103749105521623	0.519514227278658	0.00100024076882007
4500	-2796.54029174514	999.741550081058	999.16500380406	401.648148415718	0.103749105521623	0.519514227278658	0.00100024076882007
4510	-2798.31556731246	999.741550081058	999.16500380406	396.179163584135	0.103544682702529	0.521414750831561	0.00100024076882007
4520	-2797.61787343876	999.741550081058	999.16500380406	396.179163584135	0.103989036084846	0.51005594793461	0.00100024076882007
4530	-2798.60396738014	999.910683437874	996.989888440786	392.100893284051	0.105377213025326	0.513793607756009	0.00100024076882007
4540	-2798.79919530136	999.910683437874	997.713371953833	393.704618449386	0.105377213025326	0.513793607756009	0.00100024076882007
4550	-2797.8110700274	999.910683437874	997.713371953833	391.394514877115	0.105377213025326	0.513793607756009	0.00100024076882007
4560	-2797.8110700274	999.910683437874	997.713371953833	391.394514877115	0.105377213025326	0.513793607756009	0.00100024076882007
4570	-2795.48815562015	999.910683437874	999.835871828576	391.936823195064	0.10724412461512	0.513357714778445	0.00100024076882007
4580	-2796.08958488696	999.910683437874	999.835871828576	387.143973412756	0.10724412461512	0.513357714778445	0.00100024076882007
4590	-2795.94090921162	999.910683437874	999.835871828576	388.851472450196	0.10724412461512	0.513357714778445	0.00100024076882007
4600	-2795.39343151387	999.910683437874	999.835871828576	392.693150288626	0.10724412461512	0.513357714778445	0.00100024076882007
4610	-2795.67152378964	999.910683437874	999.835871828576	394.027029774448	0.108394365901046	0.516660900299622	0.00100024076882007
4620	-2797.58561944771	999.910683437874	999.835871828576	394.027029774448	0.108394365901046	0.512524147515768	0.00100024076882007
4630	-2796.11773375388	999.910683437874	999.835871828576	390.977023346289	0.10519867461058	0.512524147515768	0.00100024076882007
4640	-2796.00575250503	999.910683437874	999.835871828576	390.977023346289	0.105117435447262	0.5163480307512	0.00100094455011358
4650	-2796.00575250503	999.910683437874	999.835871828576	390.977023346289	0.105117435447262	0.5163480307512	0.00100094455011358
4660	-2799.20745846899	999.910683437874	999.835871828576	390.977023346289	0.103626317745756	0.511320383910784	0.00100094455011358
4670	-2798.30798169363	999.910683437874	999.835871828576	390.977023346289	0.103626317745756	0.510273386996043	0.00100094455011358
4680	-2798.17225778797	999.910683437874	999.835871828576	389.913788767126	0.103626317745756	0.508796098628209	0.00100094455011358
4690	-2800.93337097821	999.910683437874	999.835871828576	389.913788767126	0.103435980006261	0.509348283342822	0.00100241814591504
4700	-2798.45138332249	999.910683437874	999.835871828576	392.413020889812	0.104706550152625	0.502266179389642	0.00100103685722357
4710	-2796.70712318923	999.910683437874	999.835871828576	393.053885034058	0.104249510305747	0.501769343694209	0.00100103685722357
4720	-2797.12375677323	999.910683437874	999.835871828576	389.505058192056	0.105869562832984	0.493614817592976	0.00100103685722357
4730	-2797.12375677323	999.910683437874	999.835871828576	389.505058192056	0.105869562832984	0.493614817592976	0.00100103685722357
4740	-2799.0473290266	999.910683437874	999.835871828576	394.158680209617	0.105866238260118	0.490795794119603	0.00100103685722357
4750	-2797.46374515587	999.910683437874	999.835871828576	394.158680209617	0.104950875972684	0.495512520029147	0.00100208009316187
4760	-2797.67280832692	999.910683437874	999.835871828576	394.158680209617	0.104950875972684	0.495512520029147	0.00100222690052341
4770	-2798.25804540473	999.910683437874	999.835871828576	399.293467264677	0.103624784147386	0.495333979523685	0.00100222690052341
4780	-2798.11931683707	999.910683437874	999.835871828576	399.293467264677	0.103624784147386	0.492896138360297	0.00100222690052341
4790	-2799.45277661146	999.910683437874	999.835871828576	396.800641798734	0.10528862645606	0.491005248746243	0.00100131252224373
4800	-2797.01547622599	999.910683437874	999.563222057578	397.866111749585	0.104119953008585	0.493097943672721	0.00100057020547516
4810	-2797.01547622599	999.910683437874	999.563222057578	397.866111749585	0.104119953008585	0.493097943672721	0.00100057020547516
4820	-2798.7274644376	999.910683437874	999.563222057578	399.0411846846	0.102567490300044	0.491874886507827	0.00100057020547516
4830	-2797.156579282	999.910683437874	999.563222057578	398.81645857907	0.102862655434821	0.496196503158866	0.00100057020547516
4840	-2796.37234980189	999.903206501305	999.563222057578	398.81645857907	0.102862655434821	0.497891277281504	0.00100057020547516
4850	-2796.37234980189	999.903206501305	999.563222057578	398.81645857907	0.102862655434821	0.497891277281504	0.00100057020547516
4860	-2799.38656482181	999.903206501305	998.26609126299	403.656889941199	0.102845976999298	0.485920638227553	0.00100057020547516
4870	-2799.81392131314	999.903206501305	998.26609126299	403.874496286708	0.101061582477794	0.47798352903454	0.00100057020547516
4880	-2799.47247083536	999.903206501305	998.26609126299	403.874496286708	0.10110551648581	0.485683155496656	0.00100057020547516
4890	-2799.47247083536	999.903206501305	998.26609126299	403.874496286708	0.10110551648581	0.485683155496656	0.00100057020547516
4900	-2800.11702926636	999.903206501305	998.26609126299	403.874496286708	0.102438069573235	0.484211972558614	0.00100057020547516
4910	-2799.78240593394	999.903206501305	998.26609126299	403.874496286708	0.10197328551711	0.484211972558614	0.00100057020547516
4920	-2800.75656141456	999.903206501305	996.895527079349	394.938998908494	0.101932218507261	0.484211972558614	0.00100032632941711
4930	-2800.53370019024	999.903206501305	996.903044029736	395.697689198302	0.101932218507261	0.484211972558614	0.00100032632941711
4940	-2801.57213863392	999.903206501305	996.903044029736	389.774803799312	0.103632911872903	0.481295729693771	0.00100032632941711
4950	-2800.56836728889	999.903206501305	996.903044029736	390.677288751742	0.103632911872903	0.481295729693771	0.00100032632941711
4960	-2806.25604841146	999.903206501305	996.903044029736	383.373280321552	0.103626718196764	0.479893210746921	0.00100134010861684
4970	-2804.65816489369	999.903206501305	996.903044029736	380.312594396229	0.107034619193728	0.479893210746921	0.00100134010861684
4980	-2803.85712364055	999.903206501305	996.903044029736	380.312594396229	0.10758793460788	0.487112514948334	0.00100134010861684
4990	-2805.63082904092	999.903206501305	996.903044029736	375.540418848394	0.108688006039036	0.494475817944816	0.00100134515950591
5000	-2800.1759836568	999.903206501305	996.436652891733	388.048030347593	0.108688006039036	0.494475817944816	0.001000356618354
5010	-2799.91882238403	999.903206501305	996.436652891733	384.511918628123	0.107098134722404	0.494475817944816	0.001000356618354
5020	-2799.98309267673	999.903206501305	996.436652891733	384.511918628123	0.107189189103503	0.49835607605757	0.00100003865056
5030	-2799.98309267673	999.903206501305	996.436652891733	384.511918628123	0.107189189103503	0.49835607605757	0.00100003865056
5040	-2800.060023277	999.903206501305	996.436652891733	384.511918628123	0.108330500119539	0.506297046216106	0.00100003865056
5050	-2800.060023277	999.903206501305	996.436652891733	384.511918628123	0.108330500119539	0.506297046216106	0.00100003865056
5060	-2800.060023277	999.903206501305	996.436652891733	384.511918628123	0.108330500119539	0.506297046216106	0.00100003865056
5070	-2800.7920042498	999.903206501305	996.436652891733	384.511918628123	0.10769566692401	0.517544596149919	0.00100003865056
5080	-2799.99167949631	999.903206501305	996.436652891733	384.511918628123	0.10769566692401	0.514585691118988	0.00100003865056
5090	-2800.07307744336	999.903206501305	996.436652891733	387.667378439709	0.107088421615648	0.524103892623028	0.00100003865056
5100	-2800.07307744336	999.903206501305	996.436652891733	387.667378439709	0.107088421615648	0.524103892623028	0.00100003865056
5110	-2798.40816205573	999.287892626471	998.65828441985	385.755431190701	0.107605155912042	0.521187475012082	0.00100003865056
5120	-2798.75143699527	999.287892626471	998.65828441985	385.755431190701	0.107605155912042	0.520412042865018	0.00100003865056
5130	-2802.11171015356	999.287892626471	995.80519017234	388.826665672413	0.106782426501454	0.520412042865018	0.00100003865056
5140	-2802.04096233935	999.287892626471	995.80519017234	388.826665672413	0.106782426501454	0.51900854454482	0.00100003865056
5150	-2798.35065051167	999.287892626471	999.264604584188	393.137883039362	0.105542478756804	0.514113213017724	0.00100003865056
5160	-2798.35065051167	999.287892626471	999.264604584188	393.137883039362	0.105542478756804	0.514113213017724	0.00100003865056
5170	-2798.35065051167	999.287892626471	999.264604584188	393.137883039362	0.105542478756804	0.514113213017724	0.00100003865056
5180	-2797.44914807451	999.287892626471	999.264604584188	393.137883039362	0.105919412139283	0.504163479555634	0.00100003865056
5190	-2795.51477806572	999.287892626471	999.772416881359	393.137883039362	0.105982967706617	0.510588206329137	0.00100003865056
5200	-2795.51477806572	999.287892626471	999.772416881359	393.137883039362	0.105982967706617	0.510588206329137	0.00100003865056
5210	-2799.04610877409	998.829926020014	999.772416881359	392.31136625982	0.106454392632543	0.510588206329137	0.00100003865056
5220	-2798.15614791012	998.829926020014	999.772416881359	392.31136625982	0.106454392632543	0.510086185056479	0.00100024655831365
5230	-2798.15614791012	998.829926020014	999.772416881359	392.31136625982	0.106454392632543	0.510086185056479	0.00100024655831365
5240	-2798.15614791012	998.829926020014	999.772416881359	392.31136625982	0.106454392632543	0.510086185056479	0.00100024655831365
5250	-2798.12342409134	998.829926020014	999.82652704332	393.447964423924	0.106658105153132	0.508819845977959	0.00100024655831365
5260	-2797.46666196728	998.829926020014	999.82652704332	389.104152042378	0.106658105153132	0.508819845977959	0.00100024655831365
5270	-2797.72819906039	998.829926020014	999.82652704332	389.104152042378	0.106658105153132	0.508142894632524	0.00100024655831365
5280	-2797.77861718351	998.829926020014	999.82652704332	391.798298791536	0.106658105153132	0.508142894632524	0.00100024655831365
5290	-2797.66002447055	998.829926020014	999.82652704332	391.798298791536	0.107546502860353	0.508142894632524	0.00100010094874888
5300	-2798.4541806225	998.496872910374	999.82652704332	391.798298791536	0.107546502860353	0.508142894632524	0.00100010094874888
5310	-2799.70533347389	998.496872910374	999.82652704332	389.722682093895	0.106718766950499	0.505525720576384	0.00100010094874888
5320	-2799.11690633593	998.496872910374	999.82652704332	389.722682093895	0.108523763892711	0.511712579803063	0.00100010094874888
5330	-2798.9530474112	998.496872910374	999.82652704332	389.722682093895	0.108762124635297	0.505996586057485	0.00100010094874888
5340	-2799.31772932303	998.496872910374	999.82652704332	388.127911839693	0.108492823123464	0.506779386914232	0.00100010094874888
5350	-2800.04880654639	998.496872910374	999.82652704332	395.199565756397	0.108003390625914	0.509421826671604	0.00100010094874888
5360	-2796.73511406422	999.360075354128	999.82652704332	390.949862415597	0.108003390625914	0.509421826671604	0.00100010094874888
5370	-2796.73914631589	999.360075354128	999.270695603474	388.404170335616	0.108185267142465	0.509241033851179	0.00100010094874888
5380	-2796.54532338434	999.441753207873	999.270695603474	388.404170335616	0.108185267142465	0.509241033851179	0.00100010094874888
5390	-2796.98495925051	999.441753207873	999.270695603474	388.404170335616	0.108185267142465	0.50692626625074	0.00100010094874888
5400	-2797.16458388779	999.441753207873	999.270695603474	388.404170335616	0.108181873625985	0.50800882366458	0.00100010094874888
5410	-2797.16458388779	999.441753207873	999.270695603474	388.404170335616	0.108181873625985	0.50800882366458	0.00100010094874888
5420	-2796.13546139887	999.441753207873	999.270695603474	388.404170335616	0.106843163574188	0.507288839182371	0.00100010094874888
5430	-2796.13546139887	999.441753207873	999.270695603474	388.404170335616	0.106843163574188	0.507288839182371	0.00100010094874888
5440	-2798.65567667885	999.441753207873	999.270695603474	388.404170335616	0.106657445584067	0.503381700945997	0.00100010094874888
5450	-2798.50722248307	999.441753207873	999.270695603474	388.039263504809	0.10578364397014	0.504535666180342	0.00100010094874888
5460	-2797.43156071124	999.441753207873	999.270695603474	388.039263504809	0.10685865057448	0.502787281445149	0.00100000009580613
5470	-2797.90150410094	999.441753207873	998.740363371468	391.791109362749	0.108346258758913	0.502787281445149	0.00100000009580613
5480	-2797.62982959675	999.441753207873	998.740363371468	385.462044036941	0.109761023477262	0.502787281445149	0.00100000009580613
5490	-2797.50562750096	999.441753207873	998.740363371468	388.336147555003	0.108958979182056	0.505383656199828	0.00100000009580613
5500	-2797.50562750096	999.441753207873	998.740363371468	388.336147555003	0.108958979182056	0.505383656199828	0.00100000009580613
5510	-2798.15155341749	999.441753207873	998.740363371468	386.265498732992	0.107044750213243	0.505383656199828	0.00100000009580613
5520	-2797.65043699534	999.441753207873	998.740363371468	388.389911346599	0.10796837198422	0.502362745154833	0.00100000009580613
5530	-2796.92174701245	999.441753207873	998.740363371468	391.904668021051	0.106693355571839	0.502362745154833	0.00100025375854465
5540	-2798.08947202211	999.441753207873	998.740363371468	394.030685379784	0.105146727143355	0.502362745154833	0.00100025375854465
5550	-2798.06628551131	999.441753207873	998.740363371468	394.627612062297	0.105146727143355	0.502362745154833	0.00100025375854465
5560	-2798.73747244896	999.441753207873	998.740363371468	391.444771783601	0.108654554115613	0.510814346083908	0.00100025375854465
5570	-2797.77295267271	999.441753207873	998.740363371468	388.07853434614	0.109962462603254	0.506029431946473	0.00100025375854465
5580	-2798.42472549195	999.441753207873	998.740363371468	386.511326394287	0.109334976544102	0.506029431946473	0.00100025375854465
5590	-2799.22449089608	999.441753207873	998.740363371468	387.012073756017	0.110888208409844	0.512016682565912	0.00100025375854465
5600	-2798.78104832307	999.441753207873	998.740363371468	383.296950012024	0.110888208409844	0.516423961109754	0.00100025375854465
5610	-2799.3446290502	999.441753207873	998.740363371468	386.868038608929	0.111423252813402	0.515232364910611	0.00100025375854465
5620	-2798.48687458876	999.441753207873	998.740363371468	389.113980610831	0.110845100494281	0.515232364910611	0.00100025375854465
5630	-2798.48687458876	999.441753207873	998.740363371468	389.113980610831	0.110845100494281	0.515232364910611	0.00100025375854465
5640	-2799.06753883165	999.441753207873	997.921358788925	384.076104400035	0.110845100494281	0.515232364910611	0.00100025375854465
5650	-2796.20806414198	999.441753207873	999.827312660327	385.349688511138	0.109490484391457	0.515232364910611	0.00100025375854465
5660	-2796.80332816681	999.441753207873	999.827312660327	385.349688511138	0.109879056694145	0.52526767035388	0.00100025375854465
5670	-2796.80332816681	999.441753207873	999.827312660327	385.349688511138	0.109879056694145	0.52526767035388	0.00100025375854465
5680	-2796.33714455395	999.441753207873	999.827312660327	387.910999421888	0.109879056694145	0.52526767035388	0.00100025375854465
5690	-2796.46596542049	999.441753207873	999.827312660327	389.321721349536	0.109879056694145	0.514939512998274	0.00100025375854465
5700	-2797.23466124301	999.441753207873	999.827312660327	389.321721349536	0.109879056694145	0.507587491198688	0.00100025375854465
5710	-2797.85369131945	999.441753207873	999.827312660327	389.117981042078	0.10993883348409	0.508640839723615	0.00100025375854465
5720	-2797.81571156453	999.441753207873	999.827312660327	388.726335305724	0.109910580841697	0.508640839723615	0.00100025375854465
5730	-2796.28554545708	999.441753207873	999.827312660327	388.296090342663	0.109382444228438	0.51627497665107	0.00100025375854465
5740	-2796.28554545708	999.441753207873	999.827312660327	388.296090342663	0.109382444228438	0.51627497665107	0.00100025375854465
5750	-2796.28554545708	999.441753207873	999.827312660327	388.296090342663	0.109382444228438	0.51627497665107	0.00100025375854465
5760	-2797.92398765842	999.441753207873	999.827312660327	388.296090342663	0.108871176894645	0.516468479724568	0.00100025375854465
5770	-2799.81263459792	999.441753207873	999.827312660327	380.379674927406	0.110004042764421	0.522273969888729	0.00100025375854465
5780	-2797.85622051295	999.441753207873	999.827312660327	381.861678974936	0.110004042764421	0.522855710364975	0.00100025375854465
5790	-2797.79297035318	999.441753207873	999.827312660327	381.861678974936	0.112326012917605	0.5299397977314	0.00100025375854465
5800	-2797.84528816575	999.441753207873	999.827312660327	385.831783348838	0.112246074612992	0.5299397977314	0.00100025375854465
5810	-2797.73627237558	999.441753207873	999.922122088321	385.831783348838	0.112246074612992	0.5299397977314	0.00100025375854465
5820	-2797.73627237558	999.441753207873	999.922122088321	385.831783348838	0.112246074612992	0.5299397977314	0.00100025375854465
5830	-2797.51389903536	999.441753207873	999.922122088321	384.051480020138	0.112791875984712	0.52803570751072	0.00100025375854465
5840	-2797.51389903536	999.441753207873	999.922122088321	384.051480020138	0.112791875984712	0.52803570751072	0.00100025375854465
5850	-2797.51389903536	999.441753207873	999.922122088321	384.051480020138	0.112791875984712	0.52803570751072	0.00100025375854465
5860	-2797.51389903536	999.441753207873	999.922122088321	384.051480020138	0.112791875984712	0.52803570751072	0.00100025375854465
5870	-2797.43176064795	999.441753207873	999.922122088321	384.733485426157	0.112791875984712	0.526023809192183	0.00100025375854465
5880	-2798.81401003494	999.441753207873	999.922122088321	383.065050618602	0.112384000536356	0.519248444328006	0.00100025375854465
5890	-2799.19075951016	999.441753207873	999.922122088321	383.77524259144	0.11406469911354	0.523820841875455	0.00100025375854465
5900	-2799.19075951016	999.441753207873	999.922122088321	383.77524259144	0.11406469911354	0.523820841875455	0.00100025375854465
5910	-2798.2053707201	999.441753207873	999.922122088321	383.77524259144	0.11406469911354	0.534809608972008	0.00100025375854465
5920	-2798.11423649215	999.441753207873	999.922122088321	383.77524259144	0.11406469911354	0.534809608972008	0.00100019539597806
5930	-2798.74940236081	999.16995029823	999.922122088321	383.77524259144	0.11406469911354	0.534809608972008	0.00100019539597806
5940	-2798.86757655195	999.16995029823	999.922122088321	383.77524259144	0.11406469911354	0.541145011934963	0.00100019539597806
5950	-2797.60490916011	999.16995029823	999.922122088321	382.596533677801	0.112231706446412	0.541145011934963	0.00100019539597806
5960	-2798.7842000098	999.16995029823	999.922122088321	382.596533677801	0.111372532479188	0.541424186395266	0.00100019539597806
5970	-2798.19284963324	999.16995029823	999.922122088321	385.372882792368	0.111372532479188	0.541424186395266	0.00100019539597806
5980	-2799.72604855746	999.16995029823	999.922122088321	389.978591917625	0.111762247002811	0.541424186395266	0.00100019539597806
5990	-2797.86008379278	999.16995029823	999.500375894351	389.978591917625	0.112305667220893	0.544144253465328	0.00100019539597806
6000	-2797.86008379278	999.16995029823	999.500375894351	389.978591917625	0.112305667220893	0.544144253465328	0.00100019539597806
6010	-2797.81957408379	999.16995029823	999.500375894351	389.978591917625	0.112305667220893	0.544792355712711	0.00100019539597806
6020	-2798.33699096106	999.16995029823	999.500375894351	390.093979088116	0.111356194986766	0.535357864658658	0.00100019539597806
6030	-2798.34898854635	999.198225893894	999.500375894351	394.175968015257	0.110027368897756	0.535357864658658	0.00100019539597806
6040	-2797.9357831176	999.198225893894	999.867143231662	394.175968015257	0.110027368897756	0.535357864658658	0.00100019539597806
6050	-2799.14372571905	999.198225893894	999.867143231662	392.294986034506	0.112444133302905	0.535357864658658	0.00100019539597806
6060	-2804.87031400379	999.198225893894	994.162677738456	393.579234810252	0.11030279414068	0.539262325724848	0.00100019539597806
6070	-2805.73375734972	999.198225893894	994.162677738456	394.222537668279	0.109384653920242	0.539262325724848	0.00100019539597806
6080	-2803.95105257118	999.198225893894	994.162677738456	389.132634885845	0.111230062060386	0.543795454120369	0.00100019539597806
6090	-2805.44348006882	999.198225893894	994.162677738456	390.829741841973	0.111155550817745	0.547845431324904	0.00100019539597806
6100	-2801.05007794455	999.432481430305	999.124390286803	390.610001198913	0.111099143632164	0.539257764936231	0.00100163731600515
6110	-2799.68840430265	999.432481430305	999.124390286803	390.610001198913	0.108015578127381	0.536683795396389	0.00100163731600515
6120	-2799.64281373836	999.432481430305	999.124390286803	390.610001198913	0.107914833971225	0.536683795396389	0.00100163731600515
6130	-2798.7124983452	999.432481430305	999.124390286803	390.610001198913	0.109455723272062	0.542665921541958	0.00100071618651274
6140	-2798.66724604917	999.432481430305	999.124390286803	394.634121773641	0.109663849885534	0.542665921541958	0.00100071618651274
6150	-2799.6171330417	999.432481430305	999.124390286803	394.634121773641	0.109400804152625	0.536257780293962	0.00100160628534848
6160	-2800.58620212741	999.432481430305	999.124390286803	391.598877129787	0.109393349877961	0.529659362613756	0.00100160628534848
6170	-2799.84794378852	999.432481430305	999.124390286803	391.598877129787	0.109393349877961	0.529659362613756	0.00100112436076611
6180	-2800.09931680508	999.432481430305	999.124390286803	398.879246469621	0.108809195891971	0.5339595519141	0.00100112436076611
6190	-2800.09931680508	999.432481430305	999.124390286803	398.879246469621	0.108809195891971	0.5339595519141	0.00100112436076611
6200	-2799.27889395896	999.432481430305	999.278649845614	398.879246469621	0.106220217301173	0.534844079764271	0.00100112436076611
6210	-2799.67262574627	999.432481430305	999.278649845614	398.879246469621	0.10625652391438	0.540290557022615	0.00100052109826626
6220	-2799.09995578782	999.432481430305	999.278649845614	398.879246469621	0.106983823713326	0.540750998666552	0.00100052109826626
6230	-2800.57032972954	999.432481430305	999.278649845614	398.879246469621	0.107795571728633	0.540750998666552	0.00100052109826626
6240	-2797.91897340032	999.432481430305	999.278649845614	396.234895824036	0.107605960226887	0.540750998666552	0.00100052109826626
6250	-2796.74559170637	999.432481430305	999.278649845614	387.380037931451	0.109905797485803	0.540750998666552	0.00100052109826626
6260	-2798.61527021407	999.432481430305	999.278649845614	387.380037931451	0.109905797485803	0.540750998666552	0.00100186176166185
6270	-2798.61527021407	999.432481430305	999.278649845614	387.380037931451	0.109905797485803	0.540750998666552	0.00100186176166185
6280	-2798.61527021407	999.432481430305	999.278649845614	387.380037931451	0.109905797485803	0.540750998666552	0.00100186176166185
6290	-2797.08763320424	999.432481430305	999.278649845614	388.333958619418	0.11130024623252	0.537321837205925	0.00100067426983108
6300	-2797.08763320424	999.432481430305	999.278649845614	388.333958619418	0.11130024623252	0.537321837205925	0.00100067426983108
6310	-2798.97770147722	999.432481430305	999.278649845614	387.139370439496	0.111305295173449	0.53668191166901	0.00100067426983108
6320	-2799.41173345138	999.432481430305	999.278649845614	385.699794318306	0.111363413632279	0.539415367586958	0.00100133329511985
6330	-2800.92149559256	999.432481430305	999.278649845614	382.026469350437	0.111363413632279	0.539415367586958	0.00100133329511985
6340	-2801.03947992221	999.432481430305	999.278649845614	382.026469350437	0.112853839654146	0.531600358763181	0.00100133329511985
6350	-2800.7908302736	999.432481430305	999.278649845614	377.814730958266	0.111611509457906	0.521845694268121	0.00100133329511985
6360	-2801.69484242924	999.432481430305	999.278649845614	378.459157378734	0.10898455945421	0.525353890261739	0.00100133329511985
6370	-2798.73520293324	999.432481430305	999.278649845614	384.207885937583	0.110058845421231	0.525353890261739	0.00100000585532417
6380	-2798.73520293324	999.432481430305	999.278649845614	384.207885937583	0.110058845421231	0.525353890261739	0.00100000585532417
6390	-2798.53248064443	999.432481430305	999.278649845614	384.207885937583	0.112514076253383	0.533292083209407	0.00100000585532417
6400	-2799.97755658371	999.432481430305	998.112706971742	384.207885937583	0.113705211538246	0.536489596970126	0.00100000585532417
6410	-2798.39165326398	999.432481430305	999.476396491781	384.207885937583	0.113705211538246	0.536489596970126	0.00100000585532417
6420	-2798.39165326398	999.432481430305	999.476396491781	384.207885937583	0.113705211538246	0.536489596970126	0.00100000585532417
6430	-2804.33815477964	999.432481430305	999.476396491781	384.207885937583	0.112174425773636	0.548357651349399	0.0010035274442716
6440	-2802.45131765215	999.432481430305	999.476396491781	384.207885937583	0.112174425773636	0.550110701381844	0.0010035274442716
6450	-2803.79382754616	999.696876546976	999.476396491781	380.284203099502	0.114749988563432	0.556307046471203	0.0010035274442716
6460	-2803.79382754616	999.696876546976	999.476396491781	380.284203099502	0.114749988563432	0.556307046471203	0.0010035274442716
6470	-2803.79382754616	999.696876546976	999.476396491781	380.284203099502	0.114749988563432	0.556307046471203	0.0010035274442716
6480	-2803.79382754616	999.696876546976	999.476396491781	380.284203099502	0.114749988563432	0.556307046471203	0.0010035274442716
6490	-2801.62699880159	999.696876546976	999.476396491781	380.284203099502	0.114749988563432	0.559176457555104	0.00100183688685097
6500	-2801.62874620025	999.696876546976	999.476396491781	380.284203099502	0.116027507271881	0.556346685841928	0.00100183688685097
6510	-2802.63346433931	999.696876546976	999.476396491781	381.035988811309	0.114805182635795	0.546424196731264	0.00100183688685097
6520	-2802.26794996014	999.696876546976	999.476396491781	381.035988811309	0.113584372031428	0.533223660064656	0.00100183688685097
6530	-2803.12366984432	999.195626012042	999.476396491781	381.035988811309	0.113584372031428	0.528571586458579	0.00100183688685097
6540	-2799.36957362261	999.38262418584	999.476396491781	379.301439490888	0.112818220940538	0.522343677352668	0.00100004739273586
6550	-2799.39854055951	999.38262418584	998.757290765962	383.965804662135	0.112818220940538	0.520414924035154	0.00100004739273586
6560	-2798.51554941105	999.38262418584	998.757290765962	383.965804662135	0.111698306359347	0.527839329730308	0.00100004739273586
6570	-2798.51554941105	999.38262418584	998.757290765962	383.965804662135	0.111698306359347	0.527839329730308	0.00100004739273586
6580	-2798.51554941105	999.38262418584	998.757290765962	383.965804662135	0.111698306359347	0.527839329730308	0.00100004739273586
6590	-2798.5175563993	999.38262418584	998.757290765962	386.302730432683	0.111698306359347	0.526130189045628	0.00100004739273586
6600	-2799.28728216841	999.38262418584	998.757290765962	387.861150928544	0.107245869019608	0.531936995280622	0.00100004739273586
6610	-2798.94873318207	999.38262418584	998.757290765962	388.497719630385	0.107974438765331	0.526516355853131	0.00100004739273586
6620	-2797.12468319586	999.38262418584	999.278590852599	390.456067547514	0.10800195917906	0.515194699628369	0.0010003128399043
6630	-2799.89516894628	999.38262418584	999.278590852599	394.00124406926	0.10813633890749	0.516088561886588	0.0010003128399043
6640	-2800.72408569322	999.38262418584	999.278590852599	394.00124406926	0.110213055449164	0.514779432036204	0.0010003128399043
6650	-2799.37534109106	999.38262418584	999.736385464209	393.393130157255	0.109879483049209	0.514198066496382	0.0010003128399043
6660	-2799.11927020833	999.38262418584	999.736385464209	393.393130157255	0.109879483049209	0.507250527766354	0.0010003128399043
6670	-2798.41477328899	999.38262418584	999.736385464209	394.903244515395	0.107844696324345	0.511531044504439	0.0010003128399043
6680	-2797.25712518946	999.38262418584	999.736385464209	387.737778826793	0.10921345134515	0.508661082232152	0.0010003128399043
6690	-2797.25712518946	999.38262418584	999.736385464209	387.737778826793	0.10921345134515	0.508661082232152	0.0010003128399043
6700	-2797.17435653213	999.400620949861	999.736385464209	387.737778826793	0.10924720658868	0.507569572394398	0.00100041770257539
6710	-2797.17435653213	999.400620949861	999.736385464209	387.737778826793	0.10924720658868	0.507569572394398	0.00100041770257539
6720	-2798.15092534595	999.258391691992	999.736385464209	387.737778826793	0.10924720658868	0.507569572394398	0.0010008583197649
6730	-2800.98631883323	999.258391691992	999.736385464209	387.737778826793	0.11104428451614	0.509194978214332	0.0010008583197649
6740	-2799.13006053063	999.258391691992	999.736385464209	384.474254789756	0.11104428451614	0.512890011580869	0.0010008583197649
6750	-2798.70339239211	999.258391691992	999.736385464209	384.474254789756	0.111117838783129	0.519609697164336	0.0010008583197649
6760	-2798.36395905738	999.258391691992	999.736385464209	389.118268110863	0.110324472228344	0.519609697164336	0.0010008583197649
6770	-2798.13517661682	999.258391691992	999.736385464209	389.599114186663	0.107679379003714	0.519609697164336	0.0010008583197649
6780	-2799.05022163233	999.258391691992	999.736385464209	393.366176006968	0.107679379003714	0.519609697164336	0.0010008583197649
6790	-2799.05022163233	999.258391691992	999.736385464209	393.366176006968	0.107679379003714	0.519609697164336	0.0010008583197649
6800	-2799.46520368059	999.258391691992	999.736385464209	388.854425392838	0.106636072130977	0.516424186242481	0.0010008583197649
6810	-2799.28151134317	999.258391691992	999.896299650572	386.653745089222	0.106961587983035	0.516424186242481	0.0010008583197649
6820	-2799.92848656544	999.258391691992	999.896299650572	386.653745089222	0.106961587983035	0.518531289870544	0.00100064144707394
6830	-2799.72153595108	999.258391691992	999.896299650572	389.749641329986	0.105496963591868	0.509564888889768	0.00100167085486584
6840	-2801.14664578462	999.258391691992	999.896299650572	390.614597749044	0.10416425339322	0.514790662199862	0.00100167085486584
6850	-2800.57498174344	999.258391691992	999.896299650572	390.614597749044	0.104937272500814	0.51935145578206	0.00100167085486584
6860	-2799.36847515669	999.258391691992	999.896299650572	390.614597749044	0.106847827495066	0.51935145578206	0.00100167085486584
6870	-2800.42589668635	999.258391691992	999.743157587523	390.788923737494	0.109463172416723	0.517147319510015	0.00100167085486584
6880	-2799.41818952315	999.258391691992	999.384799623343	386.13023360884	0.111208706523005	0.529515668053157	0.00100167085486584
6890	-2799.41818952315	999.258391691992	999.384799623343	386.13023360884	0.111208706523005	0.529515668053157	0.00100167085486584
6900	-2799.41818952315	999.258391691992	999.384799623343	386.13023360884	0.111208706523005	0.529515668053157	0.00100167085486584
6910	-2799.51847122515	999.258391691992	999.384799623343	386.287903272023	0.111390303475814	0.529515668053157	0.00100167085486584
6920	-2801.76626104373	999.258391691992	999.384799623343	384.848276239221	0.112810913821921	0.540668734607171	0.00100167085486584
6930	-2800.24547585647	999.258391691992	999.384799623343	385.225860727548	0.109590601140374	0.540668734607171	0.00100167085486584
6940	-2802.26958841877	999.12942556804	999.464929106527	385.225860727548	0.109590601140374	0.534800541657343	0.00100267822721705
6950	-2799.2141209192	999.12942556804	999.464929106527	390.089949965581	0.109773898084805	0.544300427653115	0.00100075163747209
6960	-2799.43540670607	999.12942556804	999.464929106527	390.089949965581	0.109773898084805	0.546939621636632	0.00100075163747209
6970	-2796.79709280257	999.814642440918	999.464929106527	388.759054567807	0.108988336698631	0.546939621636632	0.00100075163747209
6980	-2797.39137452034	999.814642440918	999.464929106527	389.470700262637	0.107674771158328	0.549880583770373	0.00100140176308226
6990	-2797.39137452034	999.814642440918	999.464929106527	389.470700262637	0.107674771158328	0.549880583770373	0.00100140176308226
7000	-2797.39137452034	999.814642440918	999.464929106527	389.470700262637	0.107674771158328	0.549880583770373	0.00100140176308226