Time	Me-P1	Me-P2	Me-P3	Me-P4	Me-P5	Me-P6	Me-P7	Me-P8	Me-P9	Me-P10	Me-P11	Me-P12	Me-P13	Me-P14	Me-P15
0	0	0	0	0	0	0	0	0	0	0	0	0	0	0	0
32.4000174421115	0	0	0	0	0	0	0	0	0	0	0	0	0	0	0
64.8000280774914	0	0	0	0	0	0	0	0	0	0	0	0	0	0	0
97.2000942151591	0	0	0	0	0	0	0	0	0	0	0	0	0	0	0
129.600086588865	0	0	0	0	0	0	0	0	0	0	0	0	0	0	0
162.000141859602	0	0	0	0	0	0	0	0	0	0	0	0	0	0	0
194.40015798223	0	0	0	0	0	0	0	0	0	0	0	0	0	0	0
226.800150702396	0	0	0	0	0	0	0	0	0	0	0	0	0	0	0
259.20016513874	0	0	0	0	0	0	0	0	0	0	0	0	0	0	0
291.600170916543	0	0	0	0	0	0	0	0	0	0	0	0	0	0	0
324.000181388235	0	0	0	0	0	0	0	0	0	0	0	0	0	0	0
356.400171908988	0	0	0	0	0	0	0	0	0	0	0	0	0	0	0
388.80015883642	0	0	0	0	0	0	0	0	0	0	0	0	0	0	0
421.200194181735	0	0	0	0	0	0	0	0	0	0	0	0	0	0	0
453.600259468489	0	0	0	0	0	0	0	0	0	0	0	0	0	0	0
486.000259273315	0	0	0	0	0	0	0	0	0	0	0	0	0	0	0
518.400256669378	0	0	0	0	0	0	0	0	0	0	0	0	0	0	0
550.800253150867	0	0	0	0	0	0	0	0	0	0	0	0	0	0	0
583.200267872768	0	0	0	0	0	0	0	0	0	0	0	0	0	0	0
615.600305853065	0	0	0	0	0	0	0	0	0	0	0	0	0	0	0
648.000332610949	0	0	0	0	0	0	0	0	0	0	0	0	0	0	0
680.400347552047	0	0	0	0	0	0	0	0	0	0	0	0	0	0	0
712.800347137016	0	0	0	0	0	0	0	0	0	0	0	0	0	0	0
745.200399885009	0	0	0	0	0	0	0	0	0	0	0	0	0	0	0
777.600432469744	0	0	0	0	0	0	0	0	0	0	0	0	0	0	0
810.000421368415	0	0	0	0	0	0	0	0	0	0	0	0	0	0	0
842.400463519625	0	0	0	0	0	0	0	0	0	0	0	0	0	0	0
874.800445163757	0	0	0	0	0	0	0	0	0	0	0	0	0	0	0
907.200448974969	0	0	0	0	0	0	0	0	0	0	0	0	0	0	0
939.600461794472	0	0	0	0	0	0	0	0	0	0	0	0	0	0	0
972.000475202718	0	0	0	0	0	0	0	0	0	0	0	0	0	0	0
1004.40048498804	0	0	0	0	0	0	0	0	0	0	0	0	0	0	0
1036.8005054268	0	0	0	0	0	0	0	0	0	0	0	0	0	0	0
1069.20050954699	0	0	0	0	0	0	0	0	0	0	0	0	0	0	0
1101.60053043508	0	0	0	0	0	0	0	0	0	0	0	0	0	0	0
1134.00056269827	0	0	0	0	0	0	0	0	0	0	0	0	0	0	0
1166.40057174122	0	0	0	0	0	0	0	0	0	0	0	0	0	0	0
1198.80056825681	0	0	0	0	0	0	0	0	0	0	0	0	0	0	0
1231.20058785446	0	0	0	0	0	0	0	0	0	0	0	0	0	0	0
1263.60061151355	0	0	0	0	0	0	0	0	0	0	0	0	0	0	0
1296.00063268246	0	0	0	0	0	0	0	0	0	0	0	0	0	0	0
1328.40064206091	0	0	0	0	0	0	0	0	0	0	0	0	0	0	0
1360.8006307216	0	0	0	0	0	0	0	0	0	0	0	0	0	0	0
1393.20063412581	0	0	0	0	0	0	0	0	0	0	0	0	0	0	0
1425.6006727072	0	0	0	0	0	0	0	0	0	0	0	0	0	0	0
1458.00071610249	0	0	0	0	0	0	0	0	0	0	0	0	0	0	0
1490.40072065359	0	0	0	0	0	0	0	0	0	0	0	0	0	0	0
1522.80071408563	0	0	0	0	0	0	0	0	0	0	0	0	0	0	0
1555.20073262008	0	0	0	0	0	0	0	0	0	0	0	0	0	0	0
1587.60076186279	0	0	0	0	0	0	0	0	0	0	0	0	0	0	0
1620.00074881269	0	0	0	0	0	0	0	0	0	0	0	0	0	0	0
1652.40075491305	0	0	0	0	0	0	0	0	0	0	0	0	0	0	0
1684.80076937642	0	0	0	0	0	0	0	0	0	0	0	0	0	0	0
1717.20078723933	0	0	0	0	0	0	0	0	0	0	0	0	0	0	0
1749.60079093627	0	0	0	0	0	0	0	0	0	0	0	0	0	0	0
1782.00081800171	0	0	0	0	0	0	0	0	0	0	0	0	0	0	0
1814.40082839279	0	0	0	0	0	0	0	0	0	0	0	0	0	0	0
1846.80083272313	0	0	0	0	0	0	0	0	0	0	0	0	0	0	0
1879.20085160549	0	0	0	0	0	0	0	0	0	0	0	0	0	0	0
1911.60086302385	0	0	0	0	0	0	0	0	0	0	0	0	0	0	0
1944.00087937008	0	0	0	0	0	0	0	0	0	0	0	0	0	0	0
1976.40087599459	0	0	0	0	0	0	0	0	0	0	0	0	0	0	0
2008.80088423839	0	0	0	0	0	0	0	0	0	0	0	0	0	0	0
2041.20089414042	0	0	0	0	0	0	0	0	0	0	0	0	0	0	0
2073.60089797321	0	0	0	0	0	0	0	0	0	0	0	0	0	0	0
2106.00090315155	0	0	0	0	0	0	0	0	0	0	0	0	0	0	0
2138.4009080795	0	0	0	0	0	0	0	0	0	0	0	0	0	0	0
2170.80092066587	0	0	0	0	0	0	0	0	0	0	0	0	0	0	0
2203.20093107617	0	0	0	0	0	0	0	0	0	0	0	0	0	0	0
2235.60093790487	0	0	0	0	0	0	0	0	0	0	0	0	0	0	0
2268.00097684532	0	0	0	0	0	0	0	0	0	0	0	0	0	0	0
2300.40097286347	0	0	0	0	0	0	0	0	0	0	0	0	0	0	0
2332.80099176492	0	0	0	0	0	0	0	0	0	0	0	0	0	0	0
2365.20101902552	0	0	0	0	0	0	0	0	0	0	0	0	0	0	0
2397.60102717804	0	0	0	0	0	0	0	1	0	0	0	0	0	0	0
2430.00102198509	0	0	0	0	0	0	0	1	0	0	0	0	0	0	0
2462.40104032662	0	0	0	0	0	0	0	1	0	0	0	0	0	0	0
2494.80104683329	0	0	0	0	0	0	0	1	0	0	0	0	0	0	0
2527.20105299081	0	0	0	0	0	0	0	1	0	0	0	0	0	0	0
2559.60107787845	0	0	0	0	0	0	0	1	0	0	0	0	0	0	0
2592.0010751297	0	0	0	0	0	0	0	1	0	0	0	0	0	0	0
2624.40105845298	0	0	0	1	0	0	0	1	0	0	0	0	0	0	0
2656.80109140158	0	0	0	1	0	0	0	1	0	0	0	0	0	0	0
2689.20110429076	0	0	0	1	0	0	0	1	0	0	0	0	0	0	0
2721.60109718369	0	0	0	1	0	0	0	1	0	0	0	0	0	0	0
2754.00111358959	0	0	0	1	0	0	0	1	0	0	0	0	0	0	0
2786.40112871082	0	0	0	1	0	0	0	1	0	0	0	0	0	0	0
2818.80114342271	0	0	0	1	0	0	0	1	0	0	0	0	0	0	0
2851.20115738292	0	0	0	1	0	0	0	1	0	0	0	0	0	0	0
2883.60115182035	0	0	0	1	0	0	0	1	0	0	0	0	0	0	0
2916.00116798358	0	0	0	1	0	0	0	1	0	0	0	0	0	0	0
2948.40117369483	0	0	0	1	0	0	0	1	0	0	0	0	0	0	0
2980.80118341755	0	0	0	1	0	0	0	1	0	0	0	0	0	0	0
3013.20118963653	0	0	0	1	0	0	0	1	0	0	0	0	0	0	0
3045.60118506218	0	0	0	1	0	0	0	1	0	0	0	0	0	0	0
3078.00118855431	0	0	0	1	0	0	0	1	0	0	0	0	0	0	0
3110.40120173781	0	0	0	1	0	0	0	1	0	0	0	0	0	0	0
3142.80120618606	0	0	0	1	0	0	0	1	0	0	0	0	0	0	0
3175.20121900223	0	0	0	1	0	0	0	1	0	0	0	0	0	0	0
3207.60122588241	0	0	0	1	0	0	0	1	0	0	0	0	0	0	0
3240.00122994785	0	0	0	1	0	0	0	1	0	0	0	0	0	0	0
3272.40125395674	0	0	0	1	0	0	0	1	0	0	0	0	0	0	0
3304.80126506463	0	0	0	1	0	0	0	1	0	0	0	0	0	0	0
3337.2012660742	0	0	0	1	0	0	0	1	0	0	0	0	0	0	0
3369.60127462724	0	0	0	1	0	0	0	1	0	0	0	0	0	0	0
3402.00127726394	0	0	0	1	0	0	0	1	0	0	0	0	0	0	0
3434.4012818815	0	0	0	1	0	0	0	1	0	0	0	0	0	0	0
3466.8012702027	0	0	0	1	0	0	0	1	0	0	0	0	0	0	0
3499.20127697305	0	0	0	1	0	0	0	1	0	0	0	0	0	0	0
3531.60130103253	0	0	0	1	0	0	0	1	0	0	0	0	0	0	0
3564.00129875087	0	0	0	1	0	0	0	1	0	0	0	0	0	0	0
3596.40129998064	0	0	0	1	0	0	0	1	0	0	0	0	0	0	0
3628.80131205181	0	0	0	1	0	0	0	1	0	0	0	0	0	0	0
3661.20134031831	0	0	0	1	0	0	0	1	0	0	0	0	0	0	0
3693.60131531292	0	0	0	1	0	0	0	1	0	0	0	0	0	0	0
3726.00135430899	0	0	0	1	0	0	0	1	0	0	0	0	0	0	0
3758.40136048718	0	0	0	1	0	0	0	1	0	0	0	0	0	0	0
3790.8013702249	0	0	0	1	0	0	0	1	0	0	0	0	0	0	0
3823.20137509025	0	0	0	1	0	0	0	1	0	0	0	0	0	0	0
3855.60137334139	0	0	0	1	0	0	0	1	0	0	0	0	0	0	0
3888.00139263844	0	0	0	1	0	0	0	1	0	0	0	0	0	0	0
3920.40140332518	0	0	0	1	0	0	0	1	0	0	0	0	0	0	0
3952.80140770657	0	0	0	1	0	0	0	1	0	0	0	0	0	0	0
3985.2014064762	0	0	0	1	0	0	0	1	0	0	0	0	0	0	0
4017.60142798065	0	0	0	1	0	0	0	1	0	0	0	0	0	0	0
4050.00145485586	0	0	0	1	0	0	0	1	0	0	0	0	0	0	0
4082.40146530758	0	0	0	1	0	0	0	1	0	0	0	0	0	0	0
4114.80146442537	0	0	0	1	0	0	0	1	0	0	0	0	0	0	0
4147.20148811995	0	0	0	1	0	0	0	1	0	0	0	0	0	0	0
4179.60151714949	0	0	0	1	0	0	0	1	0	0	0	0	0	0	0
4212.00151780425	0	0	0	1	0	0	0	1	0	0	0	0	0	0	0
4244.40153883247	0	0	0	1	0	0	0	1	0	0	0	0	0	0	0
4276.80157927296	0	0	0	1	0	0	0	1	0	0	0	0	0	0	0
4309.20160814828	0	0	0	1	0	0	0	1	0	0	0	0	0	0	0
4341.60160909938	0	0	0	1	0	0	0	1	0	0	0	0	0	0	0
4374.00161897407	0	0	0	1	0	0	0	1	0	0	0	0	0	0	0
4406.40158959621	0	0	0	1	0	0	0	1	0	0	0	0	0	0	0
4438.8016264951	0	0	0	2	0	0	0	1	0	0	0	0	0	0	0
4471.20163306872	0	0	0	2	0	0	0	1	0	0	0	0	0	0	0
4503.60164379984	0	0	0	2	0	0	0	1	0	0	0	0	0	0	0
4536.00164544013	0	0	0	2	0	0	0	1	0	0	0	0	0	0	0
4568.40167131579	0	0	0	2	0	0	0	1	0	0	0	0	0	0	0
4600.80165787802	0	0	0	2	0	0	0	1	0	0	0	0	0	0	0
4633.20166699699	0	0	0	2	0	0	0	1	0	0	0	0	0	0	0
4665.60167747149	0	0	0	2	0	0	0	1	0	0	0	0	0	0	0
4698.00168282695	0	0	0	2	0	0	0	1	0	0	0	0	0	0	0
4730.40168001663	0	0	0	2	0	0	0	1	0	0	0	0	0	0	0
4762.80168950803	0	0	0	2	0	0	0	1	0	0	0	0	0	0	0
4795.20169536201	0	0	0	2	0	0	0	1	0	0	0	0	0	0	0
4827.60170359749	0	0	0	2	0	0	0	1	0	0	0	0	0	0	0
4860.00170342799	0	0	0	2	0	0	0	1	0	0	0	0	0	0	0
4892.40174259893	0	0	0	2	0	0	0	1	0	0	0	0	0	0	0
4924.80175699817	0	0	0	2	0	0	0	1	0	0	0	0	0	0	0
4957.20177799187	0	0	0	2	0	0	0	1	0	0	0	0	0	0	0
4989.60175388293	0	0	0	2	0	0	0	1	0	0	0	0	0	0	0
5022.00180030516	0	0	0	2	0	0	0	1	0	0	0	0	0	0	0
5054.40180269916	0	0	0	2	0	0	0	1	0	0	0	0	0	0	0
5086.8018033742	0	0	0	2	0	0	0	1	0	0	0	0	0	0	0
5119.20181010726	0	0	0	2	0	0	0	1	0	0	0	0	0	0	0
5151.60180160409	0	0	0	2	0	0	0	1	0	0	0	0	0	0	0
5184.00181882916	0	0	0	2	0	1	0	2	0	0	0	0	0	0	0
5216.40181141883	0	0	0	2	0	1	0	2	0	0	0	0	0	0	0
5248.80177754078	0	0	0	2	0	1	0	2	0	0	0	0	0	0	0
5281.20184071773	0	0	0	2	0	1	0	1	0	0	0	0	0	0	0
5313.60185787064	0	0	0	2	0	1	0	1	0	0	0	0	0	0	0
5346.00186732255	0	0	0	2	0	1	0	1	0	0	0	0	0	0	0
5378.40188294572	0	0	0	2	0	1	0	1	0	0	0	0	0	0	0
5410.80189822442	0	0	0	2	0	1	0	1	0	0	0	0	0	0	0
5443.20194280156	0	0	0	2	0	1	0	1	0	0	0	0	0	0	0
5475.60194467366	0	0	0	2	0	1	0	1	0	0	0	0	0	0	0
5508.00194374676	0	0	0	2	0	1	0	1	0	0	0	0	0	0	0
5540.40199998483	0	0	0	2	0	1	0	1	0	0	0	0	0	0	0
5572.80200941821	0	0	0	2	0	0	0	1	0	0	0	0	0	0	0
5605.20202199428	0	0	0	2	0	0	0	1	0	0	0	0	0	0	0
5637.60202898455	0	0	0	2	0	0	0	1	0	0	0	0	0	0	0
5670.00203838383	0	0	0	2	0	0	0	1	0	0	0	0	0	0	0
5702.40204095843	0	0	0	2	0	0	0	1	0	0	0	0	0	0	0
5734.80206755572	0	0	0	2	0	0	0	1	0	0	0	0	0	0	0
5767.20206766378	0	0	0	2	0	0	0	1	0	0	0	0	0	0	0
5799.60206850768	0	0	0	2	0	0	0	1	0	0	0	0	0	0	0
5832.00208515267	0	0	0	2	0	0	0	1	0	0	0	0	0	0	0
5864.40209139954	0	0	0	2	0	0	0	1	0	0	0	0	0	0	0
5896.80209610432	0	0	0	2	0	0	0	1	0	0	0	0	0	0	0
5929.2020967594	0	0	0	2	0	0	0	1	0	0	0	0	0	0	0
5961.60211158505	0	0	0	2	0	0	0	1	0	0	0	0	0	0	0
5994.00211190858	0	0	0	2	0	0	0	1	0	0	0	0	0	0	0
6026.40211161713	0	0	0	2	0	0	0	1	0	0	0	0	0	0	0
6058.80211697288	0	0	0	2	0	0	0	1	0	0	0	0	0	0	0
6091.20212069276	0	0	0	2	0	0	0	1	0	0	0	0	0	0	0
6123.60211465047	0	0	0	2	0	0	0	1	0	0	0	0	0	0	0
6156.00212395288	0	0	0	2	0	0	0	1	0	0	0	0	0	0	0
6188.40213571285	0	0	0	2	0	0	0	1	0	0	0	0	0	0	0
6220.80213658029	0	0	0	2	0	0	0	1	0	0	0	0	0	0	0
6253.20214027894	0	0	0	2	0	0	0	1	0	0	0	0	0	0	0
6285.60215067117	0	0	0	2	0	0	0	1	0	0	0	0	0	0	0
6318.00215982319	0	0	0	2	0	0	0	1	0	0	0	0	0	0	0
6350.40217719702	0	0	0	2	0	0	0	1	0	0	0	0	0	0	0
6382.80219252557	0	0	0	2	0	0	0	1	0	0	0	0	0	0	0
6415.20219899721	0	0	0	2	0	0	0	1	0	0	0	0	0	0	0
6447.60219582068	0	0	0	2	0	0	0	1	0	0	0	0	0	0	0
6480.00222206184	0	0	0	2	0	0	0	1	0	0	0	0	0	0	0
6512.40221589152	0	0	0	2	0	0	0	1	0	0	0	0	0	0	0
6544.80222639709	0	0	0	2	0	0	0	1	0	0	0	0	0	0	0
6577.20223829003	0	0	0	2	0	0	0	1	0	0	0	0	0	0	0
6609.60224826671	0	0	0	2	0	0	0	1	0	0	0	0	0	0	0
6642.00226781438	0	0	0	2	0	0	0	1	0	0	0	0	0	0	0
6674.40224992928	0	0	0	2	0	0	0	1	0	0	0	0	0	0	0
6706.80228264429	0	0	0	2	0	0	0	1	0	0	0	0	0	0	0
6739.20227181954	0	0	0	2	0	0	0	1	0	0	0	0	0	0	0
6771.60228673674	0	0	0	2	0	0	0	1	0	0	0	0	0	0	0
6804.00228629012	0	0	0	2	0	0	0	1	0	0	0	0	0	0	0
6836.4023099858	0	0	0	2	0	0	0	1	0	0	0	0	0	0	0
6868.80230735807	0	0	0	2	0	0	0	1	0	0	0	0	0	0	0
6901.20230201621	0	0	0	2	0	0	0	1	0	0	0	0	0	0	0
6933.60231805482	0	0	0	2	0	0	0	1	0	0	0	0	0	0	0
6966.00231776135	0	0	0	2	0	0	0	1	0	0	0	0	0	0	0
6998.40232313749	0	0	0	2	0	0	0	1	0	0	0	0	0	0	0
7030.80233471587	0	0	0	2	0	0	0	1	0	0	0	0	0	0	0
7063.20235224857	0	0	0	2	0	0	0	1	0	0	0	0	0	0	0
7095.6023509321	0	0	0	2	0	0	0	1	0	0	0	0	0	0	0
7128.0023589376	0	0	0	2	0	0	0	1	0	0	0	0	0	0	0
7160.40236346642	0	0	0	2	0	0	0	1	0	0	0	0	0	0	0
7192.80233024347	0	0	0	2	0	0	0	1	0	0	0	0	0	0	0
7225.20238429543	0	0	0	2	0	0	0	1	0	0	0	0	0	0	0
7257.60237766613	0	0	0	2	0	0	0	1	0	0	0	0	0	0	0
7290.00239048337	0	0	0	2	0	0	0	1	0	0	0	0	0	0	0
7322.40239160121	0	0	0	2	0	0	0	1	0	0	0	0	0	0	0
7354.80238003189	0	0	0	2	0	0	0	1	0	0	0	0	0	0	0
7387.20239444923	0	0	0	2	0	0	0	1	0	0	0	0	0	0	0
7419.60240971542	0	0	0	2	0	0	0	1	0	0	0	0	0	0	0
7452.00243731129	0	0	0	2	0	0	0	2	0	0	0	0	0	0	0
7484.40241697823	0	0	0	2	0	0	0	2	0	0	0	0	0	0	0
7516.80244832406	0	0	0	2	0	0	0	2	0	0	0	0	0	0	0
7549.20246413442	0	0	0	2	0	0	0	2	0	0	0	0	0	0	0
7581.60248078064	0	0	0	2	0	0	0	2	0	0	0	0	0	0	0
7614.00247815579	0	0	0	2	0	0	0	2	0	0	0	0	0	0	0
7646.40249402002	0	0	0	2	0	0	0	2	0	0	0	0	0	0	0
7678.80249910195	0	0	0	2	0	0	0	2	0	0	0	0	0	0	0
7711.2024952281	0	0	0	2	0	0	0	2	0	0	0	0	0	0	0
7743.60250747132	0	0	0	2	0	0	0	2	0	0	0	0	0	0	0
7776.00251018523	0	0	0	2	0	0	0	2	0	0	0	0	0	0	0
7808.40252499134	0	0	0	2	0	0	0	2	0	0	0	0	0	0	0
7840.80251794913	0	0	0	2	0	0	0	2	0	0	0	0	0	0	0
7873.20253029497	0	0	0	2	0	0	0	2	0	0	0	0	0	0	0
7905.60252964266	0	0	0	2	0	0	0	2	0	0	0	0	0	0	0
7938.00255092665	0	0	0	2	0	0	0	2	0	0	0	0	0	0	0
7970.40254570965	0	0	0	3	0	0	0	2	0	0	0	0	0	0	0
8002.80254498155	0	0	0	3	0	0	0	2	0	0	0	0	0	0	0
8035.20255241448	0	0	0	3	0	0	0	2	0	0	0	0	0	0	0
8067.60255056218	0	0	0	3	0	0	0	2	0	0	0	0	0	0	0
8100.00255659303	0	0	0	3	0	0	0	2	0	0	0	0	0	0	0
8132.40255527728	0	0	0	3	0	0	0	2	0	0	0	0	0	0	0
8164.80254888311	0	0	0	3	0	0	0	2	0	0	0	0	0	0	0
8197.20255640448	0	0	0	3	0	0	0	2	0	0	0	0	0	0	0
8229.6025748746	0	0	0	3	0	0	0	2	0	0	0	0	0	0	0
8262.00257459417	0	0	0	3	0	0	0	2	0	0	0	0	0	0	0
8294.40257571412	0	0	0	3	0	0	0	2	0	0	0	0	0	0	0
8326.80259531527	0	0	0	3	0	0	0	2	0	0	0	0	0	0	0
8359.20259287006	0	0	0	3	0	0	0	2	0	0	0	0	0	0	0
8391.60259854218	0	0	0	3	0	0	0	2	0	0	0	0	0	0	0
8424.00260123138	0	0	0	3	0	0	0	2	0	0	0	0	0	0	0
8456.40262184862	0	0	0	3	0	0	0	2	0	0	0	0	0	0	0
8488.80261974989	0	0	0	3	0	0	0	2	0	0	0	0	0	0	0
8521.20263324358	0	0	0	3	0	0	0	2	0	0	0	0	0	0	0
8553.60265576049	0	0	0	3	0	0	0	2	0	0	0	0	0	0	0
8586.00266455565	0	0	0	3	0	0	0	2	0	0	0	0	0	0	0
8618.40267751416	0	0	0	3	0	0	0	2	0	0	0	0	0	0	0
8650.80269114177	0	0	0	3	0	0	0	2	0	0	0	0	0	0	0
8683.20269093082	0	0	0	3	0	0	0	2	0	0	0	0	0	0	0
8715.60270003812	0	0	0	3	0	0	0	2	0	0	0	0	0	0	0
8748.00270955967	0	0	0	3	0	0	0	2	0	0	0	0	0	0	0
8780.40270981808	0	0	0	3	0	0	0	2	0	0	0	0	0	0	0
8812.80271004419	0	0	0	3	0	0	0	2	0	0	0	0	0	0	0
8845.20271503532	0	0	0	3	0	0	0	2	0	0	0	0	0	0	0
8877.60272504103	0	0	0	3	0	0	0	2	0	0	0	0	0	0	0
8910.00273454886	0	0	0	3	0	0	0	2	0	0	0	0	0	0	0
8942.40275937054	0	0	0	3	0	0	0	2	0	0	0	0	0	0	0
8974.80275382282	0	0	0	3	0	0	0	2	0	0	0	0	0	0	0
9007.20276348656	0	0	0	3	0	0	0	2	0	0	0	0	0	0	0
9039.60275364224	0	0	0	3	0	0	0	2	0	0	0	0	0	0	0
9072.00277315446	0	0	0	3	0	0	0	2	0	0	0	0	0	0	0
9104.40275940431	0	0	0	3	0	0	0	2	0	0	0	0	0	0	0
9136.80278324275	0	0	0	3	0	0	0	2	0	0	0	0	0	0	0
9169.20279690364	0	0	0	3	0	0	0	2	0	0	0	0	0	0	0
9201.60280385707	0	0	0	3	0	0	0	2	0	0	0	0	0	0	0
9234.00279883898	0	0	0	3	0	0	0	2	0	0	0	0	0	0	0
9266.40280022847	0	0	0	3	0	0	0	2	0	0	0	0	0	0	0
9298.80280232121	0	0	0	3	0	0	0	2	0	0	0	0	0	0	0
9331.20282204103	0	0	0	3	0	0	0	2	0	0	0	0	0	0	0
9363.60283014043	0	0	0	3	0	0	0	2	0	0	0	0	0	0	0
9396.00283209101	0	0	0	3	0	0	0	2	0	0	0	0	0	0	0
9428.40283524881	0	0	0	3	0	0	0	2	0	0	0	0	0	0	0
9460.8028406843	0	0	0	3	0	0	0	2	0	0	0	0	0	0	0
9493.20284031189	0	0	0	3	0	0	0	2	0	0	0	0	0	0	0
9525.6028496217	0	0	0	3	0	0	0	2	0	0	0	0	0	0	0
9558.0028467685	0	0	0	3	0	0	0	2	0	0	0	0	0	0	0
9590.40285238566	0	0	0	3	0	0	0	2	0	0	0	0	0	0	0
9622.80285425418	0	0	0	3	0	0	0	2	0	0	0	0	0	0	0
9655.20285867997	0	0	0	3	0	0	0	2	0	0	0	0	0	0	0
9687.60286425529	0	0	0	3	0	0	0	2	0	0	0	0	0	0	0
9720.00286306023	0	0	0	3	0	0	0	2	0	0	0	0	0	0	0
9752.40286453299	0	0	0	3	0	0	0	2	0	0	0	0	0	0	0
9784.80286757561	0	0	0	3	0	0	0	2	0	0	0	0	0	0	0
9817.20287960272	0	0	0	3	0	0	0	2	0	0	0	0	0	0	0
9849.60287357029	0	0	0	3	0	0	0	2	0	0	0	0	0	0	0
9882.00288443618	0	0	0	3	0	0	0	2	0	0	0	0	0	0	0
9914.40288705048	0	0	0	3	0	0	0	2	0	0	0	0	0	0	0
9946.80288992186	0	0	0	3	0	0	0	2	0	0	0	0	0	0	0
9979.20289775424	0	0	0	3	0	0	0	2	0	0	0	0	0	0	0
10011.6029187946	0	0	0	3	0	0	0	2	0	0	0	0	0	0	0
10044.0029315548	0	0	0	3	0	0	0	2	0	0	0	0	0	0	0
10076.4029506794	0	0	0	3	0	0	0	2	0	0	0	0	0	0	0
10108.8029540932	0	0	0	3	0	0	0	2	0	0	0	0	0	0	0
10141.202958653	0	0	0	3	0	0	0	2	0	0	0	0	0	0	0
10173.6029598031	0	0	0	3	0	0	0	2	0	0	0	0	0	0	0
10206.0029871202	0	0	0	4	0	0	0	2	0	0	0	0	0	0	0
10238.4029985887	0	0	0	4	0	0	0	2	0	0	0	0	0	0	0
10270.802990741	0	0	0	4	0	0	0	2	0	0	0	0	0	0	0
10303.2030047144	0	0	0	4	0	0	0	2	0	0	0	0	0	0	0
10335.6030118066	0	0	0	4	0	0	0	2	0	0	0	0	0	0	0
10368.0030135931	0	0	0	4	0	0	0	2	0	0	0	0	0	0	0
10400.4030306558	0	0	0	4	0	0	0	2	0	0	0	0	0	0	0
10432.8030389462	0	0	0	4	0	0	0	2	0	0	0	0	0	0	0
10465.2030413101	0	0	0	4	0	0	0	2	0	0	0	0	0	0	0
10497.6030357696	0	0	0	4	0	0	0	2	0	0	0	0	0	0	0
10530.0030327701	0	0	0	4	0	0	0	2	0	0	0	0	0	0	0
10562.4030381059	0	0	0	4	0	0	0	2	0	0	0	0	0	0	0
10594.8030622216	0	0	0	4	0	0	0	2	0	0	0	0	0	0	0
10627.2030606738	0	0	0	4	0	0	0	2	0	0	0	0	0	0	0
10659.6030537979	0	0	0	4	0	0	0	2	0	0	0	0	0	0	0
10692.0030541921	0	0	0	4	0	0	0	2	0	0	0	0	0	0	0
10724.4030677528	0	0	0	4	0	0	0	2	0	0	0	0	0	0	0
10756.8030767857	0	0	0	4	0	0	0	2	0	0	0	0	0	0	0
10789.2030829648	0	0	0	4	0	0	0	2	0	0	0	0	0	0	0
10821.6030840179	0	0	0	4	0	0	0	2	0	0	0	0	0	0	0
10854.0030844438	0	0	0	4	0	0	0	2	0	0	0	0	0	0	0
10886.4031032919	0	0	0	4	0	0	0	2	0	0	0	0	0	0	0
10918.8031127859	0	0	0	4	0	0	0	2	0	0	0	0	0	0	0
10951.2031143551	0	0	0	4	0	0	0	2	0	0	0	0	0	0	0
10983.6031217723	0	0	0	4	0	0	0	2	0	0	0	0	0	0	0
11016.0031243037	0	0	0	4	0	0	0	2	0	0	0	0	0	0	0
11048.4031442267	0	0	0	4	0	0	0	2	0	0	0	0	0	0	0
11080.803146203	0	0	0	3	0	0	0	2	0	0	0	0	0	0	0
11113.2031663976	0	0	0	3	0	0	0	2	0	0	0	0	0	0	0
11145.6031659775	0	0	0	3	0	0	0	2	0	0	0	0	0	0	0
11178.0031635023	0	0	0	3	0	0	0	2	0	0	0	0	0	0	0
11210.4031591679	0	0	0	3	0	0	0	2	0	0	0	0	0	0	0
11242.8031563704	0	0	0	3	0	0	0	2	0	0	0	0	0	0	0
11275.2031678555	0	0	0	3	0	1	0	2	0	0	0	0	0	0	0
11307.6031980253	0	0	0	3	0	1	0	2	0	0	0	0	0	0	0
11340.0032075648	0	0	0	3	0	1	0	2	0	0	0	0	0	0	0
11372.4032077998	0	0	0	3	0	1	0	2	0	0	0	0	0	0	0
11404.8031967791	0	0	0	3	0	1	0	2	0	0	0	0	0	0	0
11437.2032169899	0	0	0	3	0	1	0	2	0	0	0	0	0	0	0
11469.6032292465	0	0	0	3	0	1	0	2	0	0	0	0	0	0	0
11502.0032387691	0	0	0	3	0	1	0	2	0	0	0	0	0	0	0
11534.4032449572	0	0	0	3	0	1	0	2	0	0	0	0	0	0	0
11566.8032598871	0	0	0	3	0	1	0	2	0	0	0	0	0	0	0
11599.2032597715	0	0	0	3	0	1	0	2	0	0	0	0	0	0	0
11631.6032344321	0	0	0	3	0	1	0	2	0	0	0	0	0	0	0
11664.0032708594	0	0	0	3	0	1	0	2	0	0	0	0	0	0	0
11696.4032751283	0	0	0	3	0	1	0	2	0	0	0	0	0	0	0
11728.8032732413	0	0	0	3	0	1	0	2	0	0	0	0	0	0	0
11761.2032728181	0	0	0	3	0	1	0	2	0	0	0	0	0	0	0
11793.6032708341	0	0	0	3	0	1	0	2	0	0	0	0	0	0	0
11826.0033026964	0	0	0	3	0	1	0	2	0	0	0	0	0	0	0
11858.403301439	0	0	0	3	0	1	0	2	0	0	0	0	0	0	0
11890.8033073597	0	0	0	3	0	1	0	2	0	0	0	0	0	0	0
11923.2033094842	0	0	0	3	0	1	0	2	0	0	0	0	0	0	0
11955.6033250435	0	0	0	3	0	1	0	2	0	0	0	0	0	0	0
11988.0033293583	0	0	0	3	0	1	0	2	0	0	0	0	0	0	0
12020.4033398054	0	0	0	3	0	1	0	2	0	0	0	0	0	0	0
12052.8033415462	0	0	0	3	0	1	0	2	0	0	0	0	0	0	0
12085.2033473958	0	0	0	3	0	1	0	2	0	0	0	0	0	0	0
12117.6033492565	0	0	0	3	0	1	0	2	0	0	0	0	0	0	0
12150.0033525698	0	0	0	3	0	1	0	2	0	0	0	0	0	0	0
12182.4033516549	0	0	0	3	0	1	0	2	0	0	0	0	0	0	0
12214.8033448946	0	0	0	3	0	1	0	2	0	0	0	0	0	0	0
12247.2033866288	0	0	0	3	0	1	0	2	0	0	0	0	0	0	0
12279.6033935305	0	0	0	3	0	1	0	2	0	0	0	0	0	0	0
12312.0033820356	0	0	0	3	0	1	0	2	0	0	0	0	0	0	0
12344.4033978038	0	0	0	3	0	1	0	2	0	0	0	0	0	0	0
12376.8033819441	0	0	0	3	0	1	0	2	0	0	0	0	0	0	0
12409.2033944351	0	0	0	3	0	1	0	2	0	0	0	0	0	0	0
12441.6034158972	0	0	0	4	0	1	0	2	0	0	0	0	0	0	0
12474.0034190752	0	0	0	4	0	1	0	2	0	0	0	0	0	0	0
12506.4034120744	0	0	0	4	0	1	0	2	0	0	0	0	0	0	0
12538.8034268748	0	0	0	4	0	1	0	2	0	0	0	0	0	0	0
12571.2034338006	0	0	0	4	0	1	0	2	0	0	0	0	0	0	0
12603.6034513427	0	0	0	4	0	1	0	2	0	0	0	0	0	0	0
12636.0034541753	0	0	0	4	0	1	0	2	0	0	0	0	0	0	0
12668.4034530454	0	0	0	4	0	1	0	2	0	0	0	0	0	0	0
12700.8034648542	0	0	0	4	0	1	0	2	0	0	0	0	0	0	0
12733.2034682909	0	0	0	4	0	1	0	2	0	0	0	0	0	0	0
12765.6034742301	0	0	0	4	0	1	0	2	0	0	0	0	0	0	0
12798.0034771588	0	0	0	4	0	0	0	2	0	0	0	0	0	0	0
12830.4034658967	0	0	0	4	0	0	0	2	0	0	0	0	0	0	0
12862.8034852964	0	0	0	4	0	0	0	2	0	0	0	0	0	0	0
12895.20349774	0	0	0	4	0	0	0	2	0	0	0	0	0	0	0
12927.6034985683	0	0	0	4	0	0	0	2	0	0	0	0	0	0	0
12960.0035044388	0	0	0	4	0	0	0	2	0	0	0	0	0	0	0
12992.4035087858	0	0	0	4	0	0	0	2	0	0	0	0	0	0	0
13024.8035151341	0	0	0	4	0	0	0	2	0	0	0	0	0	0	0
13057.2035245372	0	0	0	4	0	0	0	2	0	0	0	0	0	0	0
13089.6035311559	0	0	0	4	0	0	0	2	0	0	0	0	0	0	0
13122.0035361969	0	0	0	4	0	0	0	2	0	0	0	0	0	0	0
13154.4035465384	0	0	0	4	0	0	0	2	0	0	0	0	0	0	0
13186.8035391164	0	0	0	4	0	0	0	2	0	0	0	0	0	0	0
13219.203561165	0	0	0	4	0	0	0	2	0	0	0	0	0	0	0
13251.6035590335	0	0	0	4	0	0	0	2	0	0	0	0	0	0	0
13284.0035732392	0	0	0	4	0	0	0	2	0	0	0	0	0	0	0
13316.4035734081	0	0	0	4	0	0	0	2	0	0	0	0	0	0	0
13348.8035802657	0	0	0	4	0	0	0	2	0	0	0	0	0	0	0
13381.2035776843	0	0	0	4	0	0	0	2	0	0	0	0	0	0	0
13413.6035948468	0	0	0	4	0	0	0	2	0	0	0	0	0	0	0
13446.0036217869	0	0	0	4	0	0	0	2	0	0	0	0	0	0	0
13478.4036136754	0	0	0	4	0	0	0	2	0	0	0	0	0	0	0
13510.8036288139	0	0	0	4	0	0	0	2	0	0	0	0	0	0	0
13543.2036297917	0	0	0	4	0	0	0	2	0	0	0	0	0	0	0
13575.6036383856	0	0	0	4	0	0	0	2	0	0	0	0	0	0	0
13608.0036393127	0	0	0	4	0	0	0	2	0	0	0	0	0	0	0
13640.4036453139	0	0	0	4	0	0	0	2	0	0	0	0	0	0	0
13672.8036457714	0	0	0	4	0	0	0	2	0	0	0	0	0	0	0
13705.2036512998	0	0	0	4	0	0	0	2	0	0	0	0	0	0	0
13737.6036623103	0	0	0	4	0	0	0	2	0	0	0	0	0	0	0
13770.003664539	0	0	0	4	0	0	0	2	0	0	0	0	0	0	0
13802.4036739649	0	0	0	4	0	0	0	2	0	0	0	0	0	0	0
13834.8036704346	0	0	0	5	0	0	0	2	0	0	0	0	0	0	0
13867.2036830861	0	0	0	5	0	0	0	2	0	0	0	0	0	0	0
13899.6036838046	0	0	0	6	0	0	0	2	0	0	0	0	0	0	0
13932.0036881455	0	0	0	6	0	0	0	2	0	0	0	0	0	0	0
13964.403696466	0	0	0	6	0	0	0	2	0	0	0	0	0	0	0
13996.8036843597	0	0	0	6	0	0	0	2	0	0	0	0	0	0	0
14029.2037002949	0	0	0	6	0	0	0	2	0	0	0	0	0	0	0
14061.6037023744	0	0	0	6	0	0	0	2	0	0	0	0	0	0	0
14094.0037048976	0	0	0	6	0	0	0	2	0	0	0	0	0	0	0
14126.4037196694	0	0	0	6	0	0	0	2	0	0	0	0	0	0	0
14158.8037218825	0	0	0	6	0	0	0	2	0	0	0	0	0	0	0
14191.2037214164	0	0	0	6	0	0	0	2	0	0	0	0	0	0	0
14223.6037245207	0	0	0	6	0	0	0	2	0	0	0	0	0	0	0
14256.0037319278	0	0	0	6	0	0	0	2	0	0	0	0	0	0	0
14288.4037437887	0	0	0	6	0	0	0	2	0	0	0	0	0	0	0
14320.8037534416	0	0	0	6	0	0	0	2	0	0	0	0	0	0	0
14353.203749364	0	0	0	6	0	0	0	2	0	0	0	0	0	0	0
14385.6037580138	0	0	0	6	0	0	0	2	0	0	0	0	0	0	0
14418.0037607044	0	0	0	6	0	0	0	2	0	0	0	0	0	0	0
14450.4037615384	0	0	0	6	0	0	0	2	0	0	0	0	0	0	0
14482.8037642472	0	0	0	6	0	0	0	2	0	0	0	0	0	0	0
14515.203776528	0	0	0	6	0	0	0	2	0	0	0	0	0	0	0
14547.6037785361	0	0	0	6	0	0	0	2	0	0	0	0	0	0	0
14580.0037853617	0	0	0	6	0	0	0	2	0	0	0	0	0	0	0
14612.4037890826	0	0	0	6	0	0	0	2	0	0	0	0	0	0	0
14644.8037908541	0	0	0	6	0	0	0	2	0	0	0	0	0	0	0
14677.2037873109	0	0	0	6	0	0	0	2	0	0	0	0	0	0	0
14709.6038027642	0	0	0	6	0	0	0	2	0	0	0	0	0	0	0
14742.0038121847	0	0	0	6	0	0	0	2	0	0	0	0	0	0	0
14774.4038204904	0	0	0	6	0	0	0	2	0	0	0	0	0	0	0
14806.8038194712	0	0	0	6	0	0	0	2	0	0	0	0	0	0	0
14839.2038351789	0	0	0	6	0	0	0	2	0	0	0	0	0	0	0
14871.6038287597	0	0	0	6	0	0	0	2	0	0	0	0	0	0	0
14904.0038306845	0	0	0	6	0	0	0	2	0	0	0	0	0	0	0
14936.4038425841	0	0	0	6	0	0	0	2	0	0	0	0	0	0	0
14968.8038385087	0	0	0	6	0	0	0	2	0	0	0	0	0	0	0
15001.2038449962	0	0	0	7	0	0	0	2	0	0	0	0	0	0	0
15033.6038459675	0	0	0	7	0	0	0	2	0	0	0	0	0	0	0
15066.0038565749	0	0	0	7	0	0	0	2	0	0	0	0	0	0	0
15098.4038594503	0	0	0	7	0	0	0	2	0	0	0	0	0	0	0
15130.8038671044	0	0	0	7	0	0	0	2	0	0	0	0	0	0	0
15163.2038737006	0	0	0	7	0	1	0	2	0	0	0	0	0	0	0
15195.6038737464	0	0	0	7	0	1	0	2	0	0	0	0	0	0	0
15228.0039037555	0	0	0	7	0	1	0	2	0	0	0	0	0	0	0
15260.4039019897	0	0	0	7	0	1	0	2	0	0	0	0	0	0	0
15292.8038929986	0	0	0	7	0	1	0	2	0	0	0	0	0	0	0
15325.2039011605	0	0	0	7	0	1	0	2	0	0	0	0	0	0	0
15357.60391188	0	0	0	7	0	1	0	2	0	0	0	0	0	0	0
15390.0039084647	0	0	0	7	0	1	0	2	0	0	0	0	0	0	0
15422.4039324937	0	0	0	7	0	1	0	2	0	0	0	0	0	0	0
15454.8039372602	0	0	0	7	0	1	0	2	0	0	0	0	0	0	0
15487.2039404249	0	0	0	7	0	1	0	2	0	0	0	0	0	0	0
15519.6039486123	0	0	0	7	0	1	0	2	0	0	0	0	0	0	0
15552.0039444603	0	0	0	7	0	1	0	2	0	0	0	0	0	0	0
15584.4039644731	0	0	0	7	0	1	0	2	0	0	0	0	0	0	0
15616.8039631124	0	0	0	7	0	1	0	2	0	0	0	0	0	0	0
15649.2039615449	0	0	0	7	0	1	0	2	0	0	0	0	0	0	0
15681.6039693587	0	0	0	6	0	1	0	2	0	0	0	0	0	0	0
15714.003965433	0	0	0	6	0	1	0	2	0	0	0	0	0	0	0
15746.4039800118	0	0	0	6	0	1	0	2	0	0	0	0	0	0	0
15778.8039865846	0	0	0	6	0	1	0	2	0	0	0	0	0	0	0
15811.204004517	0	0	0	6	0	1	0	2	0	0	0	0	0	0	0
15843.6040097205	0	0	0	6	0	1	0	2	0	0	0	0	0	0	0
15876.0040228262	0	0	0	6	0	1	0	2	0	0	0	0	0	0	0
15908.4040280454	0	0	0	6	0	1	0	2	0	0	0	0	0	0	0
15940.8040406556	0	0	0	6	0	1	0	2	0	0	0	0	0	0	0
15973.204035754	0	0	0	6	0	1	0	2	0	0	0	0	0	0	0
16005.604049011	0	0	0	6	0	1	0	2	0	0	0	0	0	0	0
16038.0040625504	0	0	0	6	0	1	0	2	0	0	0	0	0	0	0
16070.4040623081	0	0	0	6	0	1	0	2	0	0	0	0	0	0	0
16102.8040655325	0	0	0	6	0	1	0	2	0	0	0	0	0	0	0
16135.2040690982	0	0	0	6	0	1	0	2	0	0	0	0	0	0	0
16167.6040762206	0	0	0	6	0	1	0	2	0	0	0	0	0	0	0
16200.0040862395	0	0	0	6	0	1	0	2	0	0	0	0	0	0	0
16232.4040889205	0	0	0	6	0	1	0	2	0	0	0	0	0	0	0
16264.8041055853	0	0	0	6	0	1	0	2	0	0	0	0	0	0	0
16297.2040993275	0	0	0	6	0	1	0	2	0	0	0	0	0	0	0
16329.6041154643	0	0	0	6	0	1	0	2	0	0	0	0	0	0	0
16362.0041179285	0	0	0	6	0	1	0	2	0	0	0	0	0	0	0
16394.4041173514	0	0	0	6	0	1	0	2	0	0	0	0	0	0	0
16426.8041338226	0	0	0	6	0	1	0	2	0	0	0	0	0	0	0
16459.2041318375	0	0	0	6	0	1	0	2	0	0	0	0	0	0	0
16491.6041282677	0	0	0	6	0	1	0	2	0	0	0	0	0	0	0
16524.0041280602	0	0	0	6	0	1	0	2	0	0	0	0	0	0	0
16556.4041351944	0	0	0	6	0	1	0	2	0	0	0	0	0	0	0
16588.8041375642	0	0	0	6	0	1	0	2	0	0	0	0	0	0	0
16621.2041467075	0	0	0	6	0	1	0	2	0	0	0	0	0	0	0
16653.604153753	0	0	0	6	0	1	0	2	0	0	0	0	0	0	0
16686.004153849	0	0	0	6	0	1	0	2	0	0	0	0	0	0	0
16718.4041634497	0	0	0	6	0	1	0	2	0	0	0	0	0	0	0
16750.8041712106	0	0	0	6	0	1	0	2	0	0	0	0	0	0	0
16783.2041784085	0	0	0	6	0	1	0	2	0	0	0	0	0	0	0
16815.6041851998	0	0	0	6	0	1	0	2	0	0	0	0	0	0	0
16848.0041914309	0	0	0	6	0	1	0	2	0	0	0	0	0	0	0
16880.4041926744	0	0	0	6	0	1	0	2	0	0	0	0	0	0	0
16912.8042102845	0	0	0	6	0	1	0	2	0	0	0	0	0	0	0
16945.2042150107	0	0	0	6	0	1	0	2	0	0	0	0	0	0	0
16977.6042155374	0	0	0	6	0	1	0	2	0	0	0	0	0	0	0
17010.0042176607	0	0	0	6	0	1	0	2	0	0	0	0	0	0	0
17042.4042253252	0	0	0	6	0	1	0	2	0	0	0	0	0	0	0
17074.8042217894	0	0	0	6	0	1	0	2	0	0	0	0	0	0	0
17107.2042400609	0	0	0	6	0	1	0	2	0	0	0	0	0	0	0
17139.6042405552	0	0	0	6	0	1	0	2	0	0	0	0	0	0	0
17172.0042545635	0	0	0	6	0	1	0	2	0	0	0	0	0	0	0
17204.4042506453	0	0	0	6	0	1	0	2	0	0	0	0	0	0	0
17236.8042657737	0	0	0	6	0	1	0	2	0	0	0	0	0	0	0
17269.2042626236	0	0	0	6	0	1	0	2	0	0	0	0	0	0	0
17301.6042655138	0	0	0	6	0	1	0	2	0	0	0	0	0	0	0
17334.0042657989	0	0	0	6	0	1	0	2	0	0	0	0	0	0	0
17366.4042806559	0	0	0	6	0	1	0	2	0	0	0	0	0	0	0
17398.8042789746	0	0	0	6	0	1	0	2	0	0	0	0	0	0	0
17431.2042860547	0	0	0	7	0	1	0	2	0	0	0	0	0	0	0
17463.6042887078	0	0	0	7	0	1	0	2	0	0	0	0	0	0	0
17496.0042933736	0	0	0	7	0	1	0	2	0	0	0	0	0	0	0
17528.4042839777	0	0	0	7	0	1	0	2	0	0	0	0	0	0	0
17560.8042891613	0	0	0	6	0	1	0	2	0	0	0	0	0	0	0
17593.2043084771	0	0	0	6	0	1	0	2	0	0	0	0	0	0	0
17625.604309465	0	0	0	6	0	1	0	2	0	0	0	0	0	0	0
17658.0043090943	0	0	0	6	0	1	0	2	0	0	0	0	0	0	0
17690.4043074681	0	0	0	5	0	1	0	2	0	0	0	0	0	0	0
17722.8043308215	0	0	0	5	0	1	0	2	0	0	0	0	0	0	0
17755.2043289555	0	0	0	5	0	1	0	2	0	0	0	0	0	0	0
17787.6043221277	0	0	0	5	0	1	0	2	0	0	0	0	0	0	0
17820.0043232778	0	0	0	5	0	1	0	2	0	0	0	0	0	0	0
17852.40434021	0	0	0	5	0	1	0	2	0	0	0	0	0	0	0
17884.8043410361	0	0	0	5	0	1	0	2	0	0	0	0	0	0	0
17917.2043482278	0	0	0	5	0	1	0	2	0	0	0	0	0	0	0
17949.6043615954	0	0	0	5	0	1	0	2	0	0	0	0	0	0	0
17982.0043606392	0	0	0	5	0	1	0	2	0	0	0	0	0	0	0
18014.4043691368	0	0	0	5	0	1	0	2	0	0	0	0	0	0	0
18046.8043939624	0	0	0	5	0	1	0	2	0	0	0	0	0	0	0
18079.2044001377	0	0	0	5	0	1	0	2	0	0	0	0	0	0	0
18111.6044101765	0	0	0	5	0	1	0	2	0	0	0	0	0	0	0
18144.0044102509	0	0	0	5	0	1	0	2	0	0	0	0	0	0	0
18176.4044118358	0	0	0	5	0	1	0	2	0	0	0	0	0	0	0
18208.8044266385	0	0	0	5	0	1	0	2	0	0	0	0	0	0	0
18241.2044266521	0	0	0	5	0	1	0	2	0	0	0	0	0	0	0
18273.6044241396	0	0	0	5	0	1	0	2	0	0	0	0	0	0	0
18306.0044180555	0	0	0	5	0	1	0	2	0	0	0	0	0	0	0
18338.4044298283	0	0	0	5	0	1	0	2	0	0	0	0	0	0	0
18370.8044439234	0	0	0	5	0	1	0	2	0	0	0	0	0	0	0
18403.2044465537	0	0	0	5	0	1	0	2	0	0	0	0	0	0	0
18435.6044481237	0	0	0	5	0	1	0	2	0	0	0	0	0	0	0
18468.0044470218	0	0	0	5	0	1	0	2	0	0	0	0	0	0	0
18500.4044490854	0	0	0	5	0	1	0	2	0	0	0	0	0	0	0
18532.8044917216	0	0	0	5	0	1	0	2	0	0	0	0	0	0	0
18565.2044883295	0	0	0	5	0	1	0	2	0	0	0	0	0	0	0
18597.6045061888	0	0	0	5	0	1	0	2	0	0	0	0	0	0	0
18630.0045095193	0	0	0	5	0	1	0	2	0	0	0	0	0	0	0
18662.4045137768	0	0	0	5	0	1	0	2	0	0	0	0	0	0	0
18694.8045148904	0	0	0	5	0	1	0	2	0	0	0	0	0	0	0
18727.2045078855	0	0	0	5	0	1	0	2	0	0	0	0	0	0	0
18759.6044920391	0	0	0	5	0	1	0	2	0	0	0	0	0	0	0
18792.0045376664	0	0	0	5	0	1	0	2	0	0	0	0	0	0	0
18824.4045367884	0	0	0	5	0	1	0	2	0	0	0	0	0	0	0
18856.8045281343	0	0	0	6	0	1	0	2	0	0	0	0	0	0	0
18889.2045454905	0	0	0	6	0	1	0	2	0	0	0	0	0	0	0
18921.6045415762	0	0	0	6	0	1	0	2	0	0	0	0	0	0	0
18954.0045480507	0	0	0	6	0	1	0	2	0	0	0	0	0	0	0
18986.4045549797	0	0	0	6	0	1	0	1	0	0	0	0	0	0	0
19018.8045568477	0	0	0	6	0	1	0	1	0	0	0	0	0	0	0
19051.2045576373	0	0	0	6	0	1	0	1	0	0	0	0	0	0	0
19083.6045669362	0	0	0	6	0	1	0	1	0	0	0	0	0	0	0
19116.0045616938	0	0	0	6	0	1	0	1	0	0	0	0	0	0	0
19148.4045709593	0	0	0	6	0	1	0	1	0	0	0	0	0	0	0
19180.8045687367	0	0	0	6	0	1	0	1	0	0	0	0	0	0	0
19213.2045720888	0	0	0	6	0	1	0	1	0	0	0	0	0	0	0
19245.6045825273	0	0	0	6	0	1	0	1	0	0	0	0	0	0	0
19278.0045841545	0	0	0	7	0	1	0	1	0	0	0	0	0	0	0
19310.4045862333	0	0	0	7	0	1	0	1	0	0	0	0	0	0	0
19342.8045925993	0	0	0	7	0	1	0	1	0	0	0	0	0	0	0
19375.2045871131	0	0	0	7	0	1	0	1	0	0	0	0	0	0	0
19407.6045950694	0	0	0	7	0	1	0	1	0	0	0	0	0	0	0
19440.0046085988	0	0	0	7	0	1	0	1	0	0	0	0	0	0	0
19472.4046117159	0	0	0	7	0	1	0	1	0	0	0	0	0	0	0
19504.8046167679	0	0	0	7	0	2	0	1	0	0	0	0	0	0	0
19537.2046260298	0	0	0	7	0	2	0	1	0	0	0	0	0	0	0
19569.6046343801	0	0	0	7	0	2	0	1	0	0	0	0	0	0	0
19602.00463442	0	0	0	6	0	2	0	1	0	0	0	0	0	0	0
19634.4046427689	0	0	0	6	0	2	0	1	0	0	0	0	0	0	0
19666.8046438813	0	0	0	6	0	2	0	1	0	0	0	0	0	0	0
19699.2046425256	0	0	0	6	0	2	0	1	0	0	0	0	0	0	0
19731.604640315	0	0	0	6	0	2	0	1	0	0	0	0	0	0	0
19764.0046554214	0	0	0	6	0	2	0	1	0	0	0	0	0	0	0
19796.4046606781	0	0	0	6	0	2	0	1	0	0	0	0	0	0	0
19828.8046621017	0	0	0	6	0	2	0	1	0	0	0	0	0	0	0
19861.204660268	0	0	0	6	0	2	0	1	0	0	0	0	0	0	0
19893.6046630381	0	0	0	6	0	2	0	1	0	0	0	0	0	0	0
19926.0046798666	0	0	0	6	0	2	0	1	0	0	0	0	0	0	0
19958.4046853546	0	0	0	6	0	2	0	1	0	0	0	0	0	0	0
19990.8046871027	0	0	0	6	0	2	0	1	0	0	0	0	0	0	0
20023.2046779969	0	0	0	6	0	2	0	1	0	0	0	0	0	0	0
20055.6046828909	0	0	0	6	0	2	0	1	0	0	0	0	0	0	0
20088.0046954675	0	0	0	6	0	2	0	1	0	0	0	0	0	0	0
20120.4046952616	0	0	0	6	0	2	0	1	0	0	0	0	0	0	0
20152.8047075391	0	0	0	6	0	2	0	1	0	0	0	0	0	0	0
20185.2047142463	0	0	0	6	0	2	0	1	0	0	0	0	0	0	0
20217.604715027	0	0	0	6	0	2	0	1	0	0	0	0	0	0	0
20250.0047203276	0	0	0	6	0	2	0	1	0	0	0	0	0	0	0
20282.4047315763	0	0	0	6	0	2	0	1	0	0	0	0	0	0	0
20314.8047290021	0	0	0	6	0	2	0	1	0	0	0	0	0	0	0
20347.2047423644	0	0	0	6	0	2	0	1	1	0	0	0	0	0	0
20379.6047263003	0	0	0	6	0	2	0	1	1	0	0	0	0	0	0
20412.0047465925	0	0	0	6	0	2	0	1	1	0	0	0	0	0	0
20444.4047484435	0	0	0	6	0	2	0	1	1	0	0	0	0	0	0
20476.8047561528	0	0	0	6	0	2	0	1	1	0	0	0	0	0	0
20509.2047565891	0	0	0	5	0	2	0	1	1	0	0	0	0	0	0
20541.6047566436	0	0	0	5	0	2	0	1	1	0	0	0	0	0	0
20574.0047708353	0	0	0	5	0	2	0	1	1	0	0	0	0	0	0
20606.4047738196	0	0	0	5	0	2	0	1	1	0	0	0	0	0	0
20638.8047796793	0	0	0	5	0	2	0	1	1	0	0	0	0	0	0
20671.2047676788	0	0	0	5	0	2	0	1	1	0	0	0	0	0	0
20703.6047813135	0	0	0	5	0	2	0	1	1	0	0	0	0	0	0
20736.0047786528	0	0	0	5	0	2	0	1	1	0	0	0	0	0	0
20768.4048009135	0	0	0	5	0	2	0	1	1	0	0	0	0	0	0
20800.804805018	0	0	0	5	0	2	0	1	1	0	0	0	0	0	0
20833.2048168781	0	0	0	5	0	2	0	1	1	0	0	0	0	0	0
20865.604830634	0	0	0	5	0	2	0	1	1	0	0	0	0	0	0
20898.0048429184	0	0	0	5	0	2	0	1	1	0	0	0	0	0	0
20930.4048434683	0	0	0	5	0	2	0	1	1	0	0	0	0	0	0
20962.8048374081	0	0	0	5	0	2	0	1	1	0	0	0	0	0	0
20995.2048468034	0	0	0	5	0	2	0	1	1	0	0	0	0	0	0
21027.6048564357	0	0	0	5	0	2	0	1	1	0	0	0	0	0	0
21060.0048712259	0	0	0	5	0	2	0	1	1	0	0	0	0	0	0
21092.4048712811	0	0	0	5	0	2	0	1	1	0	0	0	0	0	0
21124.8048651257	0	0	0	5	0	2	0	1	1	0	0	0	0	0	0
21157.2048733505	0	0	0	5	0	2	0	1	1	0	0	0	0	0	0
21189.6048857797	0	0	0	5	0	2	0	1	1	0	0	0	0	0	0
21222.0048912073	0	0	0	5	0	2	0	1	1	0	0	0	0	0	0
21254.4048952142	0	0	0	5	0	2	0	1	1	0	0	0	0	0	0
21286.8049050923	0	0	0	5	0	2	0	1	1	0	0	0	0	0	0
21319.2049119007	0	0	0	5	0	2	0	1	1	0	0	0	0	0	0
21351.6049185381	0	0	0	5	0	2	0	1	1	0	0	0	0	0	0
21384.0049229357	0	0	0	5	0	2	0	1	1	0	0	0	0	0	0
21416.4049329163	0	0	0	5	0	2	0	1	1	0	0	0	0	0	0
21448.8049320793	0	0	0	5	0	2	0	1	1	0	0	0	0	0	0
21481.2049482893	0	0	0	5	0	2	0	1	1	0	0	0	0	0	0
21513.6049480474	0	0	0	5	0	2	0	1	1	0	0	0	0	0	0
21546.0049448184	0	0	0	6	0	2	0	1	1	0	0	0	0	0	0
21578.4049536241	0	0	0	6	0	2	0	1	1	0	0	0	0	0	0
21610.8049583579	0	0	0	6	0	2	0	1	1	0	0	0	0	0	0
21643.2049629035	0	0	0	6	0	2	0	1	1	0	0	0	0	0	0
21675.6049768491	0	0	0	6	0	2	0	1	1	0	0	0	0	0	0
21708.0049956033	0	0	0	6	0	2	0	1	1	0	0	0	0	0	0
21740.4050003717	0	0	0	6	0	2	0	1	1	0	0	0	0	0	0
21772.8050041617	0	0	0	6	0	2	0	1	1	0	0	0	0	0	0
21805.2050054978	0	0	0	6	0	2	0	1	1	0	0	0	0	0	0
21837.6050057055	0	0	0	6	0	2	0	1	1	0	0	0	0	0	0
21870.0050081914	0	0	0	6	0	2	0	1	1	0	0	0	0	0	0
21902.4049987125	0	0	0	6	0	2	0	1	1	0	0	0	0	0	0
21934.8050184757	0	0	0	6	0	2	0	1	1	0	0	0	0	0	0
21967.2050129058	0	0	0	6	0	2	0	1	1	0	0	0	0	0	0
21999.6050216158	0	0	0	6	0	2	0	1	1	0	0	0	0	0	0
22032.0050184386	0	0	0	6	0	2	0	1	1	0	0	0	0	0	0
22064.4050285669	0	0	0	6	0	2	0	1	1	0	0	0	0	0	0
22096.8050292513	0	0	0	6	0	2	0	1	1	0	0	0	0	0	0
22129.2050251178	0	0	0	6	0	2	0	1	1	0	0	0	0	0	0
22161.6050335794	0	0	0	6	0	2	0	1	1	0	0	0	0	0	0
22194.0050491344	0	0	0	6	0	2	0	1	1	0	0	0	0	0	0
22226.4050531491	0	0	0	6	0	2	0	1	1	0	0	0	0	0	0
22258.8050641862	0	0	0	6	0	2	0	1	1	0	0	0	0	0	0
22291.2050635904	0	0	0	6	0	2	0	1	1	0	0	0	0	0	0
22323.6050699696	0	0	0	6	0	2	0	1	1	0	0	0	0	0	0
22356.0050643111	0	0	0	6	0	2	0	1	1	0	0	0	0	0	0
22388.4050787876	0	0	0	6	0	2	0	1	1	0	0	0	0	0	0
22420.8050856279	0	0	0	6	0	2	0	1	1	0	0	0	0	0	0
22453.2050763243	0	0	0	6	0	2	0	1	1	0	0	0	0	0	0
22485.6050899974	0	0	0	6	0	2	0	1	1	0	0	0	0	0	0
22518.0050843782	0	0	0	6	0	2	0	1	1	0	0	0	0	0	0
22550.4051037234	0	0	0	6	0	2	0	1	1	0	0	0	0	0	0
22582.8051068538	0	0	0	6	0	2	0	1	1	0	0	0	0	0	0
22615.2051073423	0	0	0	6	0	2	0	1	1	0	0	0	0	0	0
22647.6051172549	0	0	0	6	0	2	0	1	1	0	0	0	0	0	0
22680.0051227871	0	0	0	6	0	2	0	1	1	0	0	0	0	0	0
22712.4051175309	0	0	0	6	0	2	0	1	1	0	0	0	0	0	0
22744.8051331312	0	0	0	6	0	2	0	1	1	0	0	0	0	0	0
22777.2051375324	0	0	0	6	0	2	0	1	1	0	0	0	0	0	0
22809.6051404796	0	0	0	6	0	2	0	1	1	0	0	0	0	0	0
22842.0051456209	0	0	0	6	0	2	0	1	1	0	0	0	0	0	0
22874.4051408107	0	0	0	6	0	2	0	1	1	0	0	0	0	0	0
22906.8051474551	0	0	0	6	0	2	0	1	1	0	0	0	0	0	0
22939.2051537985	0	0	0	6	0	2	0	1	1	0	0	0	0	0	0
22971.605158506	0	0	0	6	0	2	0	1	1	0	0	0	0	0	0
23004.0051685781	0	0	0	6	0	2	0	1	1	0	0	0	0	0	0
23036.4051705048	0	0	0	6	0	2	0	1	1	0	0	0	0	0	0
23068.8051802188	0	0	0	6	0	2	0	1	1	0	0	0	0	0	0
23101.2051777707	0	0	0	6	0	2	0	1	1	0	0	0	0	0	0
23133.6051797358	0	0	0	6	0	2	0	1	1	0	0	0	0	0	0
23166.0051880067	0	0	0	6	0	2	0	1	1	0	0	0	0	0	0
23198.4052005692	0	0	0	6	0	2	0	1	1	0	0	0	0	0	0
23230.8051992546	0	0	0	6	0	2	0	1	1	0	0	0	0	0	0
23263.2052093035	0	0	0	6	0	2	0	1	1	0	0	0	0	0	0
23295.6052183464	0	0	0	6	0	2	0	1	1	0	0	0	0	0	0
23328.0052297437	0	0	0	6	0	2	0	1	1	0	0	0	0	0	0
23360.4052256612	0	0	0	6	0	2	0	1	1	0	0	0	0	0	0
23392.8052384844	0	0	0	6	0	2	0	1	1	0	0	0	0	0	0
23425.2052385963	0	0	0	6	0	2	0	1	1	0	0	0	0	0	0
23457.6052488971	0	0	0	6	0	2	0	1	1	0	0	0	0	0	0
23490.0052518399	0	0	0	6	0	2	0	1	1	0	0	0	0	0	0
23522.4052495978	0	0	0	6	0	2	0	1	1	0	0	0	0	0	0
23554.805252808	0	0	0	6	0	2	0	1	1	0	0	0	0	0	0
23587.2052596191	0	0	0	6	0	2	0	1	1	0	0	0	0	0	0
23619.6052672606	0	0	0	6	0	2	0	1	1	0	0	0	0	0	0
23652.0052687029	0	0	0	6	0	2	0	1	1	0	0	0	0	0	0
23684.4052695593	0	0	0	6	0	2	0	1	1	0	0	0	0	0	0
23716.8052831798	0	0	0	6	0	2	0	1	1	0	0	0	0	0	0
23749.2052848144	0	0	0	6	0	2	0	1	1	0	0	0	0	0	0
23781.6052928834	0	0	0	6	0	2	0	1	1	0	0	0	0	0	0
23814.0053011917	0	0	0	6	0	2	0	1	1	0	0	0	0	0	0
23846.405294046	0	0	0	6	0	2	0	1	1	0	0	0	0	0	0
23878.8052987906	0	0	0	6	0	2	0	1	1	0	0	0	0	0	0
23911.2053014746	0	0	0	6	0	2	0	1	1	0	0	0	0	0	0
23943.6053080162	0	0	0	6	0	2	0	1	1	0	0	0	0	0	0
23976.0053072552	0	0	0	6	0	2	0	1	1	0	0	0	0	0	0
24008.4053107419	0	0	0	6	0	2	0	1	1	0	0	0	0	0	0
24040.8053195486	0	0	0	6	0	2	0	1	1	0	0	0	0	0	0
24073.2053278749	0	0	0	6	0	2	0	1	1	0	0	0	0	0	0
24105.605330652	0	0	0	6	0	2	0	1	1	0	0	0	0	0	0
24138.0053317795	0	0	0	6	0	2	0	1	1	0	0	0	0	0	0
24170.4053322213	0	0	0	6	0	2	0	1	1	0	0	0	0	0	0
24202.8053257483	0	0	0	6	0	2	0	1	1	0	0	0	0	0	0
24235.2053349247	0	0	0	6	0	2	0	1	1	0	0	0	0	0	0
24267.6053426548	0	0	0	6	0	2	0	1	1	0	0	0	0	0	0
24300.0053502648	0	0	0	6	0	2	0	1	1	0	0	0	0	0	0
24332.4053572891	0	0	0	6	0	2	0	1	1	0	0	0	0	0	0
24364.8053482047	0	0	0	6	0	2	0	1	1	0	0	0	0	0	0
24397.2053618317	0	0	0	6	0	2	0	1	1	0	0	0	0	0	0
24429.6053615864	0	0	0	6	0	2	0	1	1	0	0	0	0	0	0
24462.0053585791	0	0	0	6	0	2	0	1	1	0	0	0	0	0	0
24494.4053768241	0	0	0	6	0	2	0	1	1	0	0	0	0	0	0
24526.8053806791	0	0	0	6	0	2	0	1	1	0	0	0	0	0	0
24559.205348694	0	0	0	6	0	2	0	1	1	0	0	0	0	0	0
24591.60538121	0	0	0	6	0	2	0	1	1	0	0	0	0	0	0
24624.0053926586	0	0	0	6	0	2	0	1	1	0	0	0	0	0	0
24656.4053960378	0	0	0	6	0	2	0	1	1	0	0	0	0	0	0
24688.8053940279	0	0	0	6	0	2	0	1	1	0	0	0	0	0	0
24721.2053947021	0	0	0	6	0	2	0	1	1	0	0	0	0	0	0
24753.6054050195	0	0	0	6	0	2	0	1	1	0	0	0	0	0	0
24786.0054003632	0	0	0	6	0	2	0	1	1	0	0	0	0	0	0
24818.4054117711	0	0	0	6	0	2	0	1	1	0	0	0	0	0	0
24850.8054067856	0	0	0	6	0	2	0	1	1	0	0	0	0	0	0
24883.2054138068	0	0	0	6	0	2	0	1	1	0	0	0	0	0	0
24915.6054143779	0	0	0	6	0	2	0	1	1	0	0	0	0	0	0
24948.0054237859	0	0	0	6	0	2	0	1	1	0	0	0	0	0	0
24980.4054298995	0	0	0	6	0	2	0	1	1	0	0	0	0	0	0
25012.8054349312	0	0	0	6	0	2	0	1	1	0	0	0	0	0	0
25045.205442684	0	0	0	6	0	2	0	1	1	0	0	0	0	0	0
25077.6054476786	0	0	0	6	0	2	0	1	1	0	0	0	0	0	0
25110.0054461174	0	0	0	6	0	2	0	1	1	0	0	0	0	0	0
25142.4054504475	0	0	0	6	0	2	0	1	1	0	0	0	0	0	0
25174.8054581981	0	0	0	6	0	2	0	1	1	0	0	0	0	0	0
25207.205457397	0	0	0	6	0	3	0	1	1	0	0	0	0	0	0
25239.6054603088	0	0	0	6	0	3	0	1	1	0	0	0	0	0	0
25272.0054596522	0	0	0	6	0	3	0	1	1	0	0	0	0	0	0
25304.4054794307	0	0	0	6	0	3	0	1	1	0	0	0	0	0	0
25336.8054768361	0	0	0	6	0	3	0	1	1	0	0	0	0	0	0
25369.2054869421	0	0	0	6	0	3	0	1	1	0	0	0	0	0	0
25401.6054919962	0	0	0	6	0	3	0	1	1	0	0	0	0	0	0
25434.0055030793	0	0	0	6	0	3	0	1	1	0	0	0	0	0	0
25466.4055027493	0	0	0	6	0	3	0	1	1	0	0	0	0	0	0
25498.8055141529	0	0	0	6	0	3	0	1	1	0	0	0	0	0	0
25531.2055138314	0	0	0	6	0	3	0	1	1	0	0	0	0	0	0
25563.6055108505	0	0	0	6	0	3	0	1	1	0	0	0	0	0	0
25596.005514674	0	0	0	6	0	3	0	1	1	0	0	0	0	0	0
25628.4055256601	0	0	0	6	0	3	0	1	1	0	0	0	0	0	0
25660.8055222463	0	0	0	6	0	3	0	1	1	0	0	0	0	0	0
25693.2055227864	0	0	0	6	0	3	0	1	1	0	0	0	0	0	0
25725.6055335989	0	0	0	6	0	3	0	1	1	0	0	0	0	0	0
25758.0055341045	0	0	0	6	0	3	0	1	1	0	0	0	0	0	0
25790.4055362936	0	0	0	6	0	3	0	1	1	0	0	0	0	0	0
25822.8055417726	0	0	0	6	0	3	0	1	1	0	0	0	0	0	0
25855.205536054	0	0	0	6	0	3	0	2	1	0	0	0	0	0	0
25887.6055492101	0	0	0	6	0	3	0	2	1	0	0	0	0	0	0
25920.0055554387	0	0	0	6	0	3	0	2	1	0	0	0	0	0	0
25952.4055514914	0	0	0	6	0	3	0	2	1	0	0	0	0	0	0
25984.8055635733	0	0	0	6	0	3	0	2	1	0	0	0	0	0	0
26017.2055595939	0	0	0	6	0	3	0	2	1	0	0	0	0	0	0
26049.6055626618	0	0	0	6	0	3	0	2	1	0	0	0	0	0	0
26082.0055600122	0	0	0	6	0	3	0	2	1	0	0	0	0	0	0
26114.4055771596	0	0	0	6	0	3	0	2	1	0	0	0	0	0	0
26146.8055621974	0	0	0	6	0	3	0	2	1	0	0	0	0	0	0
26179.2055809478	0	0	0	6	0	3	0	2	1	0	0	0	0	0	0
26211.6055939981	0	0	0	6	0	3	0	2	1	0	0	0	0	0	0
26244.005596169	0	0	0	6	0	3	0	2	1	0	0	0	0	0	0
26276.4056049274	0	0	0	6	0	3	0	2	1	0	0	0	0	0	0
26308.8056057582	0	0	0	6	0	3	0	2	1	0	0	0	0	0	0
26341.2056118793	0	0	0	6	0	3	0	2	1	0	0	0	0	0	0
26373.605619861	0	0	0	6	0	3	0	2	1	0	0	0	0	0	0
26406.0056209562	0	0	0	6	0	3	0	2	1	0	0	0	0	0	0
26438.4056293983	0	0	0	6	0	4	0	2	1	0	0	0	0	0	0
26470.8056373446	0	0	0	6	0	4	0	2	1	0	0	0	0	0	0
26503.2056381786	0	0	0	6	0	4	0	2	1	0	0	0	0	0	0
26535.6056387285	0	0	0	7	0	4	0	2	1	0	0	0	0	0	0
26568.0056325987	0	0	0	6	0	4	0	2	1	0	0	0	0	0	0
26600.4056401961	0	0	0	6	0	4	0	2	1	0	0	0	0	0	0
26632.805648063	0	0	0	6	0	4	0	2	1	0	0	0	0	0	0
26665.2056503963	0	0	0	6	0	4	0	2	1	0	0	0	0	0	0
26697.6056529694	0	0	0	6	0	4	0	2	1	0	0	0	0	0	0
26730.0056642281	0	0	0	6	0	4	0	2	2	0	0	0	0	0	0
26762.4056675828	0	0	0	6	0	4	0	2	2	0	0	0	0	0	0
26794.8056764781	0	0	0	6	0	4	0	2	2	0	0	0	0	0	0
26827.2056882035	0	0	0	6	0	4	0	2	2	0	0	0	0	0	0
26859.6056694999	0	0	0	6	0	4	0	2	2	0	0	0	0	0	0
26892.0056932953	0	0	0	6	0	4	0	2	2	0	0	0	0	0	0
26924.4057000314	0	0	0	6	0	4	0	2	2	0	0	0	0	0	0
26956.8057034907	0	0	0	7	0	4	0	2	2	0	0	0	0	0	0
26989.2057029317	0	0	0	7	0	4	0	2	2	0	0	0	0	0	0
27021.6056933358	0	0	0	7	0	4	0	2	2	0	0	0	0	0	0
27054.0057094098	0	0	0	7	0	4	0	2	2	0	0	0	0	0	0
27086.4057144574	0	0	0	7	0	4	0	2	2	0	0	0	0	0	0
27118.8057209077	0	0	0	7	0	4	0	2	2	0	0	0	0	0	0
27151.2057237434	0	0	0	7	0	4	0	2	1	0	0	0	0	0	0
27183.6057080773	0	0	0	7	0	4	0	2	1	0	0	0	0	0	0
27216.00572792	0	0	0	7	0	4	0	2	1	0	0	0	0	0	0
27248.4057312748	0	0	0	7	0	4	0	2	1	0	0	0	0	0	0
27280.8057327716	0	0	0	7	0	4	0	2	1	0	0	0	0	0	0
27313.2057360229	0	0	0	7	0	4	0	2	1	0	0	0	0	0	0
27345.6057398144	0	0	0	7	0	4	0	2	1	0	0	0	0	0	0
27378.005756299	0	0	0	7	0	4	0	2	1	0	0	0	0	0	0
27410.4057560957	0	0	0	7	0	4	0	2	1	0	0	0	0	0	0
27442.8057671726	0	0	0	7	0	4	0	2	1	0	0	0	0	0	0
27475.2057759962	0	0	0	7	0	4	0	2	1	0	0	0	0	0	0
27507.6057779763	0	0	0	7	0	4	0	2	1	0	0	0	0	0	0
27540.0057811759	0	0	0	7	0	4	0	2	1	0	0	0	0	0	0
27572.4057777352	0	0	0	7	0	4	0	2	1	0	0	0	0	0	0
27604.8057787132	0	0	0	7	0	4	0	2	1	0	0	0	0	0	0
27637.205785999	0	0	0	7	0	4	0	2	1	0	0	0	0	0	0
27669.6057837116	0	0	0	7	0	4	0	2	1	0	0	0	0	0	0
27702.0057859635	0	0	0	7	0	4	0	2	1	0	0	0	0	0	0
27734.4057892803	0	0	0	7	0	4	0	2	1	0	0	0	0	0	0
27766.8057975682	0	0	0	7	0	4	0	2	1	0	0	0	0	0	0
27799.2057990309	0	0	0	7	0	4	0	2	1	0	0	0	0	0	0
27831.6057942962	0	0	0	7	0	4	0	2	1	0	0	0	0	0	0
27864.0057959476	0	0	0	7	0	4	0	2	1	0	0	0	0	0	0
27896.4058020401	0	0	0	7	0	4	0	2	1	0	0	0	0	0	0
27928.805807971	0	0	0	7	0	4	0	2	1	0	0	0	0	0	0
27961.2058110617	0	0	0	7	0	4	0	2	1	0	0	0	0	0	0
27993.6058085978	0	0	0	7	0	4	0	2	1	0	0	0	0	0	0
28026.0058082292	0	0	0	7	0	4	0	2	1	0	0	0	0	0	0
28058.4058158179	0	0	0	7	0	4	0	2	1	0	0	0	0	0	0
28090.8058141594	0	0	0	7	0	4	0	2	1	0	0	0	0	0	0
28123.205826536	0	0	0	7	0	4	0	2	1	0	0	0	0	0	0
28155.6058049197	0	0	0	7	0	4	0	2	1	0	0	0	0	0	0
28188.0058319605	0	0	0	7	0	4	0	2	1	0	0	0	0	0	0
28220.4058264592	0	0	0	7	0	4	0	2	1	0	0	0	0	0	0
28252.8058352109	0	0	0	7	0	4	0	2	1	0	0	0	0	0	0
28285.2058499344	0	0	0	7	0	4	0	2	1	0	0	0	0	0	0
28317.6058492234	0	0	0	7	0	4	0	2	1	0	0	0	0	0	0
28350.0058589147	0	0	0	7	0	4	0	2	1	0	0	0	0	0	0
28382.4058681963	0	0	0	7	0	4	0	2	1	0	0	0	0	0	0
28414.8058699308	0	0	0	7	0	4	0	2	1	0	0	0	0	0	0
28447.2058827267	0	0	0	7	0	4	0	2	1	0	0	0	0	0	0
28479.6058845453	0	0	0	7	0	4	0	2	1	0	0	0	0	0	0
28512.0058974976	0	0	0	7	0	4	0	2	1	0	0	0	0	0	0
28544.4059003686	0	0	0	7	0	4	0	2	1	0	0	0	0	0	0
28576.8058992082	0	0	0	7	0	4	0	2	1	0	0	0	0	0	0
28609.2059068558	0	0	0	7	0	4	0	2	1	0	0	0	0	0	0
28641.605909313	0	0	0	7	0	4	0	2	1	0	0	0	0	0	0
28674.0059113007	0	0	0	7	0	4	0	2	1	0	0	0	0	0	0
28706.4059243632	0	0	0	7	0	4	0	2	1	0	0	0	0	0	0
28738.8059279208	0	0	0	7	0	4	0	2	1	0	0	0	0	0	0
28771.2059352301	0	0	0	7	0	4	0	2	1	0	0	0	0	0	0
28803.605934475	0	0	0	7	0	4	0	2	1	0	0	0	0	0	0
28836.0059382761	0	0	0	7	0	4	0	2	1	0	0	0	0	0	0
28868.4059329517	0	0	0	7	0	4	0	2	1	0	0	0	0	0	0
28900.8059434077	0	0	0	7	0	4	0	2	1	0	0	0	0	0	0
28933.2059515146	0	0	0	7	0	4	0	2	1	0	0	0	0	0	0
28965.6059690539	0	0	0	7	0	4	0	2	1	0	0	0	0	0	0
28998.005973791	0	0	0	8	0	4	0	2	1	0	0	0	0	0	0
29030.4059717122	0	0	0	8	0	4	0	2	1	0	0	0	0	0	0
29062.805982226	0	0	0	8	0	4	0	2	1	0	0	0	0	0	0
29095.2059869286	0	0	0	8	0	4	0	2	1	0	0	0	0	0	0
29127.6059878326	0	0	0	8	0	4	0	2	1	0	0	0	0	0	0
29160.005994511	0	0	0	8	0	4	0	2	1	0	0	0	0	0	0
29192.405988512	0	0	0	8	0	4	0	2	1	0	0	0	0	0	0
29224.805998286	0	0	0	8	0	4	0	2	1	0	0	0	0	0	0
29257.2060047558	0	0	0	8	0	4	0	2	1	0	0	0	0	0	0
29289.6060056504	0	0	0	8	0	4	0	2	1	0	0	0	0	0	0
29322.0060051612	0	0	0	8	0	4	0	2	1	0	0	0	0	0	0
29354.4060380536	0	0	0	8	0	4	0	2	1	0	0	0	0	0	0
29386.8060299506	0	0	0	8	0	4	0	2	1	0	0	0	0	0	0
29419.2060440368	0	0	0	8	0	4	0	2	1	0	0	0	0	0	0
29451.606046426	0	0	0	8	0	4	0	2	1	0	0	0	0	0	0
29484.0060552072	0	0	0	8	0	4	0	2	1	0	0	0	0	0	0
29516.4060533166	0	0	0	8	0	4	0	2	1	0	0	0	0	0	0
29548.8060627163	0	0	0	8	0	4	0	2	1	0	0	0	0	0	0
29581.2060656287	0	0	0	8	0	4	0	2	1	0	0	0	0	0	0
29613.606069453	0	0	0	8	0	4	0	2	1	0	0	0	0	0	0
29646.0060688213	0	0	0	8	0	4	0	2	1	0	0	0	0	0	0
29678.4060826314	0	0	0	8	0	4	0	2	1	0	0	0	0	0	0
29710.8060845494	0	0	0	8	0	4	0	2	1	0	0	0	0	0	0
29743.2060881489	0	0	0	8	0	4	0	2	1	0	0	0	0	0	0
29775.6060893324	0	0	0	8	0	4	0	2	1	0	0	0	0	0	0
29808.0060902417	0	0	0	8	0	4	0	2	1	0	0	0	0	0	0
29840.406093029	0	0	0	8	0	4	0	2	1	0	0	0	0	0	0
29872.806114043	0	0	0	8	0	4	0	2	1	0	0	0	0	0	0
29905.2061188032	0	0	0	8	0	4	0	2	1	0	0	0	0	0	0
29937.6061254404	0	0	0	8	0	4	0	2	1	0	0	0	0	0	0
29970.0061237404	0	0	0	8	0	4	0	2	1	0	0	0	0	0	0
30002.4061334102	0	0	0	8	0	4	0	2	1	0	0	0	0	0	0
30034.8061446183	0	0	0	8	0	4	0	2	1	0	0	0	0	0	0
30067.2061465368	0	0	0	8	0	4	0	2	1	0	0	0	0	0	0
30099.6061540593	0	0	0	8	0	4	0	2	1	0	0	0	0	0	0
30132.0061595372	0	0	0	8	0	4	0	2	1	0	0	0	0	0	0
30164.406141793	0	0	0	8	0	4	0	2	1	0	0	0	0	0	0
30196.8061619806	0	0	0	8	0	4	0	2	1	0	0	0	0	0	0
30229.2061690542	0	0	0	8	0	4	0	2	1	0	0	0	0	0	0
30261.606176359	0	0	0	8	0	4	0	2	1	0	0	0	0	0	0
30294.0061741652	0	0	0	8	0	4	0	2	1	0	0	0	0	0	0
30326.4061696706	0	0	0	8	0	4	0	1	1	0	0	0	0	0	0
30358.8061647062	0	0	0	8	0	4	0	1	1	0	0	0	0	0	0
30391.206181158	0	0	0	8	0	4	0	1	1	0	0	0	0	0	0
30423.6061868173	0	0	0	8	0	4	0	1	1	0	0	0	0	0	0
30456.0061876768	0	0	0	8	0	4	0	1	1	0	0	0	0	0	0
30488.406182759	0	0	0	8	0	4	0	1	1	0	0	0	0	0	0
30520.8062035581	0	0	0	8	0	4	0	1	1	0	0	0	0	0	0
30553.2062086342	0	0	0	7	0	4	0	1	1	0	0	0	0	0	0
30585.6062051569	0	0	0	7	0	4	0	1	1	0	0	0	0	0	0
30618.0062142888	0	0	0	7	0	4	0	1	1	0	0	0	0	0	0
30650.4062188474	0	0	0	6	0	4	0	1	1	0	0	0	0	0	0
30682.8062252995	0	0	0	6	0	4	0	1	1	0	0	0	0	0	0
30715.2062210102	0	0	0	6	0	4	0	1	1	0	0	0	0	0	0
30747.6062445891	0	0	0	6	0	4	0	1	1	0	0	0	0	0	0
30780.006247327	0	0	0	6	0	4	0	1	1	0	0	0	0	0	0
30812.4062493017	0	0	0	6	0	4	0	1	1	0	0	0	0	0	0
30844.8062598861	0	0	0	6	0	4	0	1	1	0	0	0	0	0	0
30877.206263602	0	0	0	6	0	4	0	1	1	0	0	0	0	0	0
30909.6062684543	0	0	0	7	0	4	0	1	1	0	0	0	0	0	0
30942.0062786491	0	0	0	7	0	4	0	1	1	0	0	0	0	0	0
30974.4062950647	0	0	0	7	0	4	0	1	1	0	0	0	0	0	0
31006.8062986354	0	0	0	7	0	4	0	1	1	0	0	0	0	0	0
31039.2063018133	0	0	0	7	0	4	0	1	1	0	0	0	0	0	0
31071.6063048907	0	0	0	7	0	4	0	1	1	0	0	0	0	0	0
31104.0063052213	0	0	0	7	0	4	0	1	1	0	0	0	0	0	0
31136.4063207704	0	0	0	7	0	4	0	1	1	0	0	0	0	0	0
31168.8063214343	0	0	0	7	0	4	0	1	1	0	0	0	0	0	0
31201.2063220239	0	0	0	7	0	4	0	1	1	0	0	0	0	0	0
31233.6063234392	0	0	0	7	0	4	0	1	1	0	0	0	0	0	0
31266.0063305558	0	0	0	7	0	4	0	1	1	0	0	0	0	0	0
31298.4063403456	0	0	0	7	0	4	0	1	1	0	0	0	0	0	0
31330.8063429908	0	0	0	7	0	4	0	1	1	0	0	0	0	0	0
31363.2063426684	0	0	0	7	0	4	0	1	1	0	0	0	0	0	0
31395.6063470188	0	0	0	7	0	4	0	1	1	0	0	0	0	0	0
31428.006351901	0	0	0	7	0	4	0	1	1	0	0	0	0	0	0
31460.4063530023	0	0	0	7	0	4	0	1	1	0	0	0	0	0	0
31492.8063608736	0	0	0	7	0	4	0	1	1	0	0	0	0	0	0
31525.2063594916	0	0	0	7	0	4	0	1	1	0	0	0	0	0	0
31557.6063630247	0	0	0	7	0	4	0	1	1	0	0	0	0	0	0
31590.0063730811	0	0	0	7	0	4	0	1	1	0	0	0	0	0	0
31622.4063739198	0	0	0	7	0	4	0	1	1	0	0	0	0	0	0
31654.8063588866	0	0	0	7	0	4	0	1	1	0	0	0	0	0	0
31687.2063752175	0	0	0	7	0	4	0	1	1	0	0	0	0	0	0
31719.6063651619	0	0	0	7	0	4	0	1	1	0	0	0	0	0	0
31752.0063785734	0	0	0	7	0	4	0	1	1	0	0	0	0	0	0
31784.4063816716	0	0	0	7	0	4	0	1	1	0	0	0	0	0	0
31816.8063780958	0	0	0	7	0	4	0	1	1	0	0	0	0	0	0
31849.2063928384	0	0	0	7	0	4	0	1	1	0	0	0	0	0	0
31881.6063847387	0	0	0	7	0	4	0	1	1	0	0	0	0	0	0
31914.0063932645	0	0	0	7	0	4	0	1	1	0	0	0	0	0	0
31946.4063970416	0	0	0	7	0	4	0	1	1	0	0	0	0	0	0
31978.8064028952	0	0	0	7	0	4	0	1	1	0	0	0	0	0	0
32011.2064054912	0	0	0	7	0	4	0	1	1	0	0	0	0	0	0
32043.6064011787	0	0	0	7	0	4	0	1	1	0	0	0	0	0	0
32076.0064100231	0	0	0	7	0	4	0	1	1	0	0	0	0	0	0
32108.4064138058	0	0	0	7	0	4	0	1	1	0	0	0	0	0	0
32140.8064252919	0	0	0	7	0	4	0	1	1	0	0	0	0	0	0
32173.2064213552	0	0	0	7	0	4	0	1	1	0	0	0	0	0	0
32205.6064312693	0	0	0	7	0	4	0	1	1	0	0	0	0	0	0
32238.0064363802	0	0	0	7	0	4	0	1	1	0	0	0	0	0	0
32270.4064340934	0	0	0	7	0	4	0	1	1	0	0	0	0	0	0
32302.8064380091	0	0	0	7	0	4	0	1	1	0	0	0	0	0	0
32335.2064395663	0	0	0	7	0	4	0	1	1	0	0	0	0	0	0
32367.606448501	0	0	0	7	0	4	0	1	1	0	0	0	0	0	0
32399.999995597	0	0	0	7	0	4	0	1	1	0	0	0	0	0	0
32400	0	0	0	7	0	4	0	1	1	0	0	0	0	0	0