iteration	likelihood	noise_sigma_SSL_surf_none_data0	upfactor	s1	s2	sf
2000	-988.716210207856	509.86510449394	0.106330447638818	0.00124264514188767	0.694905673296165	0.00480584240680568
2010	-988.584371277489	570.127593483727	5.04271529700316	0.00126991856653742	0.694905673296165	0.00480584240680568
2020	-988.932504164226	570.127593483727	5.04271529700316	0.00128138210957852	0.652804429016322	0.00480584240680568
2030	-989.245539619678	515.912879218971	3.1848447079235	0.00121710063016057	0.549014334995165	0.00480584240680568
2040	-988.764016955001	541.043688019688	0.898275133495657	0.00121710063016057	0.549014334995165	0.00481724620748822
2050	-989.122275980533	541.043688019688	0.308644293844696	0.00121739217961221	0.517692827177296	0.00475953829012026
2060	-989.143775715302	541.043688019688	1.71996504040701	0.0012588110807389	1.05135951715246	0.0049398152289718
2070	-988.089590147698	541.043688019688	1.71996504040701	0.00123382025804906	0.743523237032842	0.0049398152289718
2080	-988.882872825698	541.043688019688	0.340205696595176	0.00132408653648677	0.786310261571964	0.0048441297577914
2090	-988.330515980246	541.043688019688	0.340205696595176	0.00132408653648677	0.853283907408755	0.00473068534326654
2100	-989.312281522036	586.145507899935	0.0158491198646612	0.0013267321080391	0.775841843304189	0.00481881351105803
2110	-988.916000782645	580.524574225921	0.0119691846623624	0.0014025286680726	0.877140500062629	0.0042826230532174
2120	-989.310140676457	598.878980723282	0.139446816220478	0.0014025286680726	0.817908207798155	0.00426588302228739
2130	-991.608639004604	613.245909010015	0.227987078735905	0.00131479575682252	0.836491211220148	0.00427072789738631
2140	-990.172089352538	613.245909010015	0.989844576879336	0.00146407474527344	0.550072938547395	0.0040580066918887
2150	-992.036507876093	588.493346933381	0.156860919588257	0.00146407474527344	0.478114731033173	0.00435354070933108
2160	-989.296812795594	588.493346933381	0.100872257806581	0.00140894994656082	0.841566831110318	0.00454391357331379
2170	-989.9898679986	588.493346933381	0.734535037424874	0.00140894994656082	1.11572777200388	0.00441306937853235
2180	-991.133618658336	512.281223762565	0.431498575720557	0.00137070856139568	1.22456159382757	0.00451576144301769
2190	-993.712045699094	660.732039442971	0.0463645629446046	0.00140154204926486	1.22456159382757	0.00451576144301769
2200	-991.341546946199	611.551273255332	2.03108843566228	0.00140154204926486	1.22456159382757	0.00451576144301769
2210	-988.322281118774	526.257951254756	3.11618985005986	0.00131280661043087	0.817979389653798	0.00466219513651117
2220	-988.764022243901	526.257951254756	3.11618985005986	0.00131255241836029	0.935978142633247	0.00462136945091694
2230	-989.901530677958	526.257951254756	3.11618985005986	0.00131255241836029	1.01453826721421	0.00448198404659526
2240	-988.25261369343	553.647024100223	0.0871493448258956	0.00137506759564937	0.789773991598359	0.00434029407301349
2250	-989.495819318676	590.88160696617	7.3280657080734	0.00132556440046413	0.971694860254733	0.00460556482684764
2260	-989.301552030598	590.88160696617	1.71674292980736	0.00137784388707065	0.957286202128899	0.00447097101528244
2270	-989.321017753204	596.395660463446	9.75734690974454	0.00134702132783921	0.75577212915223	0.00447097101528244
2280	-989.19703837245	596.395660463446	0.127152372978026	0.00133547520602269	0.750409420814985	0.00443621287227541
2290	-989.629129408689	596.395660463446	0.00114937802009711	0.00124497129339523	0.879104802598432	0.00476409728662434
2300	-989.271340637363	596.395660463446	0.00114937802009711	0.00119131913430162	0.872658253838703	0.00517156867658848
2310	-989.276228013195	596.395660463446	0.00114937802009711	0.00119131913430162	0.87398665828437	0.00517156867658848
2320	-988.505878997655	528.455192488305	0.00730522184800923	0.00117759358681721	0.87398665828437	0.00517554816982354
2330	-988.788140980491	567.868186093834	0.0456619832035527	0.00108812176130036	0.635417878484729	0.00532217972773973
2340	-990.000812641557	564.50457673454	0.0456619832035527	0.00106208462412467	0.475229647759672	0.00567466716959968
2350	-988.845864365799	523.490391848711	0.320268193371532	0.00103248170191431	0.664163314575379	0.00561260235120154
2360	-988.189668265011	551.172149485483	0.0159954234547673	0.0011794549121267	0.779798084745589	0.00524173599568077
2370	-988.728748246233	551.172149485483	11.7647565165907	0.00122698377063003	0.832832871667383	0.00493373370909271
2380	-993.536823816722	552.056714890051	4.64904485582679	0.00127080699808871	1.52583044788893	0.00470922176793957
2390	-995.745645582064	584.892435351316	17.8313152485368	0.00145163338005201	1.47939314563846	0.00462705227034768
2400	-993.669196131398	575.190259327297	0.08622800395426	0.00144563152575489	1.59942401932149	0.00468783192603803
2410	-996.937049558949	486.853358534985	0.08622800395426	0.00144563152575489	1.57941896772669	0.00468783192603803
2420	-996.861890061442	486.853358534985	0.08622800395426	0.00144563152575489	1.41563438641333	0.00479190429708569
2430	-991.292019229085	497.089115616778	0.0692108874638393	0.00144563152575489	0.96121239594613	0.00403247451617626
2440	-989.402934025503	586.012404926489	0.0692108874638393	0.00144563152575489	0.818521146057068	0.00403247451617626
2450	-989.427851649154	590.036312353121	0.00296039094187744	0.0016806777382897	0.818521146057068	0.00384800532208836
2460	-988.877777695296	532.101854323186	0.247677326270132	0.0016806777382897	0.818521146057068	0.00384800532208836
2470	-989.475146011688	488.982957310478	0.0638393289889993	0.00160997099336571	0.734675553965688	0.00375889170112118
2480	-988.027910493194	533.796294003743	0.124251764039094	0.00158079473051448	0.734675553965688	0.00391305646503516
2490	-988.009675071786	543.999218224611	0.0233412720011458	0.00157742255304061	0.818612281964336	0.00393065635623248
2500	-990.58960629432	543.999218224611	0.0233412720011458	0.00167844272113315	0.424714724446806	0.00358296600426215
2510	-988.648993685551	540.283721236269	0.106569372265368	0.00167844272113315	0.542865549382413	0.00358296600426215
2520	-989.127000013375	537.097963813703	0.14617118175544	0.00180911408575309	0.715976979353172	0.00358296600426215
2530	-990.252564021102	607.7651149189	6.37400715926431	0.00163791350375135	0.517615537358336	0.00350826204301074
2540	-990.694411673036	584.319472702897	20.8580827893444	0.00163791350375135	0.535568488764974	0.00325183969546803
2550	-992.740100770155	584.319472702897	20.559295057432	0.00166282737917601	0.446815240998529	0.0030461912897358
2560	-993.731904798827	533.279683676549	1.21216025408923	0.00172669187626249	0.375189977422551	0.0030461912897358
2570	-993.613668167584	533.279683676549	0.350788139635747	0.00176047263251186	0.361787514564934	0.00301868332621506
2580	-988.619714293096	549.205025894005	10.1934512088438	0.00185173351974604	0.600891906588384	0.00322933144826626
2590	-988.557354667939	518.882900300056	10.1934512088438	0.00185148144864483	0.746374089909563	0.00313220042452659
2600	-989.342561572903	576.479463443408	2.8274898042436	0.00193929569530428	1.09232503479378	0.00320824499160966
2610	-988.704489746872	562.031127913198	5.77833088236804	0.00188669801487764	0.656251279707159	0.00301282174948669
2620	-987.991687713877	562.031127913198	5.77833088236804	0.00188669801487764	0.757240962755382	0.00318181010182045
2630	-989.425074648398	538.596532730063	0.00934795086640627	0.00206715128948378	0.814937380764407	0.00320548380224071
2640	-989.646830222082	497.938485763879	0.00102038332916804	0.00196548222977586	0.995725564782452	0.00320548380224071
2650	-988.541716593924	505.485029926052	0.0646133113279569	0.00192298376367375	0.816866609932383	0.00320548380224071
2660	-989.090882227035	505.485029926052	0.00300690889389039	0.00192298376367375	0.816866609932383	0.00308692412712377
2670	-989.345465381838	518.424626790807	0.0369068852903535	0.00203736832769716	0.6903016360784	0.00317543463710147
2680	-988.552273898766	531.251021592646	0.488612453098301	0.00190809456945664	0.970412857072473	0.00332681009200429
2690	-988.573359283539	531.251021592646	4.37789048033366	0.00187451426740397	0.970412857072473	0.00332681009200429
2700	-988.573359283539	531.251021592646	4.37789048033366	0.00187451426740397	0.970412857072473	0.00332681009200429
2710	-988.324284323499	531.251021592646	4.37789048033366	0.00187451426740397	0.591608993458753	0.00318913893438403
2720	-990.031902611803	508.187945331324	0.109623980448521	0.00184772679043508	0.555881038487637	0.00306593897004035
2730	-992.981041499281	659.409705242755	0.481829495857941	0.00174718565497063	0.818560043198204	0.00329597537974284
2740	-988.02910163606	527.533797654797	2.02711834693724	0.00174718565497063	0.799216400129534	0.00347130259751398
2750	-988.972453487802	517.114103800749	0.924213318098609	0.00177679477688293	0.867035375536149	0.00361799528760184
2760	-988.076558863514	534.073164016024	0.162882268591997	0.0016143897606732	0.783629375837995	0.00372368194347818
2770	-988.122675771114	559.275215392642	0.0718199171593642	0.0016143897606732	0.783629375837995	0.00372368194347818
2780	-988.655187004029	581.411266668385	0.930924017046955	0.00148603402083974	0.65827914978198	0.00411837995625882
2790	-989.727633310708	528.271844850235	0.332230028407545	0.00146893230800285	1.07758572711114	0.00412870862954885
2800	-989.561546343779	528.271844850235	0.371095793496796	0.00148177539620715	1.07758572711114	0.00412870862954885
2810	-989.794993351546	569.020146283803	0.0532924119523146	0.00157555336978174	1.0878786194218	0.00383123099640758
2820	-988.830601257809	505.373229081445	0.0584544972079688	0.00163122891223515	0.839881903050636	0.00383123099640758
2830	-988.76797687007	507.060798190971	0.121642027404438	0.0015550291855563	0.645879745832431	0.00391727593526549
2840	-988.733933916498	507.060798190971	2.56301254214485	0.00166836063437167	0.645879745832431	0.00362536095217523
2850	-988.227124155134	557.378624848145	6.52095442078805	0.0015602797127647	0.720717831116563	0.00390051361359649
2860	-988.014465281877	557.378624848145	1.56361794736136	0.0015602797127647	0.704365003788194	0.00390051361359649
2870	-990.237598503777	557.378624848145	2.50715491100618	0.00150038621549095	0.666208698427261	0.00365852640543724
2880	-987.939365536143	557.378624848145	0.169919429480535	0.00188466898726627	0.792141173530779	0.00331089092910852
2890	-988.075702360995	557.378624848145	8.18632444376484	0.00185907202340108	0.792141173530779	0.00320937913361021
2900	-988.903885151345	525.411453412215	7.14274150564072	0.00184092979333876	0.936851134653339	0.00321296421510647
2910	-988.446036270851	525.411453412215	0.00142527583112899	0.00176038123489905	0.899551458238498	0.00346156086278601
2920	-988.873627416642	525.411453412215	0.0372102873967112	0.00178007940206216	1.00638138403368	0.00347770680409534
2930	-989.960175068145	498.598676603572	4.40870519151655	0.00164999790137231	0.894435985437313	0.00355607739748175
2940	-988.357508189511	553.130557072954	5.33358344449725	0.00175300354612562	0.894435985437313	0.00355607739748175
2950	-988.623454214483	581.546041025196	6.85597400294425	0.00183811908397185	0.837141702857878	0.00333966058535279
2960	-989.081626803036	581.546041025196	6.85597400294425	0.00179731007689171	0.979580462229087	0.00344400879461141
2970	-989.426432654604	588.915573456635	6.85597400294425	0.00182220180770533	0.98967485181386	0.00344400879461141
2980	-989.839602001564	588.915573456635	22.3811244521493	0.00163579077874961	0.801383178633047	0.00344400879461141
2990	-990.557889909842	497.482941220735	22.3811244521493	0.00163660986270799	0.801383178633047	0.0035413985246731
3000	-989.152741062261	507.480107513987	5.99029098974178	0.00166262063106727	0.702251117791692	0.00345626624807042
3010	-988.250383417068	571.799335376353	0.0558978932695347	0.00170130680862167	0.806596965505857	0.00357711891778882
3020	-990.727480952258	537.452051539725	0.0168829561497088	0.00184619075496282	0.644288012174419	0.00357711891778882
3030	-988.703437778385	588.485532546476	0.0868670084182716	0.00193236797111767	0.706909706945984	0.00323729562294505
3040	-989.209458830307	588.485532546476	1.66669079963634	0.00177923837944629	0.587715302667928	0.00324314498695695
3050	-989.162832610793	588.485532546476	1.66669079963634	0.00177923837944629	0.627746355589612	0.00350156074771802
3060	-989.111071481396	570.835775003197	3.11078409116373	0.00178617282053416	0.610270892563805	0.00350156074771802
3070	-989.127485279792	570.835775003197	0.00974817673602808	0.00175015611934887	0.528573260879882	0.00329749111798049
3080	-989.335692770087	570.835775003197	0.0173291744215969	0.00177129243721673	0.566840438025232	0.00354266114018805
3090	-989.001368386448	520.055634162255	0.95635364811331	0.0015705183904011	0.540701767450735	0.00374901206508571
3100	-988.604992036598	547.743506208609	0.0160200789646585	0.00157845402748565	0.935247368460957	0.00404433333257273
3110	-988.353747619516	578.378353682918	0.00425420374039262	0.00161965355495701	0.765051338485743	0.00378355323414578
3120	-988.205595724149	567.997718709463	0.00107073335763771	0.00159234191733977	0.765051338485743	0.00378355323414578
3130	-988.309423177132	564.134755795488	0.689657386581156	0.00159234191733977	0.725246092336082	0.00392733213153244
3140	-990.350957271817	564.134755795488	1.92160734393677	0.00159588481827231	0.77230631274698	0.00414732442452487
3150	-990.874303539352	564.134755795488	1.92160734393677	0.00159588481827231	0.63549416652488	0.00410585544927593
3160	-988.365488961717	564.134755795488	0.377481532621154	0.00173521426463754	0.800124724316448	0.00342387450849828
3170	-988.524120800966	573.367854912973	0.0944784570615465	0.0016757802579316	0.62380940517553	0.00351464026054409
3180	-988.923331633137	521.536492427777	0.114888676418851	0.00175676578193491	0.947552401425376	0.00344380956031739
3190	-989.817230387412	521.536492427777	0.0150989207172329	0.00163120000923629	1.04968186376679	0.00369203676886158
3200	-990.406580565938	497.484774838446	0.0150989207172329	0.00163120000923629	1.00064111651691	0.00369203676886158
3210	-989.435388760024	497.484774838446	0.288559304413849	0.00158906347345877	0.631907161679303	0.00368971794569173
3220	-988.669208498231	574.052041884544	0.00763894756209089	0.0015900261235203	0.740458390716979	0.00368971794569173
3230	-989.833824432909	595.059827834383	0.067317832652475	0.0015900261235203	0.722822664912496	0.00359610711002166
3240	-988.909487432165	595.059827834383	0.067317832652475	0.00165894809178857	0.812210634836659	0.00369142934789717
3250	-989.007908848936	595.059827834383	0.00175163564542739	0.00159790543361639	0.701016236993894	0.00371640408735454
3260	-990.455364677508	559.72484321474	0.00102212447442691	0.00153620825419548	0.654380426097327	0.00427177211205856
3270	-988.735854822903	520.158599327148	0.0152022014126737	0.00143925990741225	0.61626999720522	0.00427177211205856
3280	-989.524469284249	520.158599327148	0.00681229394916498	0.00135279999629795	0.540152737447591	0.00422274639612835
3290	-989.397133708395	497.925186296104	0.175638740288053	0.00143029724958587	0.613138796793007	0.00422274639612835
3300	-988.318239760847	536.017127192429	1.85263982937062	0.00142434268725545	0.614479567630671	0.00422762029790567
3310	-988.668854388623	536.017127192429	0.403513280359092	0.00132076926827399	0.700483455730327	0.00438013132687363
3320	-988.08435045609	536.017127192429	3.33414583135857	0.00136352578533842	0.719257939836748	0.00438013132687363
3330	-988.531238830166	536.017127192429	9.67154874461153	0.00148305060850153	0.719257939836748	0.00409600008763105
3340	-989.306439731582	543.376661186592	9.67154874461153	0.00153302396392754	0.753851981355565	0.00409600008763105
3350	-988.605170028184	543.376661186592	15.7231225485812	0.00163782983842584	0.688304685689181	0.00349352566022684
3360	-988.229519981766	559.505710210256	3.12134370273227	0.00166901539903291	0.747437647804976	0.00352327800229601
3370	-988.229519981766	559.505710210256	3.12134370273227	0.00166901539903291	0.747437647804976	0.00352327800229601
3380	-988.894516196219	550.449124500561	2.27635357087491	0.00169737429814944	0.611983800162683	0.0033432531673974
3390	-989.329179786983	500.782668902693	13.5311868250338	0.00176654352585229	0.732810431052473	0.0033432531673974
3400	-991.590214745689	645.224821158513	5.51197643677065	0.00176654352585229	0.607606701867327	0.00326194807865588
3410	-991.647321478697	484.616033620938	5.51197643677065	0.0017003824416212	0.607606701867327	0.00326194807865588
3420	-991.770274816156	484.616033620938	5.51197643677065	0.00182323926230931	0.506120440308121	0.00331980161003807
3430	-989.45427042379	600.63970090821	0.966899444089983	0.00166640417947721	0.89127412966082	0.00380192537437279
3440	-989.719668526361	600.63970090821	0.966899444089983	0.00166640417947721	1.00710192608486	0.00372806292148306
3450	-987.899294098812	549.941491905805	0.177918304177761	0.00173540362086437	0.741656308790037	0.00356616083083245
3460	-989.064415061087	549.941491905805	0.0104659956765932	0.00164810217665504	0.900463762681905	0.00356616083083245
3470	-990.278302656705	549.941491905805	0.0351025167872156	0.00158976520489412	0.526255330343522	0.00346487385349837
3480	-990.695274234995	549.941491905805	0.00378675537137294	0.0018530629946865	0.524195686579558	0.0034617223032183
3490	-988.39811728324	517.921625408382	0.0103692429837964	0.00179518826118809	0.629230723628003	0.00340710445105437
3500	-989.37764521886	492.605262442081	1.4691094890265	0.00180763531274306	0.629230723628003	0.00330886504309995
3510	-989.481821346671	534.793762739291	1.15425050713565	0.00180763531274306	0.478304569493778	0.00330886504309995
3520	-988.17455032474	534.793762739291	0.00444982395377695	0.00180763531274306	0.626765349040939	0.00326864392358439
3530	-989.107817656508	497.709644404778	0.00809823326472874	0.00180241677117461	0.626765349040939	0.00336569358709355
3540	-989.218283648118	497.709644404778	0.481112379675241	0.00188654596462959	0.618241441510961	0.00324564286614828
3550	-990.251951198246	501.236189465588	0.242492688261076	0.00174707416412127	0.579668149704098	0.00324564286614828
3560	-990.191941950331	594.805018848298	0.00824641639423991	0.00172966538667118	0.579668149704098	0.00324564286614828
3570	-988.266472074304	548.275236141075	0.00631222936938532	0.00186211295564596	0.746620676538643	0.00341800497686234
3580	-988.737609068524	562.051076966176	0.0897866140163204	0.00182865529570592	0.812289781690953	0.00320177928888587
3590	-988.08414015643	543.630893223595	4.36120424802226	0.00184931911881121	0.692751785514056	0.00333233992220221
3600	-991.346414869544	643.856607069059	1.62324058467082	0.0021043258021008	0.67786962315797	0.00298783665590519
3610	-988.357586442419	524.738753911258	1.62324058467082	0.0021043258021008	0.67786962315797	0.00298783665590519
3620	-989.032493046826	524.738753911258	3.58825445944497	0.0021043258021008	0.67786962315797	0.00302683042429942
3630	-990.108973531257	524.738753911258	0.998856022117345	0.0021043258021008	0.67786962315797	0.00311878952940258
3640	-988.084058116591	524.738753911258	6.94904302756693	0.00203282733591171	0.787093863210215	0.0029311846106198
3650	-988.436637083312	519.20371504421	6.94904302756693	0.00207118710533047	0.733963187628241	0.00280685802476469
3660	-988.864278121748	581.132902743386	6.94904302756693	0.00219858345981387	0.640934138319331	0.00280685802476469
3670	-988.737356993188	572.639675001764	7.63788241028042	0.00219858345981387	0.640934138319331	0.00280685802476469
3680	-987.909695234257	520.920975160204	0.301314476652537	0.00215513365896303	0.714228312105526	0.00280685802476469
3690	-988.198184068316	520.920975160204	0.0446201126686285	0.00215513365896303	0.690070285790801	0.00291552006852082
3700	-988.385732643533	520.920975160204	0.0783364573969667	0.00220620086647049	0.690070285790801	0.00287523186111735
3710	-988.795687250785	598.90830714587	0.143611138454872	0.00234194857474863	0.719918598516956	0.00266531362146369
3720	-991.226051444345	544.206136685869	15.4710529842404	0.00261382902738137	0.429762639711278	0.00203788579565381
3730	-991.725521730075	573.791168985094	7.93883067995805	0.00261382902738137	0.414656357141987	0.00203788579565381
3740	-989.900738986869	575.422808417143	17.8618434746275	0.00268672750245642	0.509972096691408	0.00203788579565381
3750	-988.517251022785	575.422808417143	17.8618434746275	0.00288407832981204	0.733333661325153	0.00201750398091552
3760	-988.968002400671	575.422808417143	9.19857246334843	0.00281074308725124	0.681196925576021	0.00200546636905668
3770	-987.854281215424	521.782453072413	0.369167072386933	0.00281074308725124	0.623265037613967	0.00213526857335432
3780	-989.119656581995	512.839457876128	0.0217673863547724	0.00269726800282499	0.613826952220312	0.00213526857335432
3790	-991.153808452495	477.916868649397	0.249728600592787	0.00278395264287159	0.501655455939866	0.00211801728132983
3800	-991.153808452495	477.916868649397	0.249728600592787	0.00278395264287159	0.501655455939866	0.00211801728132983
3810	-989.108562314618	539.9234051178	0.168490251123247	0.00260928983400792	0.655114559684305	0.0021779372592819
3820	-989.569330241392	539.9234051178	24.929569016344	0.00251060772466951	0.616842271342525	0.0021779372592819
3830	-990.496196364165	542.657174787533	28.8289994595465	0.00239359541371445	0.579474247932065	0.00221893567233198
3840	-989.314937468834	610.853329550842	2.74376911066979	0.00258582473424522	0.660455740095367	0.00239000614520276
3850	-992.107336472819	610.853329550842	3.86711531812955	0.00230343005929006	0.82823640527747	0.00238573640836543
3860	-991.559786229149	610.853329550842	22.5214291244394	0.00230343005929006	0.82823640527747	0.00233890190884261
3870	-992.697969327617	615.005479383167	8.05455135185598	0.00230343005929006	0.82823640527747	0.00233890190884261
3880	-991.963360411928	615.005479383167	8.05455135185598	0.00232897486775762	0.791597965243959	0.00233890190884261
3890	-991.998566817561	523.192112904194	41.5383355876084	0.00222414858574931	0.752098975264714	0.00248230043078754
3900	-992.408982837105	594.702066371763	41.5383355876084	0.00211975400219334	0.879080463121305	0.00248230043078754
3910	-992.206351027052	594.702066371763	41.5383355876084	0.00212733838674146	0.844681556160682	0.00248230043078754
3920	-990.939621255809	524.025486950763	0.330318834065014	0.00219661647108758	0.659097259817947	0.00250623434416516
3930	-988.906048088612	504.847745217954	0.0547030261936982	0.0021475366270284	0.736756971549146	0.00296884721033271
3940	-988.714044695574	566.06865492712	0.00252457172719305	0.00202197074496295	0.96822437962427	0.00318829055132096
3950	-988.89545157822	529.584177275799	0.015470576507132	0.00202197074496295	1.04319467515363	0.00307711964987626
3960	-988.803405723201	529.584177275799	0.0130678409609853	0.00202197074496295	0.862322667077026	0.00322256606325673
3970	-988.732263761452	529.584177275799	0.00100395507091934	0.00200370717033643	0.856567515932657	0.00324402566850592
3980	-989.225051022299	493.573889733587	0.00904774216465244	0.00156460008972365	0.744322602626623	0.00392938344898403
3990	-988.821162275675	588.872754016516	0.183344899278969	0.00155495478086019	0.651296147430686	0.00392945144338421
4000	-989.723162467447	588.872754016516	0.497363587172996	0.00159755236863539	0.737413841457171	0.00357225521587375
4010	-988.721132846831	509.988670496371	0.0433144233029397	0.00159755236863539	0.854462062237183	0.0039155902876764
4020	-988.14713604886	555.799200882988	0.0467136927575538	0.00161027367335449	0.854462062237183	0.00379265650516973
4030	-991.694097897807	541.353324498274	0.00421843709830601	0.00153272636270183	1.20066399019115	0.00382949614957539
4040	-988.914607767489	561.348326046236	2.00376621924745	0.0014266186850424	0.702997284824862	0.00400400321568895
4050	-988.648076205399	543.089850694703	5.10832226266574	0.0014266186850424	0.702997284824862	0.00400400321568895
4060	-989.333442703159	512.32033948476	2.10303423106585	0.0013317049737628	0.645621649374693	0.00429174029738705
4070	-989.999523734233	616.090876046316	0.331147268976734	0.0013507232508944	0.620753964063478	0.00446831196940597
4080	-989.63795904104	515.222738538268	12.8874672321874	0.00133649480229868	0.620753964063478	0.00446449493582766
4090	-989.812906742977	597.217887687784	12.8874672321874	0.00135075494589835	0.862998375706813	0.00451752100929616
4100	-989.7612547044	514.992687854027	2.38862525519492	0.00124151449545881	1.04278218016939	0.00509091685907257
4110	-991.15580975459	499.979702852895	0.130404902445071	0.00124976146410696	1.12971050266746	0.00489375082603061
4120	-991.066919362492	485.488957449544	0.0745001301550621	0.00134316329337136	0.910287310742451	0.00480631428840678
4130	-988.932147747883	536.316721248502	0.743370869573541	0.00131081304066981	0.648020775568416	0.00435683747101185
4140	-988.896954639049	536.316721248502	1.84041255292178	0.00145485975246665	0.697781396772787	0.00435683747101185
4150	-988.78370940112	536.316721248502	2.44260481509588	0.00145929812301231	0.638992987580596	0.00426864802455431
4160	-988.600610305949	536.316721248502	2.44260481509588	0.00143463291678475	0.599564869792186	0.00402424152570131
4170	-989.564813461697	498.502667558475	1.44231367244577	0.00145246785039421	0.599564869792186	0.00401612510083653
4180	-991.464201656105	495.004519728981	4.13141060093463	0.00146436347926451	0.698077654570546	0.00377799351390386
4190	-989.607408019776	595.899967806833	0.911787911041706	0.00152646684237607	0.562394183655355	0.00377799351390386
4200	-990.299071084404	595.899967806833	0.00289914494007977	0.00149018893655464	0.613170773168573	0.00375861465365176
4210	-988.572426672462	519.552443742495	0.00477371715610361	0.00159572705109175	0.613170773168573	0.00382745851474354
4220	-988.8751570842	528.939067377519	0.00477371715610361	0.00164993817854796	0.57630210181145	0.00374552179053514
4230	-988.893996032141	528.939067377519	0.128846943118874	0.00179433949724062	0.937340756110142	0.00360532998581544
4240	-988.804739998689	528.939067377519	0.128846943118874	0.00175006837154624	0.870246657145038	0.00369291657553828
4250	-988.792827075332	573.098530842141	0.00153795759938949	0.00168262563392348	0.634806993241258	0.00344103356510779
4260	-987.961386389055	534.443217098143	0.0685596761668147	0.00200929733311559	0.712220875528729	0.00311802725043788
4270	-991.526616329567	518.807047265441	0.121009717068288	0.00176027199141032	0.712220875528729	0.00311802725043788
4280	-988.677897105229	518.807047265441	0.121009717068288	0.00183785820669856	0.712220875528729	0.00317910488590608
4290	-988.909039082516	518.807047265441	0.121009717068288	0.00191090234042973	0.756959041448181	0.00304872706058374
4300	-989.088853223347	576.584905409465	0.0280333767256775	0.00192570870722248	0.806168145449479	0.0030259925638754
4310	-989.418328719165	525.209840993003	0.187556519923957	0.00188038367174362	0.705303987475363	0.0030259925638754
4320	-990.683921954585	581.899194799033	0.0387407288275058	0.001922629013506	1.02843059663607	0.0030259925638754
4330	-992.16595503802	631.779024451002	0.0387407288275058	0.00193573532677923	0.966406078870843	0.00298990288689722
4340	-991.15356351636	631.779024451002	0.00223863365540113	0.00217897613895232	1.00346369752869	0.00298990288689722
4350	-990.034689595174	492.106383579202	0.0145081117478366	0.00220308283371727	1.01119148058134	0.00290758265334621
4360	-988.275039155488	547.585751046561	0.00461138665357931	0.00210344959568659	0.922701478166977	0.00289596348144736
4370	-989.396387815597	547.585751046561	0.0832689717001761	0.00210437103479807	0.705773218947741	0.00268967820651614
4380	-988.121562802616	551.490531144689	0.112731169064626	0.00221777449732119	0.653683132796769	0.00283611455680113
4390	-988.951928317049	500.669662658371	0.00384024904074361	0.00222713760414148	0.651336700147931	0.0028094988722841
4400	-992.575864407644	489.497836724233	1.28463224055708	0.00235053603347946	0.409077298159322	0.00241751757641922
4410	-991.033592816227	489.497836724233	0.987157851153554	0.00235053603347946	0.482527183410171	0.00244974750797944
4420	-991.271042553185	489.497836724233	0.987157851153554	0.0025235107332057	0.515525160386331	0.00248612407397989
4430	-989.532760587429	489.497836724233	0.00579809359302028	0.00238147699932422	0.732892808554163	0.00248612407397989
4440	-989.070791969319	493.418454915264	0.00294115402850258	0.00259881722032251	0.604433417693385	0.00235953433088325
4450	-988.728812766638	493.418454915264	4.82687601901005	0.00279125726133413	0.789797469438013	0.00216527542018474
4460	-989.017226135538	550.218567135512	17.2368730158917	0.00255274739389926	0.63861029269447	0.00216527542018474
4470	-988.760384133672	550.218567135512	17.2368730158917	0.00253039262521259	0.63861029269447	0.00235779988766749
4480	-989.128418282445	550.218567135512	18.6325896940512	0.00241925677506335	0.818888902443997	0.00231565951979702
4490	-989.136932227221	610.178258290518	0.540399041824334	0.00247560221219608	0.757540571698499	0.002489798648515
4500	-989.093733189917	595.571543405352	0.540399041824334	0.0025882435528536	0.953003472368252	0.002489798648515
4510	-990.589520125676	595.571543405352	0.227673757294675	0.00267467702890777	1.26723803313025	0.00237027568273336
4520	-987.574499325019	520.450359600411	0.361428800044262	0.00276859698612482	0.72321339296147	0.00223811171060015
4530	-992.466680103995	520.450359600411	3.91187702078957	0.00276859698612482	0.596063431839226	0.00192252418218117
4540	-988.681467456581	601.360704650084	1.57558415479081	0.00286740272431893	0.809071472754516	0.00217443105893022
4550	-990.436211431545	601.360704650084	1.57558415479081	0.00298406156689295	0.516986998119343	0.00212969491531207
4560	-988.988462409655	525.562749117618	1.0209098793625	0.00285947807458866	0.490166759573941	0.00204419195586093
4570	-990.168638595515	611.306149463434	0.15083979132719	0.00274936556201551	0.505221735194077	0.00211833880115
4580	-990.052614701582	611.306149463434	0.0568490210444438	0.0027810493681034	0.505221735194077	0.00218661000731272
4590	-988.413942713964	572.973759196846	0.0568490210444438	0.00269123066997268	0.720340907858503	0.00239928096636712
4600	-988.345007911212	572.973759196846	0.0269559321301424	0.00245614641697973	0.717756882786359	0.0026037119386917
4610	-988.734738221879	572.973759196846	0.0269559321301424	0.00267707226715931	0.97617418565205	0.00227405456202847
4620	-988.399499879797	542.493092381149	0.0269559321301424	0.00267707226715931	0.710477563135144	0.00217205922181426
4630	-987.475927723615	534.596032370874	0.0269559321301424	0.00267707226715931	0.710477563135144	0.002272709270373
4640	-988.458039559305	525.212803535239	0.0269559321301424	0.00267707226715931	0.710477563135144	0.00241966361666944
4650	-988.941732162937	525.212803535239	0.0769381991164135	0.00235728375986797	0.51251299637744	0.0024794519587511
4660	-988.46731409922	525.212803535239	0.0769381991164135	0.00241584908540234	0.634250540311338	0.00262273591599831
4670	-988.53233536652	580.444881869433	9.63129828988709	0.00225889461278056	0.634250540311338	0.0026149720118013
4680	-988.657714411074	580.444881869433	0.4241100763867	0.0024624669866141	0.878691783098304	0.00244054196871393
4690	-988.733558350807	580.444881869433	1.40268670637075	0.00259551014138576	0.856531451702476	0.00250604162261291
4700	-988.994351017874	580.444881869433	5.93303777311129	0.00257418493906472	0.856531451702476	0.00250604162261291
4710	-988.237556828569	567.631803056906	0.162266059235424	0.00259722632322059	0.676049878697431	0.00245264662118347
4720	-989.499729001942	499.325136686277	0.162266059235424	0.002627082780824	0.686904645761822	0.00246188253884391
4730	-987.8634283854	512.738263574659	2.84229749998775	0.00269104596019969	0.702498845240761	0.00225639162922087
4740	-987.87579853345	512.738263574659	2.84229749998775	0.00269104596019969	0.702498845240761	0.00228326883819637
4750	-987.86106253996	566.981472929031	4.30661149612193	0.0026053174206067	0.649860673046923	0.0023001530210395
4760	-989.116332688246	494.368010622409	4.30661149612193	0.0026053174206067	0.674314593615749	0.00239382058986753
4770	-987.643646744622	531.500369737607	0.0838810000228485	0.00260058022602228	0.674314593615749	0.00239382058986753
4780	-988.970281311844	547.349303869018	1.70243757458056	0.0021804918023009	0.674314593615749	0.00260456360055515
4790	-989.790039374362	579.783485390401	0.514552456693435	0.00220969595148589	0.456719623860053	0.00262301010511426
4800	-991.185587751679	636.533285716963	0.0274189498985217	0.0021155708652999	0.612468708951626	0.00273429045030909
4810	-990.858067441715	636.533285716963	0.0970924705547174	0.0021155708652999	0.862093934120015	0.00286366363311617
4820	-988.325799102366	521.124749350865	0.996457792656757	0.00217739417877848	0.93106657938784	0.00286954223663614
4830	-990.828548271135	554.921511525132	0.211928067151688	0.00234048592747621	1.08381762522742	0.00293205539047076
4840	-991.498444696503	561.208096159678	0.00142115257851307	0.0023697532164679	1.10385433185113	0.00293205539047076
4850	-988.732468518747	561.208096159678	0.0197965492218435	0.00219767080971277	0.685828447619871	0.00293205539047076
4860	-988.520535586764	543.677199594453	1.73561791523136	0.00195105878937491	0.946439185357796	0.00309511604279435
4870	-993.962469990862	604.863915368611	0.187720729747419	0.00189510021523266	0.969878126308975	0.00287247552045132
4880	-992.137606468525	645.523639348116	0.00274171072427619	0.00205926705283411	1.09007465378428	0.00315047834688827
4890	-991.927991447979	507.519032407316	0.59400467488526	0.00200067673824673	1.26523917426233	0.00333810640638044
4900	-990.347742605013	547.491608285066	0.292915625999781	0.00212931187603077	1.26523917426233	0.00309239558300191
4910	-988.064075533871	547.491608285066	0.00323696506109281	0.00214106575206549	0.921387483803436	0.0028991663463275
4920	-988.616091989669	547.491608285066	0.00479084294133408	0.00195964802521907	0.729554479261077	0.0029576580509024
4930	-988.651701406864	547.040638190154	0.102051795656033	0.00195696694977663	0.729554479261077	0.0029576580509024
4940	-988.438900852353	526.681976163207	2.42434571451172	0.0018130708895113	0.606949915893979	0.00336711654270516
4950	-989.894796583957	522.564187085916	1.50155527149755	0.00174619759971526	0.941013251209154	0.00333320033483229
4960	-989.235085287845	522.564187085916	1.50155527149755	0.00174619759971526	0.852096556548255	0.00333320033483229
4970	-988.477410099375	550.931450170171	0.0185280706468415	0.00191519417355903	0.786394631399254	0.0033620701749901
4980	-989.076604119358	550.931450170171	0.0139829127805286	0.00190121180437043	1.06172726161499	0.00322784012886457
4990	-987.856913868494	548.13741801518	0.00128893015646713	0.00175433342989234	0.699397661754189	0.00344736870541313
5000	-992.299139245423	484.902886874045	0.0684778412196361	0.00170870831240981	0.642215204675856	0.00325452582719002
5010	-989.971729798755	484.902886874045	0.0684778412196361	0.00182259873586182	0.610467010142166	0.00332579081810924
5020	-988.712519507889	519.277574432845	0.00211950102882686	0.0017501782499401	0.657115798949812	0.00332579081810924
5030	-988.24818121875	519.277574432845	0.00256983619712977	0.0017501782499401	0.823653257018524	0.00348584777193679
5040	-988.611626281288	519.277574432845	0.00256983619712977	0.00182604945029259	0.897577499955483	0.00348584777193679
5050	-988.122313057083	560.657939040236	0.00163311528779496	0.00181398786260618	0.788309121573899	0.00330620584562704
5060	-989.116021202734	513.294677336732	0.132048146888689	0.00178233959089809	0.852423786940474	0.00331906471602258
5070	-988.798201336879	525.000885710678	0.127800603539867	0.00178233959089809	0.852423786940474	0.00331906471602258
5080	-988.933432159647	525.000885710678	0.0500266901243193	0.00196163047149722	0.852423786940474	0.00331906471602258
5090	-992.132109781382	517.655978523128	0.35813221914697	0.00162481535065427	0.977281608032229	0.00347140256929663
5100	-991.506194009801	517.655978523128	0.35813221914697	0.00184158630408807	0.766432812702059	0.0036553646280388
5110	-988.391609121473	517.655978523128	0.0639140152556958	0.00187679834167237	0.693837114089717	0.00315025933014411
5120	-988.325683944915	517.655978523128	0.124638333976638	0.00187679834167237	0.636602421457005	0.00325977060260363
5130	-988.271923507979	517.655978523128	0.124638333976638	0.00187679834167237	0.647457429843662	0.00318692852103658
5140	-989.363971785004	518.72255113234	0.0724375123724667	0.00180484584186917	0.779035285275845	0.00319891000349706
5150	-989.229312019911	535.790941026943	0.150912774032374	0.00182883559157003	0.488347015677848	0.00326308467632946
5160	-988.327928943521	563.358615352058	0.0524183308300158	0.00183801937996155	0.849818776414439	0.0034604113564884
5170	-990.012751140866	596.654499708219	0.307653226434845	0.00183801937996155	0.564714692396858	0.00341808890861139
5180	-989.226028767571	596.654499708219	0.499645814027308	0.00173433791346084	0.799728839274257	0.00341808890861139
5190	-988.365910815485	546.015058748104	0.0538168937278045	0.00191228483679846	0.678408379408613	0.00304361693870492
5200	-991.880505138724	492.251680686181	0.00118478321764113	0.0017945855790037	0.440192003658181	0.00318061521025754
5210	-989.661080329849	576.12167494728	0.00290161401212357	0.0017945855790037	0.478475792914585	0.00335165165554699
5220	-989.387554169842	576.12167494728	0.00554243264191012	0.00169590516564957	0.671716580929932	0.00335165165554699
5230	-989.7392944811	576.12167494728	0.560499859345161	0.00169013179739022	0.753257442786951	0.00335165165554699
5240	-989.245897329704	559.772159772483	0.17094147084358	0.00169205527233666	0.682840053870074	0.00335165165554699
5250	-989.217033298192	521.353136060538	0.00556306143295576	0.00174432346677337	0.513742335041706	0.00335165165554699
5260	-990.331855360558	521.353136060538	0.0012537905754412	0.00174753849188805	0.50521758395774	0.00319531110750824
5270	-989.14518453337	521.353136060538	0.0012537905754412	0.00177395786264385	0.537934451704328	0.00326061393537587
5280	-988.20293411417	560.129246157685	0.0870580549331822	0.00176051556094518	0.632136260243156	0.00348862578250429
5290	-990.405606202074	622.583603167917	0.00336669700622564	0.00178970913994605	0.632136260243156	0.00348862578250429
5300	-988.927143469096	590.087669756313	0.0472822443209228	0.0018319196388611	0.59287356126281	0.00329564509886036
5310	-988.284077570804	561.820575953378	0.0441875853876559	0.00201174193902719	0.577710313323328	0.00298452683344274
5320	-988.696003110123	553.370166671556	0.00303425657153721	0.00201174193902719	0.577710313323328	0.00310342168745474
5330	-987.930490582396	553.370166671556	0.0974092206051934	0.00203274214904968	0.786218259659569	0.00310342168745474
5340	-988.234213594355	553.370166671556	4.96353549029372	0.00208768011585878	0.938174091075257	0.00295567516937754
5350	-988.717816707405	550.856414412301	5.96850588265226	0.00199876469360575	0.938174091075257	0.00295567516937754
5360	-988.504714083737	568.551424087057	5.96850588265226	0.00204323319033593	0.938174091075257	0.00303696265836884
5370	-988.392953919676	568.474446676146	2.53705841080406	0.00204323319033593	0.938174091075257	0.00303696265836884
5380	-990.725222408997	626.753783785445	0.466261606161613	0.00218122891274865	0.777684250637053	0.00297400673090285
5390	-991.447188027564	626.753783785445	0.273209857908459	0.00193435808349382	0.773587937651236	0.0029398884949944
5400	-988.915350245075	578.922183467041	0.107967830442373	0.00190813382978752	0.997141558567172	0.00326812163098885
5410	-989.973736325865	578.922183467041	2.49316508733293	0.00199755271828091	1.03572813404869	0.0033078329201102
5420	-989.310436598851	563.845616505826	1.45134668726432	0.00196923573846173	1.05580336717833	0.0033078329201102
5430	-990.781433255655	563.845616505826	2.00916246513402	0.00202243014591893	1.23160656580809	0.00330576679822955
5440	-988.756396488645	563.845616505826	1.32792110807577	0.00202243014591893	1.03302331722297	0.00311707115045085
5450	-989.201139679449	529.553250913774	0.833969839415094	0.00202201035470464	1.09795714929086	0.00314903246161789
5460	-989.594703332972	524.844023106041	0.0546910261130685	0.00202201035470464	1.14494590621755	0.00314903246161789
5470	-988.846446608901	498.983396682098	0.0595361828381791	0.00202201035470464	0.820577958294133	0.00309978434655297
5480	-987.843707925665	556.866542473223	0.349981251264522	0.00199190274481482	0.808093986054432	0.00309646579252097
5490	-988.38468044905	521.375226316369	0.0245114282465383	0.00199190274481482	0.808093986054432	0.0032031149854408
5500	-988.985634845376	521.375226316369	0.00339078945280557	0.00198347240153189	1.03296861570111	0.0032031149854408
5510	-988.986111985244	541.670934161211	0.00339078945280557	0.00198347240153189	1.03296861570111	0.00327575298049669
5520	-991.368386045381	565.796216945277	0.0130276460959684	0.00198347240153189	1.37414445326878	0.00336312114584505
5530	-990.382132284446	565.796216945277	0.00369437161343044	0.00194002433365592	1.2876051202496	0.00328380927033907
5540	-991.938898499426	599.909253395395	0.406983871575854	0.00194002433365592	1.27844836639474	0.00309807185863067
5550	-991.694027692809	544.422628951755	0.0132899867376683	0.00201148522716592	0.928888405994605	0.00343342427086232
5560	-992.936153410295	535.587099339624	0.00269955348593202	0.00172884979671321	0.494514073007449	0.00304471175963953
5570	-989.487104859439	551.50982092576	0.0155444649189013	0.00194840918615367	0.561886334731282	0.00325791361765237
5580	-990.251483729833	537.411622407567	0.0046272652741804	0.00197745705886029	0.561886334731282	0.00325791361765237
5590	-993.055213222786	495.878464775517	24.4821282309788	0.00139974386933521	0.48425972305432	0.00401316610938197
5600	-991.59729987403	495.878464775517	1.4338611528232	0.00141377399675642	0.454215449240879	0.00420982153266153
5610	-988.933654063556	578.798975990423	0.596152926627463	0.00139791756613564	0.6114107902745	0.0044009391140266
5620	-988.1007852651	560.810531409521	0.152579571875305	0.00141443947740166	0.713438906160033	0.00430080264117185
5630	-988.202212015914	560.810531409521	0.252792323492245	0.00143433376357785	0.713438906160033	0.00431215552618374
5640	-988.394005884412	560.810531409521	0.0315070754757482	0.00134747222061631	0.616692097518971	0.00449885384061252
5650	-988.551931163856	534.642412684167	0.0101886012736651	0.00162739291690123	0.569470488994653	0.00372776299731938
5660	-988.576791318652	581.743064426784	0.0161050090909204	0.00164230960801771	0.817982747383425	0.00368503688174314
5670	-989.101551347142	593.686995630547	0.183375252440853	0.00167998974355512	0.789245311208715	0.00353151296731743
5680	-988.166883518743	534.758289393175	0.0115625026456396	0.0016332953383754	0.643808451108033	0.00375785393166945
5690	-988.31683665051	554.587524547825	0.0127614003082231	0.0016332953383754	0.640800895673257	0.00358620828978781
5700	-988.96068524991	554.587524547825	0.0127614003082231	0.00165902948771167	0.556790118692669	0.00372718215906084
5710	-989.939112227424	577.951991857008	0.00511215197484489	0.00171257451998158	0.582438327888455	0.00372718215906084
5720	-988.984960749604	549.041322548618	0.00511215197484489	0.00161356651542727	0.880658826390808	0.0036380420749841
5730	-989.64339556693	583.39595008792	0.515219482927565	0.00172053933461536	0.687656926868326	0.00329409624413183
5740	-988.366480881502	578.480163372356	5.04839589108948	0.00179843569886696	0.764151994231867	0.00333081656923507
5750	-989.806755370386	578.480163372356	0.193159623630776	0.00183456288132706	0.764151994231867	0.00309443429168291
5760	-988.662544522918	543.306209408463	1.01736384583392	0.00166106047432001	0.587043206373217	0.00346640018229034
5770	-989.536340784091	543.306209408463	1.01736384583392	0.00166106047432001	0.469396984050397	0.00346640018229034
5780	-990.285161350627	475.054312925726	0.0385952433470947	0.00194077199331384	0.774619648532083	0.00318501249700012
5790	-988.834546837531	534.153574649642	0.110159358550235	0.00170514161032502	0.523911017634462	0.0034560203790929
5800	-989.360349136673	565.295546555134	0.0445785634077791	0.00164520819882617	0.48721353365923	0.00362850668179302
5810	-991.794775491643	510.639287611289	0.00433950398626732	0.00158716894264527	0.48721353365923	0.0034393491157706
5820	-989.829676734412	517.762488522907	0.544726580562304	0.00167400661285462	0.475508921339741	0.00350031718270745
5830	-989.423006798389	517.762488522907	0.544726580562304	0.00167400661285462	0.508537326905654	0.00356899206481572
5840	-989.937672979366	504.389962985554	2.32446170910334	0.00179258014894199	0.681238033420977	0.0035624067988477
5850	-988.119389837621	555.002086487629	0.0157406564868631	0.00167993545070575	0.784358124137252	0.0035624067988477
5860	-988.257072652368	549.435002368459	0.458975492167499	0.00189272291719126	0.76166016346216	0.0031100687867322
5870	-988.866702500025	550.326575953425	0.0128612514465706	0.00190173470353433	0.58639357801255	0.00300662347809167
5880	-989.251635003709	550.326575953425	0.002359366407167	0.00200497177418708	0.752182996691935	0.00327588060864912
5890	-989.00938211662	550.326575953425	3.04245011249353	0.00187022125446673	1.01231840825684	0.00320895054942793
5900	-987.875208967073	550.326575953425	3.04245011249353	0.00186746029520014	0.679418192337065	0.00320895054942793
5910	-990.190549971268	624.537410327056	0.112757278642176	0.00203350699274203	0.855939154909723	0.00310932066731658
5920	-990.751619797513	639.172276448655	1.14475143004583	0.00204265284337168	0.73605658959464	0.00300858591784328
5930	-989.070664382944	515.507929798641	4.45785541759521	0.00200730364996631	0.979503218416981	0.00300858591784328
5940	-988.564444329907	527.314804114097	4.45785541759521	0.00205019726112046	0.979503218416981	0.00300858591784328
5950	-988.98710762113	511.043171533673	1.47720107235094	0.00205019726112046	0.979503218416981	0.00300858591784328
5960	-988.068475314976	561.964230809024	0.0643326468315544	0.00200478773237691	0.655704144147555	0.00296528248459015
5970	-989.735439787496	594.285004722432	0.0643326468315544	0.00200478773237691	0.960007229064621	0.00297727378078402
5980	-989.23493053567	606.017047933959	0.00212356719022034	0.00204385425517294	0.844302348878606	0.0030429230601149
5990	-988.485290516839	559.813729682247	8.21516193035121	0.00188169245487821	0.621902989398337	0.0030429230601149
6000	-990.724005528054	510.216908277444	4.7868108218462	0.00188169245487821	0.451617862990013	0.00314232613399442
6010	-990.744746332061	490.325117315432	10.9289888471688	0.00190014412366784	0.599425294425516	0.00318997686093549
6020	-990.011670914513	507.458339389942	0.0898951407642714	0.00197887753142138	0.494591388242183	0.00291347916442079
6030	-991.558909371749	507.458339389942	0.525120640647451	0.00197887753142138	0.479964498373741	0.00317062263955101
6040	-988.847032407449	507.458339389942	0.0213478238749592	0.00196530476660751	0.734640365401647	0.00323124515306057
6050	-989.178141566606	571.622637749595	0.0213478238749592	0.00203436917497917	1.05084745149558	0.0031877443717155
6060	-987.958981144554	561.171907981973	0.0155425195172647	0.00194455358163183	0.825794530118223	0.0031877443717155
6070	-988.622407734987	561.171907981973	0.0155425195172647	0.00206110782391422	0.825794530118223	0.00314895371169363
6080	-989.114268140152	586.174124411674	0.210303022440623	0.00186999520856197	0.640201946249795	0.00336993426935862
6090	-988.886142720392	588.759527649989	0.00598220944420578	0.00172828406413414	0.739511508576647	0.00364719090913858
6100	-989.146662975761	518.936325581568	0.0930157342506662	0.0018485328813907	0.517112660167301	0.00320275685489859
6110	-988.359531128112	573.89461891705	0.0155590404620275	0.00189862597922907	0.728007482438283	0.00312625325611789
6120	-988.331498110536	521.883515480244	0.0350118777588765	0.00189862597922907	0.777857615905221	0.00313523361591054
6130	-988.136272126397	533.569653372734	0.0214865900938459	0.00194666014122165	0.824840671059815	0.00308607533241097
6140	-989.40575621218	577.952035963965	2.44128480461401	0.00210715783437582	1.03295856299714	0.00308607533241097
6150	-989.413521223983	577.952035963965	0.127816507646522	0.00210715783437582	0.934124119089334	0.00280274697896928
6160	-988.762389968193	579.263707386673	0.0549410576180786	0.00207329834486571	0.900724570817039	0.00290863137798093
6170	-988.205459703288	579.263707386673	0.0262046394399626	0.00226801297869424	0.833146337493762	0.0027389227529235
6180	-988.166690102488	565.433610660031	0.0262046394399626	0.00221503032521484	0.785505067721058	0.00269512265326394
6190	-988.390604951145	583.179310864066	0.0134341665712522	0.00231716533838187	0.804330335025576	0.00261107776747115
6200	-988.698476399384	509.328988374765	0.0676719308015177	0.00220283972428286	0.784004119274883	0.00290746935275829
6210	-988.472288439353	579.314583394826	0.00161956489069611	0.00203304152499515	0.619133237638414	0.00292473114008848
6220	-990.555626337891	579.314583394826	0.0372114360125538	0.00201807718616114	0.721466782214833	0.00275374480330046
6230	-988.838063875179	598.589657943452	3.84803793230171	0.00226157426299108	0.721466782214833	0.00264262996410347
6240	-988.474999703969	574.424311442259	0.0173019305900981	0.00213892302260146	0.903944724081739	0.00285256660485168
6250	-987.90728162455	542.905653881025	0.0506269794921247	0.00219382426527287	0.890048924962438	0.00285294396182145
6260	-987.850877527792	542.905653881025	0.00593822038476678	0.00221961157149373	0.825029055194243	0.00285294396182145
6270	-988.001043587416	515.700787750898	0.00961952886446413	0.00234838465303004	0.823513888529131	0.00265772465020131
6280	-989.166726249599	515.700787750898	0.00961952886446413	0.00226578364208467	0.50838748158305	0.00264348976912375
6290	-988.083170683943	515.700787750898	0.00265740543953136	0.002280395675619	0.828986450686051	0.00269199498064142
6300	-988.688904391855	515.700787750898	0.0021462582915978	0.00229940857613811	0.598781823298091	0.00271394309161547
6310	-988.947259926194	515.700787750898	0.0163328701236761	0.00232195281361745	0.598781823298091	0.00271394309161547
6320	-988.886719357084	585.032638462237	0.237802866119913	0.00252279011699275	0.580380292829485	0.00247284882360363
6330	-989.691440456742	606.303341120051	0.0966666987643553	0.00234542536921738	0.61223115517111	0.00247284882360363
6340	-988.935048429897	572.211253952519	0.00355210300617599	0.00247250350070086	0.691419444722367	0.00232829254472019
6350	-989.656210523203	492.997502275921	0.0917196924381141	0.00246032030923095	0.581724635872815	0.00237815315220727
6360	-990.075047883734	492.997502275921	3.86103955568662	0.00250057086085685	0.992607902558413	0.00241239666238596
6370	-988.452352802344	589.098631408165	0.123595139164661	0.00251659505879936	0.785336261156873	0.00240855435681642
6380	-988.684073165038	589.098631408165	3.63234625653591	0.00254250570156209	0.611224596568561	0.00240855435681642
6390	-990.213958132945	614.263543384976	2.25715418859084	0.00235143236416579	0.611224596568561	0.00243081078014657
6400	-989.60538811318	614.263543384976	0.0523322057584699	0.002443415290975	0.611224596568561	0.0025159399949152
6410	-987.965590840445	572.6577364043	0.00139726848133075	0.00250211567727858	0.687918032543039	0.00249351085611628
6420	-987.732625337934	527.144985342039	0.0863149629439798	0.00250211567727858	0.687918032543039	0.00249351085611628
6430	-987.659619266243	525.673291861596	0.0808923141229453	0.00249505458633902	0.794544865629823	0.00250708430774493
6440	-988.120757235692	581.532803018978	0.0213755718148079	0.00249505458633902	0.794544865629823	0.00250708430774493
6450	-988.274747453326	581.532803018978	0.00335525062366566	0.00241716376334291	0.794544865629823	0.00250708430774493
6460	-988.798247065894	578.231144418511	2.61608583825501	0.00223717121102494	0.817539427782144	0.0026195645190213
6470	-988.331624937205	573.597109118778	0.35820760266642	0.00228813980801608	0.817539427782144	0.0026195645190213
6480	-988.148085654752	528.54297820449	0.35820760266642	0.00228813980801608	0.78951792247814	0.00260132429568058
6490	-989.214537345448	504.338249356398	0.00217612965243952	0.00232877199940146	0.554914623290592	0.00251875385226719
6500	-988.466188413422	553.379108412824	0.0161999260415723	0.00246023712658689	0.554914623290592	0.00251875385226719
6510	-988.35849186376	553.379108412824	0.0506088384051052	0.00244279245550092	0.554914623290592	0.00251875385226719
6520	-990.638680234103	612.727369147298	0.810905043454841	0.00244414875040699	0.554914623290592	0.0023091879461891
6530	-993.223790406875	605.673775688597	0.930815839366299	0.0023151310449449	0.330726201692305	0.00239018847608229
6540	-994.270780947726	544.592877672592	12.6257075595658	0.00251827499457788	0.335800829877716	0.00234733672506933
6550	-991.902779274971	475.699012659561	5.57824274676463	0.00263108978389242	0.497293250328458	0.00229347169042829
6560	-989.832800744972	475.699012659561	3.44722370939806	0.00285635500607874	0.739535716218472	0.00218390356018382
6570	-988.79838456259	602.197595220488	0.0607188671705735	0.00285635500607874	0.739535716218472	0.00211620923548919
6580	-988.79838456259	602.197595220488	0.0607188671705735	0.00285635500607874	0.739535716218472	0.00211620923548919
6590	-990.435940652364	623.542721479002	0.034060033133478	0.00274694207771827	0.572962067650347	0.00211620923548919
6600	-988.184148995762	580.322182915654	0.00708250224012175	0.0029494988437703	0.603743346646982	0.00208808988271506
6610	-990.072891838161	585.539000841338	6.39978934500743	0.00286612047505369	0.534144814589424	0.00192490921265621
6620	-988.65299477316	497.307748017787	6.39978934500743	0.00324446798316115	0.682516084930631	0.00192490921265621
6630	-988.786618730006	497.307748017787	6.39978934500743	0.00317181742303294	0.666978564270907	0.00196724767037158
6640	-988.310180388618	542.93592544839	0.952881341491068	0.0029320938382999	0.643847155175839	0.0019737618598312
6650	-987.599682597123	542.93592544839	0.0870122596117101	0.00307581790467444	0.594903936873386	0.0019737618598312
6660	-989.238036512811	542.93592544839	0.0657924831312271	0.00303845103908643	0.450250195668794	0.00197794348831713
6670	-989.334963028791	542.93592544839	0.512625799543975	0.00324265903520528	0.438497770253495	0.00181612614039684
6680	-990.860847374975	509.223406340114	4.24815099243484	0.00298169333998302	0.607497940787375	0.00184521030880892
6690	-990.576657111284	588.397421555859	3.42109950906797	0.00299120445916963	0.480653021733548	0.00184521030880892
6700	-989.982562701181	548.061853435305	7.14222748821664	0.0029792729804511	0.480653021733548	0.00184521030880892
6710	-989.120797172338	548.061853435305	7.14222748821664	0.00325950777372738	0.527826651554743	0.00171647994122054
6720	-990.515671583292	594.379065138913	8.81224557493717	0.00325950777372738	0.527826651554743	0.00167634339733132
6730	-993.393989340477	612.402195099553	46.6446918447655	0.00323681126443412	0.869661425648836	0.00160267486459362
6740	-993.841146380586	612.402195099553	46.6446918447655	0.00323681126443412	0.96009314660997	0.00160267486459362
6750	-994.093352481391	612.402195099553	46.6446918447655	0.00323681126443412	1.00456762932208	0.00160267486459362
6760	-989.501612513667	548.478533610466	11.467923385832	0.00333286295510908	1.09795003180932	0.00176940456960094
6770	-987.167884309849	548.478533610466	9.88481663420839	0.00382674589349889	0.749419259492365	0.00158823642865398
6780	-987.210039825095	548.478533610466	0.3510199410522	0.00382674589349889	0.741422002707183	0.00158393623382297
6790	-988.306381340975	550.198555452838	0.0140105661314524	0.00411453871915648	0.614955639376045	0.00159823821949078
6800	-986.967430956322	536.611844343153	0.745814879264696	0.003722143052642	0.693117983478625	0.00165545931259976
6810	-987.353803510074	570.830470994264	4.57133447617327	0.003722143052642	0.744674103448226	0.00165545931259976
6820	-987.867966589451	570.17505459331	1.76527166470809	0.00366804920807466	0.732791869701141	0.00162016671872195
6830	-988.654726639647	579.753377864032	0.0231876597484996	0.00402948912783648	0.641644221769613	0.00144403264716224
6840	-987.694919742973	504.027729384973	0.0231876597484996	0.00446284714736408	0.947821783624024	0.00144403264716224
6850	-987.696651902847	504.027729384973	0.0559700630719805	0.00446284714736408	0.947821783624024	0.00144403264716224
6860	-987.199495439913	549.711788244095	0.0819289239301533	0.00451044196685036	0.806877400948814	0.00146987190278029
6870	-987.573356045074	515.773478674113	1.32880376022238	0.00481285490497738	0.893388151515828	0.0013894068117895
6880	-987.250230718685	515.773478674113	0.00407924300144899	0.00474913880770871	0.93494424710615	0.00133410539662741
6890	-986.700062398286	538.133815014837	0.00407924300144899	0.00457734016900724	0.842586282294052	0.00141692734171953
6900	-986.858876489052	524.97246529617	0.00115626614478923	0.0043885955779895	0.655614436597875	0.00140931100815269
6910	-987.598440590008	529.054609953788	2.89592937948458	0.0043885955779895	0.717198863846322	0.00149450413649832
6920	-987.317046601409	512.515749318744	9.05843008243902	0.0043885955779895	0.767240316705727	0.0014292380942784
6930	-988.180620030344	486.070508207136	0.217314630475356	0.00438336423239823	0.823496262337133	0.00143408644641063
6940	-986.859526143774	549.319189194405	0.217314630475356	0.00438336423239823	0.823496262337133	0.00148195255786848
6950	-986.92357206211	555.204960261171	1.00731909494955	0.00457726040874845	0.868048616336904	0.00142116097395109
6960	-987.235730527857	529.372828942084	10.8742062192661	0.00474344953395342	0.603725523558307	0.00127464757680158
6970	-987.084253599747	565.357282280189	10.8742062192661	0.00475342445985834	0.746305232743092	0.00127464757680158
6980	-987.280096244682	565.357282280189	10.8742062192661	0.00475342445985834	0.882236358139667	0.0013209162998408
6990	-987.217134112676	545.905586842403	0.990830452616593	0.00482226531632139	0.963597393837725	0.00137790134162979
7000	-986.676171026314	549.734975582254	0.112580150850423	0.00476553570790695	0.861814344172839	0.00135905678965517