<?xml version="1.0" encoding="UTF-8" standalone="yes"?>
<Properties xmlns="http://schemas.openxmlformats.org/officeDocument/2006/extended-properties" xmlns:vt="http://schemas.openxmlformats.org/officeDocument/2006/docPropsVTypes"><TotalTime>38</TotalTime><Words>204</Words><Application>Microsoft Office PowerPoint</Application><PresentationFormat>On-screen Show (4:3)</PresentationFormat><Paragraphs>74</Paragraphs><Slides>9</Slides><Notes>9</Notes><HiddenSlides>0</HiddenSlides><MMClips>0</MMClips><ScaleCrop>false</ScaleCrop><HeadingPairs><vt:vector size="4" baseType="variant"><vt:variant><vt:lpstr>Theme</vt:lpstr></vt:variant><vt:variant><vt:i4>1</vt:i4></vt:variant><vt:variant><vt:lpstr>Slide Titles</vt:lpstr></vt:variant><vt:variant><vt:i4>9</vt:i4></vt:variant></vt:vector></HeadingPairs><TitlesOfParts><vt:vector size="10" baseType="lpstr"><vt:lpstr>Office Theme</vt:lpstr><vt:lpstr>PowerPoint Presentation</vt:lpstr><vt:lpstr>PowerPoint Presentation</vt:lpstr><vt:lpstr>PowerPoint Presentation</vt:lpstr><vt:lpstr>PowerPoint Presentation</vt:lpstr><vt:lpstr>PowerPoint Presentation</vt:lpstr><vt:lpstr>PowerPoint Presentation</vt:lpstr><vt:lpstr>PowerPoint Presentation</vt:lpstr><vt:lpstr>PowerPoint Presentation</vt:lpstr><vt:lpstr>PowerPoint Presentation</vt:lpstr></vt:vector></TitlesOfParts><Company>University of Southampton</Company><LinksUpToDate>false</LinksUpToDate><SharedDoc>false</SharedDoc><HyperlinksChanged>false</HyperlinksChanged><AppVersion>14.0000</AppVersion></Properties>