<?xml version="1.0" encoding="UTF-8" standalone="yes"?>
<cp:coreProperties xmlns:cp="http://schemas.openxmlformats.org/package/2006/metadata/core-properties" xmlns:dc="http://purl.org/dc/elements/1.1/" xmlns:dcterms="http://purl.org/dc/terms/" xmlns:dcmitype="http://purl.org/dc/dcmitype/" xmlns:xsi="http://www.w3.org/2001/XMLSchema-instance"><dc:title>PowerPoint Presentation</dc:title><dc:creator>Boulanger D.S.M.</dc:creator><cp:lastModifiedBy>Boulanger D.S.M.</cp:lastModifiedBy><cp:revision>6</cp:revision><dcterms:created xsi:type="dcterms:W3CDTF">2015-08-11T18:35:27Z</dcterms:created><dcterms:modified xsi:type="dcterms:W3CDTF">2015-08-13T10:45:23Z</dcterms:modified></cp:coreProperties>