iteration	likelihood	noise_sigma_SSL_surf_IFN1_data0	noise_sigma_SSL_surf_none_data0	gM	upfactor	s1	s2	sf
5000	-2102.67234891199	999.310289613148	570.139670746818	0.291238306777934	4.05235651789793	0.255720292319763	0.980586223688057	0.282204479763214
5010	-2102.26097323891	999.310289613148	564.152531550681	0.301257392416524	4.07195723690488	0.250160589256905	1.01103626860616	0.282204479763214
5020	-2100.52957409036	999.310289613148	539.952370613568	0.284411711416949	4.06056777015126	0.253892698594358	1.00771531279872	0.282204479763214
5030	-2100.74533098418	999.310289613148	539.952370613568	0.284411711416949	4.06056777015126	0.251960946013254	1.00771531279872	0.282204479763214
5040	-2102.23931880033	998.479753240336	530.361846296794	0.28674475354801	4.07936828850918	0.252778826109532	1.00108023077987	0.280175738341478
5050	-2102.42359910623	998.570205895594	543.805606488204	0.28713974930456	4.07687966994496	0.252778826109532	1.00108023077987	0.281120401769003
5060	-2102.41392043436	998.570205895594	525.045902838793	0.301091541167825	4.09715661971579	0.249659120396337	1.00108023077987	0.28048812955384
5070	-2103.02092151677	998.570205895594	535.779260412827	0.295224635898402	4.09715661971579	0.249659120396337	1.05856536736226	0.279726992978187
5080	-2102.40940990982	998.570205895594	535.779260412827	0.28434979141061	4.18007906534577	0.253649542145257	1.00912403903951	0.274923952278218
5090	-2102.76368371764	998.570205895594	517.793954212629	0.28434979141061	4.18007906534577	0.253083816459421	0.999535368609121	0.277176674992575
5100	-2102.90130695585	998.570205895594	536.212881626131	0.306260906965106	4.22134674114586	0.25370436325088	1.00989218245218	0.27177287661882
5110	-2103.22839940023	998.570205895594	536.212881626131	0.306260906965106	4.21286013695748	0.257895126778741	1.01980098180204	0.268252309063266
5120	-2102.25441202985	998.570205895594	528.46906941203	0.294736758879423	4.21286013695748	0.255757495122757	1.0597169049519	0.270780529279623
5130	-2103.22386429705	998.2623089253	528.46906941203	0.307480781132723	4.21286013695748	0.25527568380821	1.0597169049519	0.270780529279623
5140	-2104.76732702014	998.2623089253	503.185098360181	0.307480781132723	4.23651336005023	0.25527568380821	0.975747805664671	0.270780529279623
5150	-2103.19865638665	998.2623089253	503.185098360181	0.307480781132723	4.28788689327862	0.260713591264308	1.05102440051313	0.266309051537372
5160	-2101.11200436117	999.377466123969	524.97185455274	0.31048816675671	4.24475690441257	0.263799195238563	1.06065151936415	0.266309051537372
5170	-2101.11840918533	999.377466123969	524.97185455274	0.31048816675671	4.24475690441257	0.257096223601637	1.05529767915915	0.266895628391418
5180	-2100.23020431758	999.781167175092	524.97185455274	0.31048816675671	4.24475690441257	0.257096223601637	1.05529767915915	0.266895628391418
5190	-2099.72688015131	999.781167175092	501.775988978205	0.305176070852205	4.24475690441257	0.257096223601637	1.05529767915915	0.266895628391418
5200	-2099.41779489889	999.781167175092	483.656578551783	0.305176070852205	4.24475690441257	0.259402201862379	1.05985487772071	0.266895628391418
5210	-2101.01613929753	999.781167175092	483.656578551783	0.302235487466767	4.26372713411311	0.257531626414815	1.05985487772071	0.271917411014443
5220	-2099.59131985327	999.781167175092	478.584115354589	0.289412341174098	4.21179973750583	0.257531626414815	1.01775851082181	0.273592032676778
5230	-2098.54321002811	999.781167175092	478.584115354589	0.29046117890266	4.19188778061644	0.252212771879029	1.0198034132404	0.273592032676778
5240	-2099.46115879592	999.781167175092	478.584115354589	0.29046117890266	4.19737825388372	0.255413688552114	0.986768126753725	0.269897630776237
5250	-2098.61389714482	999.781167175092	466.693217126146	0.29046117890266	4.19737825388372	0.255413688552114	1.03542692991883	0.271206882626932
5260	-2098.57965508039	999.781167175092	475.225601621593	0.284055368782836	4.21491347536693	0.255413688552114	1.01956535911515	0.271206882626932
5270	-2098.74951014224	999.781167175092	475.225601621593	0.29409115949721	4.21491347536693	0.255413688552114	1.01991583414667	0.272212547970865
5280	-2098.89631856889	999.781167175092	461.477945660818	0.28647848951006	4.17630366033496	0.255413688552114	1.01991583414667	0.272212547970865
5290	-2099.50477028802	999.781167175092	432.740885148273	0.298879970481811	4.1512207005262	0.256334406303311	1.07308995763932	0.276667204902144
5300	-2099.95403698084	999.781167175092	416.241582849722	0.298879970481811	4.12145596617996	0.253800152399291	1.05291702193648	0.276667204902144
5310	-2099.98028720677	999.781167175092	404.288595203814	0.289517822214309	4.18826643068505	0.250291000991827	1.05291702193648	0.276667204902144
5320	-2102.9124772574	999.781167175092	408.96195779325	0.272173756930625	4.18826643068505	0.243883324637743	1.05291702193648	0.276667204902144
5330	-2104.11330024034	998.667501225581	416.872509003839	0.282592095144705	4.18826643068505	0.243883324637743	1.10433121245428	0.279776537467156
5340	-2104.0704399085	998.667501225581	421.398010005026	0.282592095144705	4.21854177975651	0.245193649548354	1.05217624113174	0.280062729102854
5350	-2103.62553190309	998.667501225581	421.398010005026	0.282592095144705	4.23235882071243	0.239371985892694	1.02976040370161	0.278476963442608
5360	-2103.62632252212	998.667501225581	423.561866513436	0.280927827486745	4.23235882071243	0.243050996787898	1.00271121850338	0.278476963442608
5370	-2102.17425414556	998.667501225581	417.119801680201	0.286866589638801	4.15200233677877	0.245540913859661	1.00271121850338	0.278476963442608
5380	-2102.2016479833	998.667501225581	407.44729693613	0.277220397102658	4.14620188405449	0.254135983212597	1.00271121850338	0.276683955995203
5390	-2100.28248573719	999.616386026773	406.368345472184	0.283536606305654	4.14402419371225	0.255509895487834	1.00271121850338	0.276683955995203
5400	-2101.66739124737	999.616386026773	406.368345472184	0.283536606305654	4.14402419371225	0.252562806033189	1.07294762978743	0.275181638350832
5410	-2102.20682669155	999.616386026773	405.592466785394	0.283536606305654	4.14402419371225	0.252562806033189	1.08831725108525	0.275181638350832
5420	-2100.63295181346	999.616386026773	405.592466785394	0.293247982506638	4.14402419371225	0.25425612938126	1.09516768696862	0.278732888111242
5430	-2103.33700079771	999.616386026773	405.592466785394	0.293247982506638	4.24734423199761	0.241835070557969	1.01200384901829	0.278732888111242
5440	-2103.04248693154	999.616386026773	405.592466785394	0.293247982506638	4.24734423199761	0.237521866926813	0.971273906467097	0.278145772253147
5450	-2101.75964728302	999.616386026773	405.592466785394	0.295659305387876	4.19165094836425	0.242579326724783	0.971273906467097	0.278145772253147
5460	-2102.70164731752	999.616386026773	405.592466785394	0.295659305387876	4.19165094836425	0.236396277774841	0.953758236873271	0.280957652766999
5470	-2102.20205225671	999.616386026773	405.592466785394	0.295659305387876	4.19165094836425	0.236396277774841	0.998506674614897	0.280880513637516
5480	-2102.83358597712	999.664333355683	405.592466785394	0.302685199244856	4.19165094836425	0.236396277774841	0.982551761010198	0.280880513637516
5490	-2103.51790974534	998.770150010644	415.909258614517	0.297854025820772	4.19165094836425	0.236396277774841	0.982551761010198	0.280880513637516
5500	-2101.32575211067	998.770150010644	413.24303396667	0.285811430251902	4.12223930261606	0.249440562087867	0.997673897460808	0.279679843655606
5510	-2105.02251246433	998.770150010644	413.24303396667	0.285811430251902	4.07381976172553	0.251068395739569	1.09998583028931	0.279194597974257
5520	-2101.59636862497	998.770150010644	425.107007938066	0.295720542440376	4.05684927601201	0.258999024106809	1.06390977839133	0.280677611973566
5530	-2098.96507949708	999.733047837293	430.659325319618	0.288839717166398	4.10625659634804	0.256066702972797	1.06390977839133	0.277751883701969
5540	-2099.23170386586	999.733047837293	433.573865250267	0.288839717166398	4.15832183528875	0.252820095547348	1.02451027237887	0.277751883701969
5550	-2099.53047927644	999.733047837293	410.711386263488	0.288839717166398	4.15832183528875	0.255194245601644	1.06532263486018	0.277751883701969
5560	-2100.49498186063	999.733047837293	410.711386263488	0.288839717166398	4.21227188498489	0.247104141626558	1.06532263486018	0.277258845829147
5570	-2100.23815533687	999.733047837293	410.711386263488	0.288839717166398	4.21227188498489	0.244280237255631	1.02653247438447	0.276774118338365
5580	-2101.7281425344	999.733047837293	419.172068797644	0.293232645877013	4.26369158905587	0.244280237255631	1.02653247438447	0.276774118338365
5590	-2101.81446291804	999.733047837293	430.909219238789	0.282872873111567	4.26513334771542	0.238705602087849	1.05670263437913	0.276774118338365
5600	-2102.0294064118	999.733047837293	426.745906790698	0.282872873111567	4.24196897043994	0.237389687394088	0.960894095287021	0.278291998663309
5610	-2102.51337874791	999.836508123188	444.852798260361	0.282872873111567	4.26504239033144	0.233913116155302	0.925373096259452	0.277685303409993
5620	-2100.96916069475	999.836508123188	441.200113834177	0.282872873111567	4.20452918166518	0.236595732191085	0.925373096259452	0.277685303409993
5630	-2101.76854285188	999.836508123188	428.076861608136	0.305899390667554	4.2612828429463	0.236595732191085	1.00811547555895	0.276303961283133
5640	-2102.70695116377	999.836508123188	435.626304706958	0.305899390667554	4.23975682014557	0.236595732191085	1.05742204027811	0.277203763532236
5650	-2102.03771767404	999.836508123188	433.803790907013	0.294950714884587	4.21432522963201	0.236782295034736	1.05742204027811	0.277203763532236
5660	-2101.85612718248	999.836508123188	439.937607674809	0.309360357472163	4.17233970404447	0.236782295034736	1.00020666208302	0.278321050750378
5670	-2102.85444591614	999.670150055087	430.496219026178	0.309360357472163	4.18223717686229	0.234459942689001	1.00020666208302	0.278321050750378
5680	-2105.68922729045	999.670150055087	435.124272545241	0.329677169059462	4.15431055884473	0.241434478187064	1.04753464613855	0.278446116408139
5690	-2101.39268869011	999.886064959084	441.023777362596	0.305355044108973	4.15431055884473	0.241434478187064	1.04753464613855	0.278446116408139
5700	-2100.61957014357	999.993334090269	433.105519317682	0.305355044108973	4.15431055884473	0.2420592356162	0.97489723295341	0.278178994863572
5710	-2099.70229084224	999.993334090269	433.105519317682	0.28847199270284	4.17623286313189	0.253013371856513	1.01413225373918	0.278178994863572
5720	-2098.91463019328	999.993334090269	433.105519317682	0.28847199270284	4.17623286313189	0.257068353409642	0.997100635716668	0.27358689054949
5730	-2099.06682386846	999.993334090269	433.105519317682	0.28847199270284	4.17623286313189	0.257068353409642	0.989085505365065	0.272057181085876
5740	-2099.53366463465	999.993334090269	435.374468054743	0.28847199270284	4.17623286313189	0.252817422276257	1.0402499721543	0.272057181085876
5750	-2100.34673449258	999.993334090269	428.682871375572	0.296246308444098	4.15210313811369	0.253596100803273	1.0402499721543	0.272057181085876
5760	-2098.06861272726	999.993334090269	428.682871375572	0.296246308444098	4.20846621335324	0.254756261311759	1.03174804142381	0.272235980654677
5770	-2097.51115922666	999.993334090269	446.142349547175	0.296246308444098	4.22013152352727	0.255563064230292	1.06879570660448	0.272649688352568
5780	-2097.95514645926	999.993334090269	459.2186159229	0.296246308444098	4.22013152352727	0.255563064230292	1.0826142620686	0.272649688352568
5790	-2097.65211575574	999.993334090269	450.412975359026	0.296246308444098	4.20538617599319	0.255563064230292	1.0826142620686	0.272649688352568
5800	-2098.1806762967	999.993334090269	446.759427758908	0.295152717219349	4.23283990771652	0.255563064230292	1.0826142620686	0.272649688352568
5810	-2099.4072022231	999.993334090269	444.070086983132	0.288129883061506	4.23283990771652	0.255563064230292	1.0826142620686	0.268773887191226
5820	-2099.38662406086	999.993334090269	436.408794808298	0.284951012066184	4.26834232290711	0.245719035677518	1.04734879229863	0.272644502203364
5830	-2099.97686498095	999.993334090269	436.408794808298	0.284951012066184	4.18919845370069	0.249351899431869	0.944379717448588	0.272644502203364
5840	-2099.73120002527	999.993334090269	443.4369257836	0.300472911704708	4.18919845370069	0.249351899431869	0.944379717448588	0.272644502203364
5850	-2104.75680766524	999.993334090269	443.10863241363	0.300376999232109	4.08937196806443	0.249351899431869	0.889247300057933	0.275122426773423
5860	-2104.91824578921	999.993334090269	417.123495325855	0.280237834782158	4.08937196806443	0.249351899431869	0.889247300057933	0.276407765011138
5870	-2104.12291474666	999.993334090269	406.409578145871	0.280237834782158	4.08937196806443	0.248538661774279	0.889247300057933	0.279285423898096
5880	-2102.25810798075	999.993334090269	406.409578145871	0.273313494118621	4.13404400912593	0.243882072198595	0.929327599892991	0.279795682872913
5890	-2102.91336223948	999.993334090269	406.409578145871	0.273313494118621	4.15729737036577	0.234823102317398	0.929327599892991	0.281933798598577
5900	-2101.93601889718	999.993334090269	389.022803049827	0.273313494118621	4.15729737036577	0.238406691017429	0.961469525751317	0.281539738390709
5910	-2102.17582443284	999.81440533125	396.280039701375	0.270088816838836	4.15729737036577	0.238406691017429	0.961469525751317	0.281539738390709
5920	-2102.01351536414	999.81440533125	396.280039701375	0.271465423148119	4.10242439971538	0.242363445347315	0.960096188067803	0.283743698772371
5930	-2102.2140629819	999.81440533125	396.280039701375	0.267065864121596	4.10242439971538	0.242363445347315	0.960096188067803	0.283743698772371
5940	-2102.66651438593	999.81440533125	408.433523854533	0.283625026160076	4.10242439971538	0.242363445347315	1.05570756646281	0.28138775968508
5950	-2103.28527586621	999.81440533125	391.476649639057	0.283625026160076	4.10242439971538	0.242363445347315	1.04591827050931	0.28138775968508
5960	-2100.17758428608	999.81440533125	391.476649639057	0.283625026160076	4.10625701475723	0.247836173322714	1.04591827050931	0.28138775968508
5970	-2103.73323884402	999.81440533125	391.476649639057	0.283625026160076	4.05835064245595	0.239581671649527	1.0430238266073	0.285347759426052
5980	-2102.5665194548	999.81440533125	397.085663039446	0.293670547957369	4.05835064245595	0.239581671649527	1.01522278020608	0.28561456755325
5990	-2100.95742674233	999.81440533125	397.085663039446	0.293670547957369	4.07526112695784	0.248802813145976	1.07762353968637	0.28464212499647
6000	-2101.44821518886	999.81440533125	400.140329899162	0.293670547957369	4.07526112695784	0.248802813145976	1.11239320149549	0.28464212499647
6010	-2101.31527932398	999.81440533125	400.140329899162	0.293670547957369	4.08943011000393	0.248802813145976	1.11969045347217	0.28464212499647
6020	-2101.48162876959	999.831358216024	400.140329899162	0.268667359411413	4.1162652872181	0.248802813145976	1.11969045347217	0.28464212499647
6030	-2101.20856309946	999.831358216024	400.140329899162	0.268667359411413	4.1162652872181	0.254333777520668	1.11385033970528	0.281308893546143
6040	-2103.27235504802	999.831358216024	401.292909236615	0.256584681452377	4.1162652872181	0.254333777520668	1.11385033970528	0.281081793761589
6050	-2100.61726447983	999.831358216024	409.284910855318	0.266757678579906	4.1327964557907	0.255760676698298	1.08187910460264	0.281081793761589
6060	-2099.78445261434	999.831358216024	404.446088102909	0.269929177623132	4.09120742696575	0.259334455126154	1.08187910460264	0.281081793761589
6070	-2100.83064615404	999.831358216024	419.448188153547	0.280905789664979	4.13635301241087	0.259334455126154	1.08187910460264	0.281081793761589
6080	-2099.95067684145	999.831358216024	422.699079258891	0.294340885958604	4.0272007751184	0.261318067723251	1.05354345568997	0.281321815257022
6090	-2099.46379156571	999.831358216024	442.459394335849	0.294340885958604	4.0272007751184	0.258209783468195	0.990195384781843	0.281321815257022
6100	-2099.3766330338	999.831358216024	438.317803290654	0.278008120414121	3.9342847130487	0.262203690288403	1.02744813078774	0.286225742989762
6110	-2100.18717782608	999.80076371546	439.954122154369	0.251853400285897	3.9740423640883	0.261105609512414	1.02744813078774	0.286225742989762
6120	-2101.06539822626	999.80076371546	445.414579485441	0.251853400285897	3.9740423640883	0.261591842648307	0.984324895907681	0.286225742989762
6130	-2101.63413735822	999.80076371546	446.773940815812	0.289205247709384	3.92960334985603	0.270926537143184	1.04345580976529	0.281645957204345
6140	-2102.20065830928	999.80076371546	454.929477131475	0.261410740181255	3.97689927373406	0.276291431995063	1.02575428415731	0.279200547587354
6150	-2100.5787783147	999.80076371546	454.929477131475	0.261410740181255	3.97689927373406	0.275944157043122	1.07797618220944	0.28060404623983
6160	-2101.83461512993	999.80076371546	440.390394238854	0.261410740181255	3.98685174728006	0.275944157043122	1.02932601903098	0.28060404623983
6170	-2101.98105818385	999.846508069507	425.65145970947	0.261917165086616	3.98685174728006	0.273786287021549	1.02932601903098	0.280658930598588
6180	-2101.42003691008	999.846508069507	414.792995621425	0.296425748989543	3.99733573644889	0.273786287021549	1.09399936848388	0.280658930598588
6190	-2102.19800900375	999.846508069507	406.063691963849	0.296425748989543	3.99733573644889	0.265778737308576	1.16859898325913	0.284618280264333
6200	-2103.29754114515	999.846508069507	406.063691963849	0.296425748989543	4.01327437180918	0.263640337731265	1.20979782769525	0.284618280264333
6210	-2102.9019381589	999.846508069507	393.226773826118	0.292777705649947	3.94795965123505	0.266194552193812	1.15898420973885	0.284618280264333
6220	-2102.90198621458	999.846508069507	393.226773826118	0.292777705649947	3.94795965123505	0.26593323074394	1.16209450593178	0.288337952173136
6230	-2102.59313278884	999.799504950415	396.646593310357	0.270682185149211	3.94458218619462	0.26562097041129	1.19758200710345	0.291622914205188
6240	-2102.57402955788	999.662927020339	379.849727854487	0.255420506833293	3.89567441302884	0.273426007702739	1.16043187710587	0.293109281607075
6250	-2101.0638825615	999.662927020339	404.590323623686	0.265603841562209	3.82554709367485	0.273426007702739	1.16043187710587	0.293109281607075
6260	-2102.10264085738	999.662927020339	404.590323623686	0.265603841562209	3.80801483877896	0.273426007702739	1.16043187710587	0.293109281607075
6270	-2100.40985940741	999.662927020339	404.590323623686	0.265603841562209	3.80801483877896	0.273426007702739	1.10271279746423	0.293109281607075
6280	-2100.16327224688	999.662927020339	404.590323623686	0.268542218794482	3.80801483877896	0.26776609687384	1.06731342475849	0.297347560731576
6290	-2100.24855773435	999.662927020339	398.184855730482	0.264560379932215	3.79249984430259	0.26776609687384	1.06731342475849	0.297347560731576
6300	-2100.31511610203	999.695247785042	395.795577092513	0.264560379932215	3.79249984430259	0.26776609687384	1.10935352237327	0.298311880053551
6310	-2100.61808512705	999.695247785042	398.044382289816	0.269473954954431	3.81475053802086	0.267036256177478	1.08365239943825	0.298311880053551
6320	-2099.64348015569	999.695247785042	408.668116605619	0.26868091430635	3.81475053802086	0.267036256177478	1.08365239943825	0.29488083242105
6330	-2102.08457880242	998.514921044772	419.94110648662	0.26868091430635	3.77727330352414	0.267036256177478	1.08365239943825	0.29742743646699
6340	-2102.26791419444	998.514921044772	434.734808937086	0.279503717851434	3.78594063534948	0.267036256177478	1.08365239943825	0.297404974861319
6350	-2102.27563504868	998.514921044772	434.734808937086	0.279503717851434	3.78594063534948	0.263904512813024	1.08242289644841	0.297404974861319
6360	-2102.79183135606	998.514921044772	433.292261431632	0.282139064603887	3.78594063534948	0.263904512813024	1.08099054927702	0.296484640683097
6370	-2103.2904488222	998.26740064382	422.03746467161	0.277626990700573	3.78594063534948	0.263904512813024	1.08099054927702	0.296484640683097
6380	-2102.86800854864	998.341345289695	422.03746467161	0.277626990700573	3.78594063534948	0.263904512813024	1.08099054927702	0.297253610483232
6390	-2102.39544871938	998.341345289695	453.549101188921	0.278593314243299	3.78594063534948	0.263355948897697	1.08099054927702	0.297253610483232
6400	-2100.11666063789	999.986871903447	452.373179369426	0.264559824747376	3.81517970016508	0.277187016312196	1.07482080515088	0.293221567429461
6410	-2098.50696549491	999.986871903447	452.373179369426	0.264559824747376	3.81517970016508	0.270784801033201	1.07482080515088	0.293221567429461
6420	-2097.88800113184	999.986871903447	447.761345641263	0.266559498816091	3.83315468512496	0.271327158537751	1.09415096526173	0.293221567429461
6430	-2097.94904743446	999.986871903447	456.043454885007	0.266559498816091	3.83315468512496	0.271327158537751	1.07472763783803	0.293833826332327
6440	-2098.38178308465	999.986871903447	456.351787741932	0.262834208518982	3.87458293827667	0.271327158537751	1.09536820166682	0.289257496300093
6450	-2098.84914530348	999.986871903447	456.351787741932	0.262834208518982	3.88853378216504	0.26371165735133	1.01778542541549	0.289287058761673
6460	-2099.83448749966	999.986871903447	456.351787741932	0.262834208518982	3.85026557942488	0.268561227640089	1.04419731545051	0.289287058761673
6470	-2098.19844786668	999.986871903447	456.351787741932	0.265839527755595	3.82018575791986	0.265990042790261	1.04419731545051	0.29444122438645
6480	-2098.39903603621	999.986871903447	456.351787741932	0.274087580914013	3.82018575791986	0.265990042790261	1.04419731545051	0.29444122438645
6490	-2098.29027609342	999.986871903447	456.351787741932	0.274087580914013	3.82018575791986	0.265990042790261	1.051190250776	0.29444122438645
6500	-2098.11099647976	999.986871903447	456.351787741932	0.265779254311277	3.82018575791986	0.265990042790261	1.051190250776	0.29444122438645
6510	-2097.95456739021	999.986871903447	445.910875361768	0.265779254311277	3.84097864689676	0.265166734505222	1.051190250776	0.29444122438645
6520	-2098.32637726603	999.986871903447	445.910875361768	0.265779254311277	3.84097864689676	0.261619836120373	1.02384764702899	0.29444122438645
6530	-2097.80793677041	999.986871903447	445.910875361768	0.265779254311277	3.84642926395492	0.26223602523137	1.05739231546837	0.296507959407273
6540	-2098.03508351208	999.986871903447	445.910875361768	0.275255726026673	3.84642926395492	0.26223602523137	1.06197992891726	0.293999234308615
6550	-2099.0377184156	999.986871903447	445.910875361768	0.275255726026673	3.81131642805669	0.263373902241119	1.06197992891726	0.293999234308615
6560	-2099.27328490013	999.986871903447	445.910875361768	0.275255726026673	3.81131642805669	0.264350911688076	1.0162919090096	0.293999234308615
6570	-2098.7467719678	999.986871903447	464.611903610257	0.275255726026673	3.81131642805669	0.264275048075924	1.06647431894286	0.293999234308615
6580	-2098.31877152316	999.986871903447	464.611903610257	0.275255726026673	3.81131642805669	0.264275048075924	1.06647431894286	0.295004475832687
6590	-2098.19258330474	999.986871903447	459.962866655646	0.273239567842411	3.81131642805669	0.264275048075924	1.06647431894286	0.295004475832687
6600	-2097.70487590621	999.986871903447	459.962866655646	0.277008138507298	3.81131642805669	0.264275048075924	1.06647431894286	0.295004475832687
6610	-2097.88101455316	999.986871903447	475.183550144668	0.264579780064479	3.85701788688712	0.26537671277844	1.06647431894286	0.295004475832687
6620	-2098.0168326016	999.986871903447	475.183550144668	0.25596217375933	3.85701788688712	0.26537671277844	1.06647431894286	0.295004475832687
6630	-2098.93399137652	999.986871903447	475.183550144668	0.25596217375933	3.83984139661335	0.26484907671507	1.11975883834621	0.295004475832687
6640	-2098.81502269382	999.986871903447	475.183550144668	0.25596217375933	3.83310258388985	0.271611145674115	1.11975883834621	0.293178252758894
6650	-2100.47232503449	999.986871903447	475.183550144668	0.25596217375933	3.84373872880009	0.26379137569371	1.11975883834621	0.293178252758894
6660	-2098.64049280862	999.986871903447	504.81537757207	0.270645383765015	3.83641926513138	0.26379137569371	1.05833717232967	0.298358601829224
6670	-2098.29162570181	999.986871903447	498.327909903134	0.253442363758008	3.80980813495636	0.26379137569371	1.05833717232967	0.298358601829224
6680	-2099.98372386623	999.986871903447	484.150632616149	0.244140105268344	3.80980813495636	0.268563902349424	1.03434909824606	0.298358601829224
6690	-2099.27610419807	999.818241763669	484.150632616149	0.246149116092824	3.83038869143214	0.258565741848965	1.03434909824606	0.298358601829224
6700	-2100.12734767487	999.818241763669	494.726353764479	0.242564582459107	3.86560637978399	0.260486596143414	1.04690917210905	0.298358601829224
6710	-2099.63028872852	999.818241763669	494.726353764479	0.255595946330298	3.86906514377832	0.260486596143414	1.04690917210905	0.298358601829224
6720	-2100.07050524849	999.818241763669	494.726353764479	0.255595946330298	3.78933267499911	0.256897413720354	1.01844544024477	0.305632323564998
6730	-2102.17050534895	999.818241763669	503.161854407649	0.255595946330298	3.71055325978349	0.247257342623792	1.0024487875793	0.306881370116984
6740	-2101.56379093257	999.818241763669	500.844362909639	0.27495436235218	3.70227412199195	0.255036517937356	0.984672444243056	0.308749414867699
6750	-2101.00831597475	999.818241763669	500.844362909639	0.27495436235218	3.70227412199195	0.255036517937356	0.991771788836666	0.305024938478788
6760	-2100.77795738914	999.818241763669	500.844362909639	0.27495436235218	3.70227412199195	0.25859960195164	1.03971242962329	0.309747354648967
6770	-2099.94458224976	999.818241763669	500.844362909639	0.27495436235218	3.70227412199195	0.25859960195164	1.07460171973112	0.309064532021654
6780	-2098.87742600214	999.818241763669	504.125996902746	0.249480516816578	3.72619569836	0.258724806757521	1.06641974428611	0.309064532021654
6790	-2099.93940761353	999.818241763669	514.104001355159	0.249480516816578	3.72619569836	0.250156920784262	1.06641974428611	0.308947054954384
6800	-2101.70983601412	999.226967596591	517.911880454265	0.249480516816578	3.72619569836	0.265508131468937	1.10108894408844	0.308947054954384
6810	-2101.54411117875	999.226967596591	518.450132795134	0.245455493082262	3.70292226812756	0.266971422677855	1.14114445845596	0.306667568836806
6820	-2101.63800473017	999.226967596591	518.735734074733	0.255765734087491	3.70292226812756	0.266971422677855	1.15338688809568	0.30910466792123
6830	-2101.63800473017	999.226967596591	518.735734074733	0.255765734087491	3.70292226812756	0.266971422677855	1.15338688809568	0.30910466792123
6840	-2102.54694746164	999.226967596591	524.372327342193	0.255765734087491	3.70292226812756	0.275083878018706	1.15126157404926	0.306945895858556
6850	-2102.57858509796	999.226967596591	510.522195685713	0.246173473524461	3.72237346789238	0.274428333607537	1.15126157404926	0.306945895858556
6860	-2101.49386750959	999.226967596591	515.172722755004	0.261038189246287	3.7306001562335	0.266191647178384	1.12019966005319	0.300543178350154
6870	-2101.52027987085	999.226967596591	519.553193735003	0.261038189246287	3.7306001562335	0.268313717351796	1.02077206461452	0.300543178350154
6880	-2100.44720528426	999.928465482979	528.696532574815	0.265431402817668	3.76200907469902	0.276978481192618	1.0686598738842	0.295637629146847
6890	-2100.31754978621	999.928465482979	528.696532574815	0.265431402817668	3.76200907469902	0.276978481192618	1.11518858711009	0.298675558228974
6900	-2100.69441556977	999.786242118196	531.849575282579	0.265431402817668	3.76200907469902	0.276481939627285	1.15135160208705	0.298675558228974
6910	-2101.16439897836	999.786242118196	515.920142598569	0.254450072369767	3.76200907469902	0.277571955787596	1.04997037348705	0.297264632013657
6920	-2101.53596616364	999.786242118196	521.810811410725	0.254450072369767	3.75975762555813	0.279951050152212	1.08642603921578	0.297264632013657
6930	-2102.91608970476	999.786242118196	507.830277695291	0.270792799485759	3.75975762555813	0.280007274365159	1.10851991510046	0.291357597788777
6940	-2102.12670234054	999.786242118196	500.126693735344	0.283043472453493	3.7788900901929	0.280007274365159	1.10851991510046	0.291229596098582
6950	-2103.74444982933	999.786242118196	493.51654646403	0.25531219170939	3.78072610962291	0.285258733642914	1.16253865960031	0.291229596098582
6960	-2107.66307988103	998.537416742398	493.51654646403	0.25531219170939	3.78072610962291	0.285258733642914	1.21525788480311	0.291718238225081
6970	-2106.68219916099	998.537416742398	493.51654646403	0.237631432841281	3.86893415829262	0.285258733642914	1.14923299323909	0.289125908873192
6980	-2108.02618899875	998.537416742398	493.51654646403	0.237631432841281	3.87385277663962	0.28672416438913	1.1029155651738	0.285699622428214
6990	-2106.67841739716	999.221417783744	502.807307386712	0.268869697756078	3.80580412702723	0.286040111322172	1.1029155651738	0.285374501309358
7000	-2102.81286605488	999.221417783744	515.820841892801	0.268869697756078	3.89175366699451	0.27848071374606	1.06856318174329	0.283156816431403
7010	-2105.03695273437	999.221417783744	515.820841892801	0.268869697756078	3.89175366699451	0.276452452280806	1.01275507673047	0.282348053428808
7020	-2107.42413320601	999.221417783744	515.820841892801	0.268869697756078	3.89175366699451	0.27597727480127	1.01788901030747	0.279830641895677
7030	-2105.61597629778	999.221417783744	515.820841892801	0.278458104103008	3.93584097406274	0.274282598575472	0.97875000134224	0.280706826037523
7040	-2105.50954816221	999.221417783744	522.768559150963	0.268575075991435	3.93584097406274	0.27284605448033	0.97875000134224	0.280708360890243
7050	-2106.0145820413	999.26973376915	522.768559150963	0.27225806867339	3.93584097406274	0.27284605448033	0.962651068139959	0.280608359256054
7060	-2103.77714391464	999.26973376915	522.768559150963	0.27225806867339	3.97774990774223	0.260720380925909	0.962651068139959	0.280608359256054
7070	-2101.75360662703	999.26973376915	522.768559150963	0.27225806867339	4.0354294682322	0.261714771868453	0.993067248226464	0.279872357148072
7080	-2104.53552956416	998.212912523475	515.752313935921	0.27225806867339	3.99826737707506	0.261763513920371	0.993067248226464	0.279872357148072
7090	-2102.53563146999	998.212912523475	515.752313935921	0.27225806867339	4.01264575115583	0.260912191258955	1.03235659805249	0.284340147273642
7100	-2102.91657569042	998.212912523475	515.752313935921	0.284295985301964	4.03014258981603	0.258715490748153	1.03049803067206	0.284340147273642
7110	-2101.09006414472	998.442487080857	485.638363124462	0.281259805741442	4.06861852554775	0.250218650951294	1.04209168808082	0.284340147273642
7120	-2102.16820624017	998.207134756885	485.638363124462	0.281259805741442	4.04424796042773	0.248953640779146	0.992541519603544	0.284340147273642
7130	-2101.55610848986	998.207134756885	476.252438572988	0.284613978871639	4.03388012652422	0.25624435413543	1.06892658252805	0.28280163353131
7140	-2100.2676245485	999.386270933255	497.335574716377	0.273063528171931	4.04771463521634	0.263441388362906	1.11945094281304	0.281467896695427
7150	-2100.90166774234	999.386270933255	492.564508147006	0.264824786321412	4.04771463521634	0.260275873523038	1.09044485434818	0.281467896695427
7160	-2101.30376310881	999.045419133126	492.255820279615	0.264824786321412	4.04771463521634	0.260275873523038	1.06578861055682	0.285198451516059
7170	-2100.15668093722	999.045419133126	492.255820279615	0.264824786321412	4.04771463521634	0.25711786565541	1.05100833328285	0.283149796206456
7180	-2102.89416609202	999.045419133126	492.255820279615	0.249211044156398	4.09603096087615	0.249549634044363	0.990285803746508	0.285079847077564
7190	-2104.89889433815	999.045419133126	492.255820279615	0.272686806935358	4.14271166887374	0.249549634044363	0.990285803746508	0.285079847077564
7200	-2105.07471854116	999.045419133126	490.622639913618	0.24089343444747	4.03506426738582	0.249597632258267	0.94004027486748	0.285079847077564
7210	-2104.58617666004	999.045419133126	492.683363987539	0.24521901764722	4.04122730860883	0.249597632258267	0.974747575067858	0.283816620089715
7220	-2103.96044172232	999.045419133126	492.683363987539	0.24521901764722	4.0032127843542	0.262428559580448	0.974747575067858	0.283816620089715
7230	-2102.96879640992	999.045419133126	492.683363987539	0.24521901764722	4.00546354570743	0.26070214074138	1.0229725270683	0.283816620089715
7240	-2102.28849028639	999.045419133126	492.683363987539	0.24521901764722	4.03758974570134	0.260343306841648	1.0287046978525	0.28536912588646
7250	-2103.36756742534	999.045419133126	492.683363987539	0.24521901764722	4.03758974570134	0.260343306841648	1.07250118555791	0.283546936031078
7260	-2102.05544770381	999.045419133126	484.448172004988	0.254850304201542	4.07301264239875	0.260343306841648	1.07250118555791	0.283546936031078
7270	-2101.76909174203	999.045419133126	506.706711739342	0.265497161576313	4.07301264239875	0.260343306841648	1.07250118555791	0.283546936031078
7280	-2100.84552030995	999.045419133126	506.706711739342	0.288192215657687	4.00001976766597	0.260343306841648	1.07250118555791	0.283546936031078
7290	-2101.13549190889	999.045419133126	488.037676697773	0.286278327223881	3.95279413962851	0.268311418355754	1.07250118555791	0.283546936031078
7300	-2103.19548110962	999.045419133126	488.037676697773	0.29239649844878	3.93008042394898	0.261467305118286	1.04925831958029	0.283546936031078
7310	-2101.55700747517	999.045419133126	499.500075728662	0.29239649844878	3.93235917896709	0.258726485699615	1.02353586031093	0.286266490560186
7320	-2102.81291852078	999.045419133126	499.500075728662	0.302623247911514	3.93235917896709	0.258726485699615	1.02353586031093	0.285658675006193
7330	-2100.98204319992	999.045419133126	498.563717588649	0.278891141311389	3.90769137912803	0.252911711342279	1.04630337304978	0.29075688931786
7340	-2100.19662363845	999.045419133126	498.563717588649	0.278891141311389	3.90769137912803	0.26057516724688	1.05809494512149	0.29075688931786
7350	-2099.64124453347	999.671703813799	482.906664466002	0.249746669479818	3.83486040630163	0.259397076079936	1.00421530249189	0.296496885758591
7360	-2103.00518262481	999.671703813799	482.906664466002	0.249746669479818	3.99412643137763	0.249910587416768	1.03261614769154	0.296496885758591
7370	-2102.87410445627	999.671703813799	482.906664466002	0.249746669479818	3.96103761617441	0.256661626703039	1.06040257660983	0.296496885758591
7380	-2098.87987848216	999.671703813799	482.906664466002	0.274475796349131	3.96103761617441	0.256661626703039	1.06581596174081	0.290916913402281
7390	-2099.89103055447	999.671703813799	482.906664466002	0.260107807058663	3.90998091856005	0.259324856246951	0.982116941458868	0.290916913402281
7400	-2099.94998974863	999.671703813799	489.453724561616	0.260107807058663	3.90998091856005	0.259324856246951	0.982116941458868	0.290916913402281
7410	-2098.73111668645	999.671703813799	493.384716669277	0.272515977997894	3.95061989507529	0.256721980023493	1.06974445844958	0.290916913402281
7420	-2099.22193601821	999.671703813799	501.537627745732	0.279450539402532	3.95061989507529	0.256721980023493	1.06974445844958	0.290916913402281
7430	-2102.45512439344	999.671703813799	501.537627745732	0.285873610963719	4.01082839454997	0.258956637926807	1.04538354507693	0.289035505897391
7440	-2102.23722600245	999.671703813799	501.874979516487	0.285873610963719	3.9620775167972	0.252023878339201	1.10018916744971	0.295351230624357
7450	-2100.00740935854	999.671703813799	491.241468198422	0.285873610963719	3.9620775167972	0.252023878339201	1.10018916744971	0.291971867818329
7460	-2100.00740935854	999.671703813799	491.241468198422	0.285873610963719	3.9620775167972	0.252023878339201	1.10018916744971	0.291971867818329
7470	-2101.35890668729	999.671703813799	491.241468198422	0.297753979858166	3.94737576360197	0.245435943138249	1.05978836041516	0.291848018726477
7480	-2100.2728759607	999.671703813799	484.387139417125	0.292439147681335	4.01946612771817	0.245435943138249	1.05575931055805	0.289307169980983
7490	-2101.15874987456	999.671703813799	484.387139417125	0.292439147681335	4.01946612771817	0.245435943138249	1.07585784810107	0.287098575045455
7500	-2100.18634044011	999.671703813799	491.622950567888	0.274057212500584	4.10538131001963	0.246893917382044	1.04692030894809	0.28615976198399
7510	-2100.59422417102	999.671703813799	491.622950567888	0.26040510456477	4.10538131001963	0.246893917382044	1.0447421777848	0.28615976198399
7520	-2099.49443092299	999.671703813799	497.422437549643	0.271193335961041	4.07810070438054	0.246893917382044	1.01444753671875	0.28615976198399
7530	-2098.89576837216	999.671703813799	483.576750819726	0.279852827941825	3.99241847200112	0.257498715832022	1.02072245012001	0.28615976198399
7540	-2100.84562152817	999.671703813799	462.687745496617	0.279852827941825	3.99241847200112	0.25913873197711	1.15658177125217	0.285883416797995
7550	-2104.36341148771	997.894364387974	447.044302300594	0.279852827941825	3.99241847200112	0.268910690780724	1.10207177251941	0.279451956150185
7560	-2104.16743613044	997.894364387974	440.052490521928	0.27906067580258	3.99241847200112	0.268910690780724	1.08106484716261	0.279451956150185
7570	-2104.05164776897	997.894364387974	440.052490521928	0.27906067580258	4.0241660652815	0.270906684311478	1.03287341534486	0.279126566501111
7580	-2104.32244072808	997.894364387974	435.416044333259	0.27906067580258	3.9866793873438	0.271045498252859	1.04475769457372	0.282415492992225
7590	-2104.7231227985	997.894364387974	435.416044333259	0.288242775599948	3.9866793873438	0.263197081594176	1.03298869209085	0.28019531894215
7600	-2103.81151885802	997.894364387974	437.806638341476	0.280384467374304	3.92891861949	0.263197081594176	1.02309850896795	0.285883910966247
7610	-2103.36463457867	997.894364387974	450.500764419699	0.28666212289067	3.94187235198834	0.263558134720043	1.02309850896795	0.286948564288153
7620	-2100.20525652926	999.565194445521	447.2162983891	0.257515632143285	3.94736444105846	0.266210238150483	1.12836464130469	0.290520421379514
7630	-2100.24457329265	999.565194445521	443.335677042617	0.257515632143285	3.94736444105846	0.266210238150483	1.12836464130469	0.290520421379514
7640	-2099.42511272574	999.565194445521	443.335677042617	0.261810766395902	3.90986904028571	0.271574463999985	1.12836464130469	0.290520421379514
7650	-2099.55405069368	999.565194445521	443.335677042617	0.261810766395902	3.90986904028571	0.265673748380983	1.1426820478827	0.29069399268512
7660	-2099.07938131701	999.565194445521	423.504647701443	0.280284529793531	3.87781346726425	0.267312868474229	1.08112609689476	0.29086806590264
7670	-2100.12559613731	999.565194445521	416.360494781168	0.277789796863437	3.93066020405163	0.264299865887475	1.10583236359283	0.29086806590264
7680	-2099.15020383063	999.565194445521	436.085742281512	0.260321118119474	3.9129356771052	0.264299865887475	1.10583236359283	0.29086806590264
7690	-2099.42170950021	999.565194445521	436.085742281512	0.260321118119474	3.92779187492436	0.260909213459034	1.09831938988013	0.29086806590264
7700	-2102.03524797898	999.565194445521	450.278593025224	0.260321118119474	3.93844350680815	0.260909213459034	1.17705693474721	0.291608077746163
7710	-2102.29769684856	999.565194445521	450.278593025224	0.260321118119474	3.93844350680815	0.259472367089674	1.17705693474721	0.291608077746163
7720	-2100.82940980669	999.565194445521	455.316276806207	0.260321118119474	4.0276169839363	0.251879188418944	1.07812648820919	0.291608077746163
7730	-2100.19405483891	999.565194445521	451.592093992605	0.260321118119474	4.0276169839363	0.248130436401811	1.04457134933013	0.287869024111158
7740	-2099.7412443243	999.565194445521	451.592093992605	0.260321118119474	3.97990997855242	0.251415081335085	0.993934427983025	0.287869024111158
7750	-2099.45804911091	999.565194445521	451.592093992605	0.260321118119474	4.00295327437659	0.249823481271033	0.993934427983025	0.288273868751012
7760	-2099.94698066052	999.565194445521	451.592093992605	0.260321118119474	4.00295327437659	0.249823481271033	1.04192445254461	0.288273868751012
7770	-2099.28701787562	999.565194445521	466.413755614876	0.260321118119474	4.00295327437659	0.249823481271033	1.02959205542481	0.288393267898178
7780	-2100.36118404796	999.565194445521	466.413755614876	0.260321118119474	4.00295327437659	0.249823481271033	1.01352260475593	0.29285550101782
7790	-2099.27798139483	999.565194445521	468.721899544432	0.254541567667443	3.93656920137559	0.249823481271033	1.01352260475593	0.29285550101782
7800	-2099.29320785364	999.565194445521	466.621204687547	0.266786971425029	3.9871522946394	0.24544465810604	1.01352260475593	0.29285550101782
7810	-2099.31039715325	999.565194445521	466.786797481904	0.27340055184941	3.9871522946394	0.24544465810604	1.01352260475593	0.29285550101782
7820	-2099.52189474618	999.565194445521	466.786797481904	0.260861291257116	3.9871522946394	0.24544465810604	1.01352260475593	0.29285550101782
7830	-2101.97296713374	999.565194445521	461.426773695462	0.252903058275353	3.9871522946394	0.241671949145698	0.954051952850876	0.293336181152062
7840	-2101.8229610975	999.565194445521	461.426773695462	0.272520403115501	3.93194923919263	0.250229243745739	0.936711206628955	0.293297837468028
7850	-2099.65489250528	999.565194445521	464.829768533264	0.253865081357	3.93194923919263	0.250229243745739	0.973788262206913	0.292881012975979
7860	-2099.26819749795	999.565194445521	464.829768533264	0.251195838743858	3.89698413399636	0.252224826417312	0.993320757296567	0.294882336899426
7870	-2100.38004020031	999.565194445521	467.872954352637	0.244985957787417	3.92048808208481	0.25202532912592	1.03354042582962	0.298205152326453
7880	-2100.0916537468	999.565194445521	478.91403212223	0.262178598614146	3.8356698042848	0.250122625772794	1.03354042582962	0.298205152326453
7890	-2100.25309733985	999.565194445521	478.91403212223	0.262178598614146	3.8356698042848	0.247936431092102	1.030413940584	0.29990590697336
7900	-2098.75010513541	999.565194445521	482.04590945235	0.263499572987743	3.84537043911652	0.252482372100625	1.01761170163594	0.29990590697336
7910	-2099.02795870075	999.565194445521	485.018940423435	0.265205901591851	3.81858552387091	0.25757386975476	1.01761170163594	0.296888526640382
7920	-2098.55312863777	999.565194445521	474.89344154386	0.265205901591851	3.81858552387091	0.254877635563401	1.04408804803521	0.299354756231778
7930	-2099.34543101975	999.565194445521	444.937005388045	0.248743610571515	3.84301513344863	0.254877635563401	1.04408804803521	0.299252640594773
7940	-2100.55131852208	999.565194445521	450.755976173725	0.247731086391807	3.82020101460799	0.253041577441842	1.04408804803521	0.299252640594773
7950	-2099.76119265867	999.565194445521	455.89288108963	0.247731086391807	3.85307763321598	0.259667806745173	1.07896689356288	0.299252640594773
7960	-2099.16123657737	999.565194445521	455.89288108963	0.273435044943403	3.85307763321598	0.259667806745173	1.11192703863744	0.297747671585847
7970	-2102.12790695547	999.565194445521	485.1517493308	0.273435044943403	3.85307763321598	0.265377608628016	0.976559995475532	0.293642527824195
7980	-2101.46653365825	999.738731930323	492.407234780848	0.273435044943403	3.85307763321598	0.265377608628016	0.976559995475532	0.292972682989457
7990	-2100.04819203626	999.738731930323	492.407234780848	0.273435044943403	3.84414622492265	0.261181361573828	0.988529582005326	0.295228846843743
8000	-2099.84483400489	999.738731930323	481.702625904296	0.273435044943403	3.75779046726693	0.269400673344056	1.1353839312324	0.29928835491776
8010	-2101.69716870403	999.088713858436	481.702625904296	0.273435044943403	3.75779046726693	0.269400673344056	1.14030070474886	0.298142524983096
8020	-2100.59865130766	999.639861089044	481.702625904296	0.273435044943403	3.75779046726693	0.269400673344056	1.14813411792685	0.298546290626015
8030	-2100.42867865745	999.639861089044	481.702625904296	0.273435044943403	3.75779046726693	0.271119781162211	1.13146220252646	0.301111060766856
8040	-2099.71901136799	999.639861089044	484.5959332344	0.253862563083977	3.79771244139173	0.267694331184902	1.12046496362089	0.301111060766856
8050	-2098.83052110572	999.639861089044	484.5959332344	0.253862563083977	3.77191926505866	0.264698786947458	1.05557825075514	0.301111060766856
8060	-2099.22547770014	999.639861089044	484.5959332344	0.253862563083977	3.78474610759895	0.25899426923012	1.07739886946336	0.300845092498362
8070	-2099.48448500902	999.639861089044	493.521101202791	0.253862563083977	3.81865144231531	0.260958785670678	1.11409013735306	0.300845092498362
8080	-2099.64076010467	999.639861089044	497.99417421057	0.253862563083977	3.81865144231531	0.259747480667805	1.11180817013799	0.300845092498362
8090	-2101.85484571553	999.639861089044	497.99417421057	0.253862563083977	3.77434737000526	0.256024047438255	1.12713786034271	0.302367842650717
8100	-2104.07009301854	999.639861089044	491.740319775901	0.289838090437466	3.77434737000526	0.252971166663562	1.15584893202697	0.30255457268812
8110	-2103.57961829305	999.639861089044	477.222822985027	0.289838090437466	3.78704179256026	0.253321571475775	1.15584893202697	0.30255457268812
8120	-2105.02570102543	999.639861089044	448.048632016435	0.297999078458465	3.79371278489485	0.252589390978919	1.14078308205323	0.304051463361045
8130	-2105.74193798926	999.639861089044	448.048632016435	0.297999078458465	3.77423624969193	0.260425506629187	1.19435297714664	0.301872369906849
8140	-2106.09315559544	999.639861089044	448.048632016435	0.297999078458465	3.7393211781836	0.26729260951924	1.0515371914971	0.301872369906849
8150	-2102.31496623852	999.639861089044	448.048632016435	0.281174784139508	3.7393211781836	0.26729260951924	1.06502167234201	0.303531662043182
8160	-2100.54395566413	999.639861089044	448.048632016435	0.242947109204896	3.75040075301533	0.276758075337929	1.1073782728571	0.301575177284504
8170	-2100.75552027961	999.639861089044	430.454441890295	0.254964283199298	3.72017746591163	0.279445380669366	1.09039944966916	0.301575177284504
8180	-2099.350196636	999.639861089044	440.096367797851	0.254964283199298	3.72017746591163	0.272255320327026	1.1105565891269	0.30406997488232
8190	-2100.28525443625	999.639861089044	437.125723664602	0.275073024661642	3.76013355974085	0.264581223497019	1.0603218276128	0.302310338528232
8200	-2103.36820103634	999.639861089044	437.125723664602	0.26237065747263	3.73257519065518	0.268690810230397	1.23614254916233	0.302712349412849
8210	-2106.90787036735	999.639861089044	443.744835691677	0.26237065747263	3.73257519065518	0.278945742558902	1.23614254916233	0.307625039010225
8220	-2102.49293619372	999.639861089044	448.712863644541	0.268894009126714	3.73257519065518	0.278945742558902	1.23614254916233	0.302489892859351
8230	-2104.78959838836	999.639861089044	448.712863644541	0.236032565397221	3.73257519065518	0.286565313493296	1.26902139822892	0.301111151750726
8240	-2105.58146082666	999.639861089044	465.372777664966	0.257290994657003	3.66480307902227	0.286565313493296	1.26902139822892	0.301111151750726
8250	-2102.14588699296	999.639861089044	465.372777664966	0.275439637108396	3.74840705122984	0.270153929935438	1.18409937007334	0.298208152442123
8260	-2099.51026791224	999.639861089044	456.903159052806	0.262426130533421	3.77661233849719	0.276062518942119	1.12351285373527	0.298208152442123
8270	-2099.87888535819	999.639861089044	460.715582257308	0.262426130533421	3.77661233849719	0.276062518942119	1.12351285373527	0.299145605158895
8280	-2099.27164822694	999.639861089044	460.715582257308	0.262426130533421	3.8310584179741	0.272550844832863	1.13911659272508	0.295627067313774
8290	-2099.26249832898	999.639861089044	460.715582257308	0.262426130533421	3.8310584179741	0.268632267099241	1.13911659272508	0.295627067313774
8300	-2099.28766177408	999.639861089044	462.361158877345	0.269093030448786	3.8310584179741	0.265129963589349	1.13911659272508	0.296332318341989
8310	-2098.53275682214	999.639861089044	470.959060299984	0.269179608767193	3.8310584179741	0.262026228791752	1.05276019875382	0.296332318341989
8320	-2098.43337324734	999.639861089044	471.081701372386	0.269179608767193	3.8310584179741	0.252760672641265	1.0531598180834	0.301288738475873
8330	-2099.08290199984	999.639861089044	482.683524577823	0.253584209164434	3.8310584179741	0.252760672641265	1.08037122524637	0.302701182328053
8340	-2099.34080998792	999.639861089044	482.683524577823	0.26362259368254	3.79155967531892	0.266386261235883	1.07656210299474	0.30101312458725
8350	-2100.4811534132	999.639861089044	483.355195384174	0.238863486334128	3.80207411359286	0.266386261235883	1.07656210299474	0.30101312458725
8360	-2099.76496666974	999.639861089044	496.296032685209	0.26152233700386	3.75761336063619	0.261266122397313	1.066960905962	0.300050424593862
8370	-2099.40614836382	999.639861089044	475.689530604901	0.264913609979999	3.77986930295066	0.258431054553743	0.987608636168257	0.300050424593862
8380	-2099.42311037925	999.639861089044	475.689530604901	0.264913609979999	3.77986930295066	0.258627363777316	0.987608636168257	0.300050424593862
8390	-2101.59919017453	998.732792065179	475.689530604901	0.261225421808785	3.78590665261083	0.257270599958736	0.987608636168257	0.2996091622437
8400	-2101.49637604004	998.732792065179	475.689530604901	0.261225421808785	3.78590665261083	0.258188442480347	1.05532219086813	0.305359093442721
8410	-2101.18979132272	998.732792065179	475.689530604901	0.254117839350735	3.76791816066118	0.252808804229519	1.06738394710122	0.305359093442721
8420	-2101.14692687669	998.732792065179	485.118605206914	0.254117839350735	3.80691455747547	0.252808804229519	1.05666308983783	0.305359093442721
8430	-2102.36680008817	998.732792065179	485.118605206914	0.254117839350735	3.70064164688894	0.254744199964947	1.07828585884061	0.308000124398976
8440	-2101.11515973673	998.732792065179	484.458673562865	0.261287192698602	3.73257667300885	0.257481532643651	1.12737669603018	0.308000124398976
8450	-2101.36419804327	999.991844245934	449.955721128306	0.276747118020439	3.74156718947812	0.254969404582573	1.12737669603018	0.308029515872065
8460	-2099.72976621707	999.991844245934	449.955721128306	0.276747118020439	3.74156718947812	0.254601226904665	1.08289138009731	0.308029515872065
8470	-2100.15691311802	999.991844245934	449.955721128306	0.276747118020439	3.75024138344771	0.255311672659095	1.08289138009731	0.308029515872065
8480	-2100.54855100814	999.991844245934	452.480624665003	0.276747118020439	3.78662766659122	0.250322464112969	1.07128856967681	0.308029515872065
8490	-2098.25721816388	999.991844245934	452.480624665003	0.258588766570387	3.78111636797656	0.250322464112969	1.07128856967681	0.308029515872065
8500	-2098.22212296467	999.991844245934	452.480624665003	0.258588766570387	3.75772067695135	0.250322464112969	1.05922232482044	0.308029515872065
8510	-2098.77903615288	999.991844245934	450.595849740563	0.260430693352897	3.75772067695135	0.249349834764185	1.0179492523428	0.307294049738173
8520	-2099.42118226743	999.991844245934	450.595849740563	0.244402263580541	3.78619786182236	0.249349834764185	1.0179492523428	0.307136989202447
8530	-2098.46402904325	999.991844245934	455.4771992495	0.260400205958007	3.74662229321867	0.249349834764185	1.0179492523428	0.307136989202447
8540	-2099.42488442728	999.991844245934	455.4771992495	0.260400205958007	3.74662229321867	0.251580022187922	0.99323491341171	0.303603729862906
8550	-2099.43292194169	999.991844245934	455.4771992495	0.260400205958007	3.75180768001644	0.251580022187922	0.99323491341171	0.308565998528513
8560	-2098.26759803893	999.991844245934	455.4771992495	0.263467211795074	3.6849022445459	0.259205193040487	1.08676113621038	0.308565998528513
8570	-2098.27854908187	999.991844245934	453.930871541428	0.263467211795074	3.70696994825547	0.257766300117391	1.08676113621038	0.308565998528513
8580	-2100.0221752092	999.352851551264	464.703815474209	0.268202973384787	3.73876350590056	0.260480408477158	1.01432817753604	0.30398336300536
8590	-2102.53532820422	999.352851551264	456.149053155966	0.268202973384787	3.63923140320662	0.267491638945348	1.01432817753604	0.30398336300536
8600	-2099.63132436193	999.352851551264	436.597824172769	0.265941521955782	3.73724244366356	0.263466315577118	1.10134469906724	0.30398336300536
8610	-2100.34728451133	999.352851551264	442.616409164241	0.25179986985847	3.69322959083907	0.270981429948298	1.15055489670135	0.30516768658329
8620	-2099.50857918674	999.815129137696	429.870857170968	0.25179986985847	3.69322959083907	0.270981429948298	1.15055489670135	0.30516768658329
8630	-2100.1465543184	999.815129137696	428.692313349443	0.24612948114004	3.76026567995338	0.264174080668568	1.15055489670135	0.30516768658329
8640	-2100.92890848227	999.815129137696	402.361423934736	0.249251159127688	3.76026567995338	0.267805216800722	1.04586569276751	0.302367873589237
8650	-2099.43028469826	999.815129137696	405.370901439061	0.249251159127688	3.7266661021302	0.262396325246475	1.04750733069863	0.305016879437472
8660	-2099.58728757131	999.815129137696	405.370901439061	0.249251159127688	3.71978047374803	0.260226903314271	1.04750733069863	0.305016879437472
8670	-2099.60140346164	999.815129137696	405.370901439061	0.264462850201236	3.71978047374803	0.257625768894018	1.04750733069863	0.305016879437472
8680	-2100.74595133254	999.815129137696	405.370901439061	0.264462850201236	3.71978047374803	0.263763861519722	1.16175199954891	0.305134832459678
8690	-2100.67486504422	999.815129137696	406.947212702673	0.277230016841046	3.74442030301758	0.258884853778773	1.07299749125968	0.305134832459678
8700	-2100.61274868257	999.815129137696	406.947212702673	0.277230016841046	3.74021102429239	0.265212348405811	1.07299749125968	0.302123036905705
8710	-2100.61274868257	999.815129137696	406.947212702673	0.277230016841046	3.74021102429239	0.265212348405811	1.07299749125968	0.302123036905705
8720	-2100.47175486126	999.815129137696	406.947212702673	0.277230016841046	3.74021102429239	0.265212348405811	1.07299749125968	0.301020439038706
8730	-2100.42358482431	999.815129137696	407.897968358642	0.277230016841046	3.74021102429239	0.265212348405811	1.07299749125968	0.301020439038706
8740	-2101.03560176847	999.758174028618	407.897968358642	0.243324983680948	3.76446010381892	0.263603486953221	1.07299749125968	0.301020439038706
8750	-2100.43588075624	999.758174028618	407.897968358642	0.243324983680948	3.76446010381892	0.265912933674027	1.07299749125968	0.303727771442963
8760	-2100.58058440944	999.758174028618	407.897968358642	0.243324983680948	3.76446010381892	0.265912933674027	1.06903424091691	0.303948350269401
8770	-2100.39029525775	999.758174028618	415.708744517006	0.261701965750916	3.70939703365736	0.262970712338903	1.00927101196963	0.302944539838796
8780	-2101.07026166654	999.758174028618	415.708744517006	0.261701965750916	3.70008869234328	0.261593076458407	1.00927101196963	0.302944539838796
8790	-2101.10407238813	999.758174028618	415.708744517006	0.261701965750916	3.70008869234328	0.261593076458407	1.00726346419423	0.302944539838796
8800	-2100.26678196294	999.758174028618	415.708744517006	0.251142711100772	3.70664614491436	0.266894639056323	1.0369906153353	0.306401646504014
8810	-2099.7924700354	999.758174028618	415.708744517006	0.251142711100772	3.70664614491436	0.266894639056323	1.10142223928715	0.30863597071014
8820	-2100.09744357271	999.758174028618	415.708744517006	0.251142711100772	3.73265572445493	0.268581487884911	1.15685806294089	0.30643536555735
8830	-2100.31935604326	999.758174028618	428.324337353634	0.256059936085821	3.75928225963485	0.263233966090141	1.15685806294089	0.30643536555735
8840	-2100.91645940209	999.758174028618	405.340027597779	0.256059936085821	3.73001269421829	0.264926036021831	1.17973925130669	0.30643536555735
8850	-2100.06824341499	999.758174028618	414.190531797578	0.256059936085821	3.73001269421829	0.264926036021831	1.15639079144127	0.30643536555735
8860	-2100.05680670981	999.758174028618	414.190531797578	0.256059936085821	3.69281124958707	0.264729304864169	1.12710429453906	0.305797303881256
8870	-2098.93128617447	999.758174028618	431.714209925069	0.263982024298945	3.72406339617148	0.264729304864169	1.06764307764696	0.30431214705427
8880	-2099.23028618131	999.758174028618	431.714209925069	0.263982024298945	3.72406339617148	0.257848403623851	1.06764307764696	0.30431214705427
8890	-2098.84160267445	999.758174028618	429.145010737058	0.259169970659806	3.74170132159226	0.256295401345244	1.08849981860592	0.307751680578527
8900	-2098.84160267445	999.758174028618	429.145010737058	0.259169970659806	3.74170132159226	0.256295401345244	1.08849981860592	0.307751680578527
8910	-2098.75085125074	999.758174028618	429.145010737058	0.259169970659806	3.74170132159226	0.256295401345244	1.04862579871472	0.307751680578527
8920	-2099.80741339384	999.758174028618	429.145010737058	0.259169970659806	3.74170132159226	0.256295401345244	1.13338339909654	0.307751680578527
8930	-2099.80741339384	999.758174028618	429.145010737058	0.259169970659806	3.74170132159226	0.256295401345244	1.13338339909654	0.307751680578527
8940	-2101.06019641069	999.758174028618	429.145010737058	0.259169970659806	3.74170132159226	0.25831166322543	1.15482608354593	0.310868914128639
8950	-2100.74259619737	999.758174028618	429.145010737058	0.259169970659806	3.74170132159226	0.25831166322543	1.16341478176901	0.305936675810179
8960	-2101.65850188909	999.758174028618	429.145010737058	0.259169970659806	3.64111130219289	0.272494485798095	1.16394722699688	0.305936675810179
8970	-2101.3021885592	999.758174028618	427.445809006912	0.261496543708058	3.61027024232147	0.282263966193886	1.12267531273638	0.305936675810179
8980	-2101.7025251896	999.758174028618	427.445809006912	0.261496543708058	3.61027024232147	0.284182746971895	1.13111830167157	0.306886180940757
8990	-2101.33770337334	999.758174028618	427.445809006912	0.261496543708058	3.61027024232147	0.275286715707926	1.12683137327514	0.306886180940757
9000	-2100.75689891806	999.758174028618	427.445809006912	0.261496543708058	3.61027024232147	0.265730416973576	1.11932020775989	0.310152776471403
9010	-2100.05636985996	999.758174028618	427.445809006912	0.261496543708058	3.61027024232147	0.265730416973576	1.05878249718166	0.310152776471403
9020	-2099.93152343605	999.758174028618	441.697676040724	0.252893617438007	3.61027024232147	0.265730416973576	1.09004275073633	0.310152776471403
9030	-2099.60617992916	999.758174028618	441.697676040724	0.252893617438007	3.61027024232147	0.265730416973576	1.05887403942472	0.310152776471403
9040	-2100.33622431941	999.758174028618	437.040314519205	0.252893617438007	3.65735615049157	0.272018298575628	1.08188013056577	0.310152776471403
9050	-2099.68798421388	999.758174028618	437.040314519205	0.245654843082372	3.60634614520488	0.272018298575628	1.08188013056577	0.311195583915807
9060	-2100.69626782713	999.758174028618	434.343223258537	0.257708727739957	3.67055550248541	0.272018298575628	1.17549768285234	0.310923019899059
9070	-2100.78386152197	999.758174028618	434.343223258537	0.257708727739957	3.67055550248541	0.272018298575628	1.18883342940711	0.305736742972087
9080	-2107.27678869292	999.304701752967	447.170295243202	0.296440867687244	3.65141160008369	0.274079033347062	1.13073358862558	0.300825944265125
9090	-2106.53405353261	999.304701752967	445.192700343831	0.294647614894064	3.65766830174449	0.274468899617999	1.13073358862558	0.300825944265125
9100	-2102.92807005312	999.304701752967	445.192700343831	0.258483277227442	3.6661691690668	0.274468899617999	1.11856196122264	0.300825944265125
9110	-2103.18548263907	999.304701752967	452.041363916566	0.256360805609239	3.6661691690668	0.274515013830433	1.11856196122264	0.300825944265125
9120	-2101.67087553735	999.304701752967	444.035748994458	0.246881079516797	3.6661691690668	0.274917893699028	1.08067750732631	0.309023787520656
9130	-2100.67558799548	999.304701752967	451.129188913527	0.246881079516797	3.63075493574557	0.269905192004221	1.04424680748612	0.309023787520656
9140	-2100.64054958489	999.304701752967	441.05115589774	0.250051658428646	3.67161336165905	0.270589856001194	1.15800599065812	0.309023787520656
9150	-2101.30506368215	999.304701752967	441.05115589774	0.250051658428646	3.73078542233904	0.266654520883735	1.16116157186145	0.304771230352896
9160	-2101.57168451047	999.304701752967	470.367475463283	0.272122834236862	3.7154515313555	0.266654520883735	1.1722981605192	0.304771230352896
9170	-2099.61133724516	999.304701752967	470.283476641343	0.250761496853489	3.7154515313555	0.266654520883735	1.09724219543674	0.306661454811819
9180	-2101.35370003898	999.304701752967	470.283476641343	0.250761496853489	3.77425052094814	0.265152032109696	1.12975538539136	0.30602777566127
9190	-2101.21748260136	999.18938235148	474.230544174533	0.257123861858022	3.73060604103193	0.265152032109696	1.16267124989839	0.30750352706156
9200	-2100.00958529814	999.18938235148	474.230544174533	0.257123861858022	3.72440283775326	0.255531825276173	1.08978546742384	0.30750352706156
9210	-2101.55193905132	998.863830488868	474.230544174533	0.258387406493458	3.7446934293527	0.254862801391588	1.01261165011045	0.30750352706156
9220	-2101.98559926324	998.863830488868	479.800117653132	0.258387406493458	3.7446934293527	0.253236929761656	0.969669369846073	0.306304113820152
9230	-2102.8657503978	998.863830488868	479.800117653132	0.246564250229152	3.7446934293527	0.253236929761656	0.959814669397206	0.305334102520994
9240	-2101.41117675622	998.863830488868	487.722033013064	0.246564250229152	3.7446934293527	0.253236929761656	1.0169294563208	0.309873119898397
9250	-2101.13151697957	998.863830488868	470.546934882891	0.245815666379922	3.71773172445354	0.251197108021598	0.995484068631187	0.309873119898397
9260	-2101.68257207457	998.863830488868	470.546934882891	0.243433366757181	3.73452199904834	0.251197108021598	0.995484068631187	0.309873119898397
9270	-2100.64436738446	999.450058397678	443.301186542733	0.243433366757181	3.73840035834293	0.251197108021598	0.995484068631187	0.309873119898397
9280	-2106.60451369364	999.450058397678	443.301186542733	0.249945643075409	3.84255203984225	0.247352797973998	1.07253701428282	0.311506215322612
9290	-2105.64794681953	999.450058397678	443.301186542733	0.239496527795151	3.84255203984225	0.241955089116664	1.1066917864092	0.311506215322612
9300	-2104.07108645885	999.544126446513	431.365173438928	0.253806546792311	3.83563818711824	0.238437409068435	1.09760299795451	0.308943560133635
9310	-2102.1214884594	998.92544563849	454.592286499715	0.253806546792311	3.83563818711824	0.244376473214115	1.05766182820997	0.305371078325445
9320	-2102.04810361659	998.92544563849	439.561873372959	0.260666911067164	3.83563818711824	0.245896300795625	1.05766182820997	0.306041282036096
9330	-2101.97115572441	998.92544563849	427.646221209415	0.260666911067164	3.82634166248168	0.248174877811603	1.05766182820997	0.306041282036096
9340	-2101.64824749941	998.92544563849	427.646221209415	0.260666911067164	3.73984313811797	0.250718079359883	1.05766182820997	0.31162428673529
9350	-2101.31824925981	998.92544563849	430.942271874936	0.244138508680738	3.67366547429771	0.257334351062595	1.0576035820446	0.311624383386566
9360	-2103.03451596565	998.92544563849	442.365022089077	0.230908087841609	3.67366547429771	0.257334351062595	1.0576035820446	0.311624383386566
9370	-2103.25007102849	998.92544563849	453.469480377241	0.230908087841609	3.67366547429771	0.257334351062595	1.07333631025588	0.317457482193554
9380	-2102.48973473554	998.92544563849	453.469480377241	0.230908087841609	3.66538890976382	0.257334351062595	1.07333631025588	0.315914792531934
9390	-2102.82532331507	998.92544563849	453.469480377241	0.230908087841609	3.66284689855845	0.256084008914077	1.10504110248521	0.317422285016281
9400	-2100.39561400319	999.594051266008	440.538303995568	0.247383254911622	3.66147373877123	0.256084008914077	1.10504110248521	0.317422285016281
9410	-2100.57485808741	999.594051266008	428.429075391187	0.249841334734361	3.63538664839909	0.257815342934778	1.14057702463821	0.317309258578677
9420	-2102.26315020231	999.594051266008	453.640054954769	0.260582815606438	3.64151095733628	0.251591584349438	1.15419942852982	0.317309258578677
9430	-2100.97342638546	999.594051266008	451.596794040569	0.260582815606438	3.64151095733628	0.258952171845429	1.10575918525004	0.317309258578677
9440	-2102.0252312828	999.594051266008	451.596794040569	0.260582815606438	3.65283985526522	0.261508523050721	1.13849132778145	0.317309258578677
9450	-2101.96979352567	999.594051266008	427.954078134379	0.260582815606438	3.65283985526522	0.254768256017347	1.16294404532519	0.315225044834056
9460	-2103.03637314014	999.594051266008	427.954078134379	0.257640878434593	3.5816710278173	0.248026945677078	1.0967374360372	0.319655576148562
9470	-2100.16561152896	999.594051266008	456.66554002922	0.246606429600932	3.61502698587571	0.251062155828874	1.0673219361663	0.318249768657014
9480	-2100.16561152896	999.594051266008	456.66554002922	0.246606429600932	3.61502698587571	0.251062155828874	1.0673219361663	0.318249768657014
9490	-2100.13923759363	999.594051266008	465.646312355925	0.245517120708726	3.65541080475417	0.252445748142454	1.0673219361663	0.318249768657014
9500	-2100.51383914344	999.594051266008	465.646312355925	0.245517120708726	3.65541080475417	0.252445748142454	1.11538658493741	0.316104261686383
9510	-2101.7562736783	999.838869560809	455.134402468251	0.222818025327048	3.66453135687218	0.26272314235257	1.11538658493741	0.316104261686383
9520	-2098.42231371117	999.838869560809	461.31192849462	0.252549486733072	3.64559797512842	0.263102399185037	1.10175855957329	0.31352707626923
9530	-2098.15185961883	999.838869560809	461.31192849462	0.252549486733072	3.64017725793006	0.260051244039615	1.04441672744009	0.312469279610679
9540	-2098.36576753079	999.838869560809	439.196075275626	0.252549486733072	3.64017725793006	0.260051244039615	1.04441672744009	0.312135586359354
9550	-2099.96887206511	999.838869560809	439.196075275626	0.252549486733072	3.5843084545933	0.255116449118557	1.03529365374996	0.316230815945264
9560	-2098.88089084549	999.838869560809	456.649034744933	0.255190731850158	3.60942921219764	0.259221712233564	1.07856881420582	0.316230815945264
9570	-2099.77369631218	999.838869560809	467.949671344986	0.255190731850158	3.61415330666895	0.25180954892381	1.00849891321902	0.319573217387028
9580	-2101.11780818588	999.951444692395	508.331347053526	0.255190731850158	3.55144690906303	0.253495506800672	0.955868451556402	0.319573217387028
9590	-2100.50188217151	999.951444692395	508.331347053526	0.255190731850158	3.64175120525611	0.244421226341262	1.02420050380028	0.321726745345014
9600	-2099.87951017732	999.951444692395	490.344245951709	0.244157121278467	3.59401937715488	0.244421226341262	1.01151512627722	0.322660232364244
9610	-2102.21968443591	999.951444692395	490.344245951709	0.244157121278467	3.60140330689211	0.238017565222519	0.919821782215457	0.323562536025592
9620	-2101.44259642193	999.951444692395	490.344245951709	0.244157121278467	3.60140330689211	0.239105322417313	0.928964313247795	0.323238711875693
9630	-2102.26641959491	999.951444692395	490.344245951709	0.242364172534902	3.55940730770801	0.239807215897401	1.05457012292172	0.325911037893307
9640	-2101.94164861549	999.951444692395	490.344245951709	0.258640220942352	3.59260356286877	0.239807215897401	1.05457012292172	0.325911037893307
9650	-2101.94164861549	999.951444692395	490.344245951709	0.258640220942352	3.59260356286877	0.239807215897401	1.05457012292172	0.325911037893307
9660	-2101.74220301985	999.951444692395	490.344245951709	0.258640220942352	3.63256918150617	0.237574729705967	1.0157473906999	0.323814717419951
9670	-2101.61593386466	999.951444692395	490.344245951709	0.258640220942352	3.63256918150617	0.237574729705967	1.0157473906999	0.322389760123027
9680	-2102.70543723619	999.951444692395	490.344245951709	0.258640220942352	3.63256918150617	0.237574729705967	1.08344247428194	0.32338468705958
9690	-2102.26678508085	999.951444692395	490.344245951709	0.258640220942352	3.66439992123559	0.237574729705967	1.03961606127336	0.32362213804592
9700	-2104.38928184235	999.951444692395	458.174322820911	0.226753477517658	3.68602997483227	0.236833460722488	1.03961606127336	0.32362213804592
9710	-2104.07033709605	999.951444692395	458.174322820911	0.226753477517658	3.68602997483227	0.236833460722488	0.99311261577526	0.32362213804592
9720	-2105.19618162109	998.979232321151	458.174322820911	0.268388665157877	3.63652718756545	0.241454035258669	1.02994382929551	0.32362213804592
9730	-2105.42780757546	998.979232321151	458.174322820911	0.268388665157877	3.63652718756545	0.239044206450947	1.06422850369175	0.32362213804592
9740	-2104.47381418095	998.979232321151	456.107682939174	0.234685382714385	3.59952772551507	0.241012013486129	1.06422850369175	0.325546444158412
9750	-2104.46225967332	998.621546996926	441.337577789809	0.233088149895134	3.61345232336764	0.241012013486129	1.03696306179476	0.325546444158412
9760	-2104.40167087935	998.621546996926	441.337577789809	0.233088149895134	3.63705836967414	0.241012013486129	1.04014832562369	0.325546444158412
9770	-2102.44106102239	999.442378452318	441.337577789809	0.233088149895134	3.63705836967414	0.241012013486129	1.04014832562369	0.323314902352914
9780	-2102.94054534557	999.224149399915	441.337577789809	0.233088149895134	3.63705836967414	0.241012013486129	1.04014832562369	0.324946689277153
9790	-2102.87037353952	999.224149399915	441.337577789809	0.233088149895134	3.63705836967414	0.241012013486129	1.04014832562369	0.323993797105793
9800	-2102.35293069967	999.224149399915	441.337577789809	0.233088149895134	3.64094234221914	0.241012013486129	1.02165578053041	0.322826290306576
9810	-2106.0680965545	998.770327877601	437.437579023081	0.233088149895134	3.64094234221914	0.241012013486129	1.09020344876088	0.323248579697612
9820	-2100.70104465514	999.92539148175	459.540163874559	0.237085236611188	3.65749569230852	0.24302887616741	1.03417073369879	0.322775006328899
9830	-2100.18659226302	999.92539148175	459.540163874559	0.242174814650029	3.65749569230852	0.24302887616741	0.997894992342451	0.31927127801972
9840	-2098.90912142351	999.92539148175	456.652899056588	0.251434106496149	3.63810718702007	0.245843093468615	1.00870965087157	0.31927127801972
9850	-2101.66913885418	999.92539148175	455.74528642856	0.251434106496149	3.63810718702007	0.245616157456591	1.12160549814659	0.320917236854553
9860	-2099.63235780784	999.92539148175	441.182613298704	0.238937997330132	3.60223589888048	0.254705379654439	1.08683819976299	0.320917236854553
9870	-2100.71106215092	999.92539148175	428.272874038688	0.238937997330132	3.60223589888048	0.255936702585617	1.00666838190298	0.320917236854553
9880	-2100.63385125089	999.92539148175	431.223688298938	0.238937997330132	3.60223589888048	0.255936702585617	1.00666838190298	0.320917236854553
9890	-2100.03379494862	999.92539148175	442.5336559085	0.238937997330132	3.60223589888048	0.255936702585617	1.00666838190298	0.320082940627322
9900	-2099.87043644672	999.92539148175	442.5336559085	0.238937997330132	3.60223589888048	0.252492147671757	1.07893115961155	0.319753407575829
9910	-2099.03460797382	999.92539148175	459.7770988418	0.248201315019448	3.61215549335474	0.253485414273897	1.06640682627837	0.319002249133288
9920	-2100.17664947323	999.92539148175	459.7770988418	0.259637720553941	3.63625618678264	0.253485414273897	1.06640682627837	0.319294151383337
9930	-2098.6393668	999.92539148175	447.49370942741	0.259637720553941	3.63625618678264	0.256532148625839	1.04981167658617	0.314754087177256
9940	-2098.70186965964	999.92539148175	454.348203331254	0.259637720553941	3.63625618678264	0.256532148625839	1.06120482612749	0.314754087177256
9950	-2100.36193767602	999.92539148175	469.692896269175	0.256135099661273	3.66328084136979	0.258890373324544	1.02587268467205	0.314754087177256
9960	-2099.25909604704	999.92539148175	467.820795002824	0.257772052691585	3.61976635631886	0.254665361300335	1.00261681166338	0.314754087177256
9970	-2099.29558993435	999.92539148175	462.769107109226	0.258369024432061	3.61976635631886	0.254665361300335	1.00261681166338	0.314754087177256
9980	-2101.13319249898	999.92539148175	462.769107109226	0.258369024432061	3.61976635631886	0.250083085054684	0.975437911907739	0.312257693233844
9990	-2102.56052459887	999.208485538571	462.268988517343	0.258369024432061	3.66837406947721	0.261091001713012	0.989971186357022	0.311571214758881
10000	-2100.14759228964	999.208485538571	467.30355639258	0.258369024432061	3.72191162875347	0.250445049316144	1.03943474938702	0.311571214758881