Iteration,Likelihood,noise_sigma,s1,s2,sf
2000,-518.453797898314,107.640523211417,0.00159174286732693,0.235000738254024,0.00227607454991765
2010,-517.870472578591,107.640523211417,0.00159174286732693,0.235000738254024,0.00185850878841045
2020,-518.114597780455,103.171989678073,0.00159174286732693,0.235000738254024,0.00175769740968626
2030,-517.237123473863,85.9146019171247,0.00139926516774602,0.210392776684128,0.00293180696211476
2040,-517.364261366778,79.7687231322263,0.00153995186737576,0.120821745882996,0.00282010908895574
2050,-518.206494266007,80.8469051779958,0.00234402631191701,0.101464109068475,0.00217927041046628
2060,-522.904804184117,75.411626848625,0.00176462685730293,0.389726665216003,0.00238648800814074
2070,-517.363302353254,83.2957295276166,0.00176462685730293,0.206847588692007,0.00288551050575007
2080,-517.363302353254,83.2957295276166,0.00176462685730293,0.206847588692007,0.00288551050575007
2090,-518.673217607741,83.2957295276166,0.00176462685730293,0.297393754743004,0.00223578698821376
2100,-518.235084401281,107.458093212886,0.00158602576446143,0.297393754743004,0.00223578698821376
2110,-517.993296596074,106.613530215242,0.00218899204045839,0.151862153675899,0.00117806107963524
2120,-517.91939545902,106.613530215242,0.00218899204045839,0.273947458174198,0.00137534492133501
2130,-517.975240572379,102.291639683639,0.00276730155985274,0.250124579630861,0.00140150490658327
2140,-517.663974162414,98.9394040056572,0.00234490439624363,0.250124579630861,0.00140150490658327
2150,-519.662769895667,103.125177176633,0.00148403244001075,0.250124579630861,0.00162852884563216
2160,-520.138914874057,91.2919557320874,0.00148403244001075,0.539541116766711,0.00348110544211195
2170,-522.950362376911,82.1478868227451,0.00157923758125971,0.24974962093471,0.00542022636048925
2180,-521.125707432053,90.550343361868,0.00190438639709774,0.0586415917973063,0.00259560549864611
2190,-517.089879874646,80.0382679507707,0.00224653815725722,0.166185317814008,0.00214267476073184
2200,-517.239163708934,80.5381163403135,0.00284799442837692,0.119634531434789,0.0014888405519971
2210,-517.156408345711,87.7426132544306,0.00278333177767909,0.211664356687151,0.00140753453392682
2220,-519.09369154347,57.168397632558,0.00562342411528742,0.211664356687151,0.00140753453392682
2230,-521.676061602072,57.168397632558,0.00503373706483501,0.0683748645816514,0.00167456462621434
2240,-518.240966466438,70.2040124889299,0.00299814875653828,0.0683748645816514,0.00167456462621434
2250,-517.119465941891,78.7193748080236,0.00299814875653828,0.20450883574031,0.00181495420818071
2260,-517.163349643393,78.7193748080236,0.00299814875653828,0.145655037051707,0.00165448606263568
2270,-517.344344691443,78.7193748080236,0.00322079853343236,0.152497033176787,0.00165448606263568
2280,-517.344344691443,78.7193748080236,0.00322079853343236,0.152497033176787,0.00165448606263568
2290,-519.806436594259,89.7213841059469,0.00194503175782977,0.0281956172453696,0.00146560062945132
2300,-518.910473150841,92.1432443337468,0.00306351264138594,0.150972251743415,0.00159883673014966
2310,-517.799931035212,80.9950127716148,0.00540431448910615,0.295034918340465,0.0011797654446323
2320,-517.539697675261,92.3276902633812,0.00346047551301299,0.305891230155331,0.0011797654446323
2330,-520.050683974712,93.9325488436612,0.00346047551301299,0.124479770675776,0.00145147255769657
2340,-517.810220801142,65.9336078101891,0.0028193939262813,0.12469537345151,0.00217772647945354
2350,-517.810220801142,65.9336078101891,0.0028193939262813,0.12469537345151,0.00217772647945354
2360,-518.043423534005,65.9336078101891,0.0028193939262813,0.110958967673435,0.0022018705134307
2370,-517.892287525256,68.6167449700078,0.00273936501790911,0.110958967673435,0.0022018705134307
2380,-517.829130376866,68.6167449700078,0.00354924603073613,0.293682898375175,0.00190978310743037
2390,-517.470114090126,86.8839557707599,0.00242634622718185,0.293682898375175,0.00181883121359075
2400,-518.263778234306,90.8857261366693,0.00279081560919725,0.117234291623558,0.00156587514984332
2410,-518.381579004408,102.751792747731,0.00220727854926834,0.132065954083997,0.00110532942818759
2420,-517.886400804179,103.71995929364,0.00203031213766043,0.139744221302892,0.0013238897405414
2430,-517.888074371214,103.483035668818,0.00203031213766043,0.139744221302892,0.0013238897405414
2440,-518.768591581721,101.297414660038,0.00203031213766043,0.139744221302892,0.00116897888075609
2450,-517.258695452599,89.5336208985583,0.00272208607888318,0.238298512481897,0.00144196500016845
2460,-517.788320895763,105.909043748772,0.00225505415632633,0.238298512481897,0.00144196500016845
2470,-517.349940896927,81.5816624062019,0.00341437424866425,0.150332838617064,0.00147509494028371
2480,-518.069381332267,70.0186791283328,0.00363290027258396,0.157408295318566,0.00126764561066691
2490,-518.632169922178,62.2667824189302,0.00540281762000807,0.190330401945377,0.00151616847692658
2500,-516.935100379567,77.165043480691,0.00317735832271299,0.190330401945377,0.00153840385160429
2510,-517.77979823796,88.5859391597749,0.00185338969214427,0.143632318198064,0.00175301237052118
2520,-520.064285092189,70.1508129041811,0.00238066613876219,0.0292102020759551,0.00172806776941697
2530,-519.47242595859,83.4985870784766,0.00323956067523331,0.026647762654722,0.00131257881704622
2540,-519.47242595859,83.4985870784766,0.00323956067523331,0.026647762654722,0.00131257881704622
2550,-518.899646027375,79.5101963902349,0.00323956067523331,0.0416342022871877,0.00140776316462134
2560,-517.130127872576,79.5101963902349,0.00323956067523331,0.242668457131052,0.00146458655790785
2570,-518.376810986073,75.1671805797433,0.00465508416133718,0.282695979116019,0.00158911365268822
2580,-517.423643555912,75.1671805797433,0.00465508416133718,0.282695979116019,0.00110993896267558
2590,-517.430559440558,66.2479526307471,0.00465488006857876,0.217693574716877,0.00143640644049372
2600,-517.544524714067,66.2479526307471,0.00465488006857876,0.113071151083322,0.00121183260607005
2610,-516.826443929744,76.9360409445202,0.00465488006857876,0.139431002636599,0.00101412089301861
2620,-516.919694306662,76.9360409445202,0.00508113672635336,0.157643259288073,0.00105327236712499
2630,-518.891015434074,76.9360409445202,0.00439735475840434,0.429200278664953,0.0013399443212988
2640,-518.358867956576,76.9360409445202,0.00439735475840434,0.272574470620982,0.0016241047905917
2650,-518.360709226154,66.3586856778243,0.00432197012517406,0.119488220811545,0.00111205703429392
2660,-517.134209644806,68.4344933469559,0.00540129034541143,0.124422943317445,0.00106329587613191
2670,-519.342621350682,66.8960440677749,0.00802619608691931,0.150288840075766,0.00104788087176332
2680,-517.98259331262,60.9117837663185,0.00712085206507785,0.141059496056794,0.00104788087176332
2690,-517.002312658613,78.0079727373885,0.00497979460181035,0.141059496056794,0.00104788087176332
2700,-517.136144548169,69.5736071639537,0.00497979460181035,0.137346988360997,0.00119748822532273
2710,-517.551934902783,69.5736071639537,0.00497979460181035,0.186375819471981,0.00138271563286406
2720,-517.439637952404,70.1025147685469,0.00497979460181035,0.273358420389853,0.00138271563286406
2730,-517.617873459912,70.5399285273233,0.0042189030082147,0.221507741836451,0.00121476338539079
2740,-518.066554915265,90.5244280401717,0.00423245221748703,0.221507741836451,0.00121476338539079
2750,-518.424611915124,90.5244280401717,0.00441575331658045,0.221507741836451,0.00121476338539079
2760,-518.333916291591,109.054874188882,0.00137954345216246,0.235905421350193,0.0024808128950233
2770,-517.952090132414,109.054874188882,0.00117028587731403,0.235905421350193,0.0024808128950233
2780,-518.441955776567,109.054874188882,0.00117028587731403,0.243852860441103,0.00215365567218899
2790,-518.514239305224,119.565687109568,0.00166575076306789,0.1931487764033,0.00160745322094235
2800,-520.746426936001,119.565687109568,0.00166575076306789,0.174993571165662,0.00207342653579001
2810,-517.537238359513,85.7495248763334,0.00356679755098829,0.203427186177951,0.00144784770808424
2820,-517.943123709716,85.136324397661,0.00208007412957673,0.203427186177951,0.00259842263327513
2830,-517.414188876989,85.136324397661,0.00150824569426431,0.122610403636727,0.00259842263327513
2840,-517.341024748318,80.9647899250604,0.00196418670371986,0.122610403636727,0.00230036720719177
2850,-517.341024748318,80.9647899250604,0.00196418670371986,0.122610403636727,0.00230036720719177
2860,-518.473155591314,95.3787903604758,0.00125264452440498,0.112662241809535,0.00312321328254101
2870,-517.489194157027,79.2562391450056,0.00149768058330641,0.28757827459191,0.00365475265539521
2880,-518.133597630869,75.4322456207857,0.001123873515288,0.139575911062262,0.00533508314188941
2890,-517.535006858688,83.2453741454087,0.00108029411422675,0.12566035746003,0.00351228693309272
2900,-519.845704026725,67.6669512759774,0.00219826000243613,0.0445111597541519,0.00199449624336957
2910,-518.085314846033,67.6669512759774,0.00219826000243613,0.216588210394335,0.0032634572406068
2920,-518.837656112244,67.6669512759774,0.00246643576242415,0.289521943176483,0.0032634572406068
2930,-518.929832944341,67.6669512759774,0.00216798813120002,0.289521943176483,0.00258715933355433
2940,-518.18449349355,67.6669512759774,0.00207106176009971,0.251595537132613,0.00278375731589222
2950,-519.727437087509,64.0910908311557,0.00190509774508112,0.334702501052928,0.0044984224967093
2960,-520.377452413625,56.7260864862266,0.00169449031397096,0.2079360820772,0.0049886882319466
2970,-521.861465054502,62.4607925114348,0.00143028949454858,0.467038091659947,0.00592038344985379
2980,-519.695781361121,63.1308046328159,0.00108309072762226,0.3002556135517,0.00592038344985379
2990,-518.751230713197,63.1308046328159,0.00121193078074313,0.147608349138342,0.00460493361773802
3000,-520.533393974002,73.4713884373049,0.00106546876792583,0.187254137091201,0.00752022355247854
3010,-519.030512405531,67.1245414778499,0.00106546876792583,0.290255728256583,0.00752022355247854
3020,-517.924191262817,74.2754836492633,0.00106546876792583,0.312753754509708,0.0055374761069215
3030,-518.077944601929,74.2754836492633,0.00152184821596239,0.0784484378413302,0.00316261028244331
3040,-520.067823716808,74.2754836492633,0.00156407575151576,0.0149499694087852,0.00316261028244331
3050,-520.307087538463,72.5401940296905,0.00175278447809993,0.0284690714165844,0.00325051052644984
3060,-518.414945989039,72.5401940296905,0.00196978012187136,0.0688532954474724,0.00265797653976787
3070,-517.269738849883,72.5401940296905,0.00196978012187136,0.154985867176462,0.00265797653976787
3080,-518.009848318777,67.0518680745226,0.00196978012187136,0.154985867176462,0.00265797653976787
3090,-521.075451169655,67.0518680745226,0.00219095648465876,0.0284591900636724,0.00300188191682648
3100,-518.335351542668,67.0518680745226,0.00219095648465876,0.110025926686924,0.00294191346197266
3110,-517.793353968816,69.3711336191077,0.00219095648465876,0.112728873855228,0.00226597870469609
3120,-517.238649820734,70.9636287899453,0.00243098535510783,0.185860627334757,0.00226597870469609
3130,-518.36996061793,76.5361417875179,0.00379680233912877,0.0664749859928521,0.00134611721095087
3140,-518.083504268374,100.185276263587,0.00131277023787765,0.146602069339422,0.00269404392648596
3150,-518.981831816282,87.671895135308,0.00144410639511441,0.348001933515761,0.00269404392648596
3160,-518.695761077129,101.62596204491,0.00144410639511441,0.386139653022376,0.00253503800533647
3170,-518.318472215264,101.62596204491,0.00217125330615915,0.0916902512838454,0.00125545309703961
3180,-518.570609569125,81.5708449914468,0.0030367050245951,0.0953081552269341,0.0010945109197818
3190,-519.107318386499,78.8909974819409,0.00312087250062265,0.0504786215548852,0.00112334182739825
3200,-517.39811961014,78.0004236927434,0.00312087250062265,0.107696767385095,0.00152745405173829
3210,-518.742455797912,78.0004236927434,0.00312087250062265,0.107696767385095,0.00188970582604692
3220,-518.131195211046,65.4522086799472,0.00122400657522157,0.152776908025107,0.00536252377711759
3230,-518.083656526306,66.6212751533855,0.00122400657522157,0.152776908025107,0.00536252377711759
3240,-517.848951886027,66.6212751533855,0.00122400657522157,0.152776908025107,0.00497679261316702
3250,-517.77897371769,71.6716151739654,0.00122400657522157,0.152776908025107,0.00497679261316702
3260,-517.508435422884,71.6716151739654,0.00122400657522157,0.198672073672189,0.00497679261316702
3270,-517.392447494008,71.3916067659157,0.00140141770114357,0.167333801701621,0.00376150350369015
3280,-517.283742967243,77.1105742992773,0.00140141770114357,0.167333801701621,0.00376150350369015
3290,-517.540389019704,77.1105742992773,0.00115696331903511,0.116123790015013,0.00376150350369015
3300,-517.237774775319,74.6776213571872,0.00117660815917542,0.19289456930899,0.00452027835428199
3310,-517.384121483445,72.4034289035945,0.00125229988703201,0.168207443237237,0.00452027835428199
3320,-517.392456261777,76.7143666748361,0.00125229988703201,0.147252682735581,0.00413066478421653
3330,-518.035583029998,76.7143666748361,0.00114273719124408,0.102105182595557,0.00351109426926109
3340,-519.896793027128,65.5536209791533,0.00162779680146237,0.115982528835197,0.00273683696805943
3350,-518.781711231065,65.5536209791533,0.00178894954274025,0.115982528835197,0.00273683696805943
3360,-519.899310240255,63.2810965852834,0.00100209901119474,0.207796313972815,0.00529090759740433
3370,-517.253774012621,78.049769058567,0.00100209901119474,0.207796313972815,0.00529090759740433
3380,-517.717088299719,69.6381774749196,0.00153454235207079,0.154048939828208,0.00331210808159744
3390,-517.238792119516,80.6878251948972,0.00129340750546826,0.168804349997811,0.00331210808159744
3400,-517.238792119516,80.6878251948972,0.00129340750546826,0.168804349997811,0.00331210808159744
3410,-518.306187977266,72.3107273223173,0.00137270161286847,0.0765845438864753,0.00331210808159744
3420,-521.233732458216,63.5950075831434,0.00253098892619623,0.00183705064920997,0.00199808187404947
3430,-521.805449087259,63.5950075831434,0.00230431841109758,0.00247912498322603,0.00199808187404947
3440,-522.248975101551,75.4810407884187,0.00198207020117975,0.00315921435622518,0.00298697331063853
3450,-520.304579687953,88.712226770268,0.00254929291677031,0.0101244080389309,0.00152735307205945
3460,-521.664540162426,71.1523755374472,0.00235437122081857,0.0101244080389309,0.00152735307205945
3470,-521.752489063127,71.1523755374472,0.00235437122081857,0.00757310645395235,0.00152735307205945
3480,-520.80568624321,74.8164779979377,0.00123110593671364,0.00611137629020523,0.00295971021012996
3490,-520.392470943277,80.8974048793376,0.00149606897633501,0.00611137629020523,0.00295971021012996
3500,-520.36468840678,86.425647119212,0.00126777860720019,0.00206428942623972,0.0024815872384997
3510,-520.830458154385,86.425647119212,0.00114247076426082,0.00839185027159876,0.0024815872384997
3520,-519.615474962496,91.6625744162077,0.0021650055933654,0.0316289253345117,0.00168832992021532
3530,-520.803578306735,61.1902516632878,0.00179863013219564,0.213067115371651,0.00518679977020154
3540,-518.874564228173,64.4298887643015,0.00156552581958146,0.265757822200389,0.00500905238665341
3550,-517.483932581095,71.6117899597608,0.00156552581958146,0.157135055391984,0.0037043100626257
3560,-518.049180813636,75.4427346519348,0.00175763542945847,0.290008729171272,0.00381369103792085
3570,-517.43829948006,72.9405475640133,0.00105270971766803,0.232018915680746,0.00541966749039989
3580,-517.664354639926,70.4736940661245,0.00120717400752205,0.246005487338816,0.00504858311332175
3590,-518.109662966949,81.9519578033281,0.00118199557452717,0.246005487338816,0.00504858311332175
3600,-517.230970802397,86.2738575669095,0.00102962704510003,0.180160468870865,0.00397222324212092
3610,-518.306384913814,88.4177370712614,0.00278070215044074,0.362393331810918,0.0019914673699576
3620,-518.022453099008,68.7851152868767,0.00264471348517573,0.199491513387451,0.00192356723000739
3630,-517.087904099912,74.7256525031459,0.00264471348517573,0.199491513387451,0.00192356723000739
3640,-517.101670438295,74.7256525031459,0.00264471348517573,0.203366863200944,0.00192356723000739
3650,-519.76906898926,74.7256525031459,0.00264471348517573,0.0234344331186334,0.00192356723000739
3660,-517.485537655865,71.8721050105678,0.00264471348517573,0.110081731235591,0.00192356723000739
3670,-518.05567346778,65.5733354490724,0.00244564746665756,0.107316214873158,0.00227993105404721
3680,-518.310551251493,65.5733354490724,0.00247149380767562,0.111382757592649,0.00263337460255637
3690,-520.299386722817,65.5733354490724,0.00247149380767562,0.167134467158523,0.00182437910999028
3700,-520.663663817036,61.1029915768456,0.00269935030550723,0.141132936507665,0.00182437910999028
3710,-518.864000339213,61.1029915768456,0.00269935030550723,0.141132936507665,0.0021239855492965
3720,-518.864000339213,61.1029915768456,0.00269935030550723,0.141132936507665,0.0021239855492965
3730,-520.660736310103,70.9472614466191,0.00297423144814464,0.0500130403329411,0.00223296106340454
3740,-517.97341211589,74.3766225922706,0.00263722999844794,0.0753455540874788,0.00177024868443525
3750,-517.045292236254,77.9373077679155,0.00263722999844794,0.141442036145674,0.00177024868443525
3760,-517.464874635969,77.9373077679155,0.00263722999844794,0.104027470841291,0.00177024868443525
3770,-517.716651028313,82.6069201175822,0.00318382014843001,0.331428700585724,0.00177024868443525
3780,-517.548723715757,82.6069201175822,0.00318382014843001,0.244037713585536,0.00177024868443525
3790,-517.433387692509,70.1711521939259,0.00270752654975173,0.212049378156137,0.00201874214960636
3800,-517.688873784323,69.3040982644986,0.00322990462436226,0.28268389621573,0.00201406914725258
3810,-518.252859075706,69.3040982644986,0.00322990462436226,0.143166577739818,0.00140772054508321
3820,-517.860008590503,69.3040982644986,0.00322990462436226,0.143166577739818,0.00203248091245866
3830,-517.899953110915,68.531135579558,0.00301680459816698,0.170311773304069,0.00165772356936306
3840,-519.383924555019,65.5141615286419,0.00301680459816698,0.0470162181199347,0.00165772356936306
3850,-517.567338519676,67.9824187448181,0.00231866335999689,0.147488463936704,0.00255056616287846
3860,-517.622287651669,67.9824187448181,0.00231866335999689,0.2176420824313,0.00255056616287846
3870,-517.589476047344,67.9824187448181,0.00231866335999689,0.212878670666494,0.00255056616287846
3880,-518.211013595447,82.8133959017269,0.00231866335999689,0.212878670666494,0.00255056616287846
3890,-517.264144375924,71.9104112094758,0.00231866335999689,0.208995335782235,0.00255056616287846
3900,-517.263376235712,71.9104112094758,0.00231866335999689,0.208522782313007,0.00255056616287846
3910,-518.745254732361,71.9104112094758,0.00323533368305736,0.0451380237134965,0.00141566168947408
3920,-519.89642648827,67.2429666178887,0.00550030915582049,0.0367556405608293,0.0011706017152824
3930,-520.251477842349,64.7543939045455,0.00388164983110824,0.0418523119079488,0.00172792306121477
3940,-519.770882110959,67.959751864325,0.00388164983110824,0.0172613888195091,0.00128864735748956
3950,-521.642173517302,69.5658496444512,0.00327271979462738,0.0172613888195091,0.00112769748705368
3960,-518.976635744028,64.8669491036254,0.00636819235243728,0.101680393737197,0.0011794089184794
3970,-520.865179974462,72.7166951856541,0.00636819235243728,0.101680393737197,0.00121957234018635
3980,-517.698914473682,85.9767275576092,0.00199252550265572,0.247290995879892,0.00194369339250315
3990,-517.292495532568,85.9767275576092,0.00199252550265572,0.132081217662006,0.00194369339250315
4000,-519.476476166202,109.934856380786,0.00101097084806645,0.0577701542037904,0.00218290305568434
4010,-518.284844588225,109.934856380786,0.00101097084806645,0.158945994147072,0.00293113904843588
4020,-518.620598730937,80.5825358751315,0.00207026549869545,0.16545867970784,0.00293113904843588
4030,-517.815471573806,76.6393316291997,0.00150737043948877,0.0892744660724758,0.00304205404454796
4040,-517.74989193758,86.1795810247776,0.00114209007353634,0.118181596346534,0.00304205404454796
4050,-517.87644031838,95.51078940675,0.00114209007353634,0.118181596346534,0.00304205404454796
4060,-518.65545788158,79.0306785834458,0.00162009025014921,0.0580888446962244,0.00287513274055531
4070,-519.171572256755,96.2575196530056,0.00109604376694162,0.0462890045008616,0.00276165511208037
4080,-519.312995427477,85.1102655064696,0.00254791982757861,0.027128652840093,0.00132815777405637
4090,-519.984632674154,79.9298345399501,0.00254791982757861,0.018819009824881,0.00132815777405637
4100,-519.893276441362,79.9298345399501,0.00254791982757861,0.0221945660930516,0.00132815777405637
4110,-519.132790677691,79.9298345399501,0.00181317352446868,0.0327659243774212,0.00211351749092724
4120,-518.448298274277,81.3701293379279,0.00181317352446868,0.0708170829506691,0.00197253653303167
4130,-520.0243043014,92.2094126164962,0.00119287404267965,0.0211144700207638,0.00297907847083689
4140,-519.953173540779,87.7629497292282,0.00178438632879692,0.0103098571227465,0.00200048063440367
4150,-520.972502276319,87.7629497292282,0.00188616253107757,0.0103098571227465,0.00229315003610783
4160,-519.938260056585,77.9329853805851,0.00218188557152332,0.00580350078214119,0.00189565189299877
4170,-520.930801144789,67.5450118399418,0.00223943262901363,0.00580350078214119,0.00195210114573667
4180,-520.766251289788,67.5450118399418,0.00223943262901363,0.00456270477885104,0.00247801514659967
4190,-520.186938418451,81.1971392099993,0.00134569326804828,0.0134676043945815,0.00247801514659967
4200,-519.188741495119,81.1971392099993,0.00179846194094903,0.04903597340169,0.00261860557591734
4210,-521.67377043188,106.624798956566,0.00152842808900524,0.0313504712932321,0.00223827622538847
4220,-517.929025420687,99.1159479069316,0.00168630789414481,0.11674140146688,0.00172028775515252
4230,-517.345569162674,80.0722361093103,0.00226359994519226,0.11674140146688,0.00200534375545194
4240,-518.159639150217,80.0722361093103,0.00226359994519226,0.250252073328524,0.00279381070213704
4250,-517.976486013773,92.6356532363688,0.00142096449052711,0.158469238699364,0.0030159271603756
4260,-517.986435329656,88.1849190080527,0.00108523867993097,0.106525631151544,0.0030159271603756
4270,-518.120907150699,95.8620421276719,0.00192571855383611,0.154312674597619,0.00146444085959601
4280,-518.478258453719,77.4534286874042,0.00373202970535696,0.154312674597619,0.00170797581188249
4290,-517.62386575095,101.544876327957,0.0015252495558609,0.215540395620385,0.00212447783537452
4300,-517.651940627034,95.5466823800437,0.00193514129446664,0.215540395620385,0.00212447783537452
4310,-517.309999544753,85.4447027937185,0.0020982683524605,0.239664222870307,0.00232460123961782
4320,-517.25263579345,84.3538875839211,0.00150373581264793,0.139771062108589,0.0027814712433216
4330,-518.765128665853,91.8758519103487,0.00132199198254675,0.065298065427431,0.0027814712433216
4340,-518.348003674703,83.3956665038297,0.0014620478269243,0.0698160722890794,0.0024538284917434
4350,-519.566672054581,83.3956665038297,0.0014620478269243,0.0698160722890794,0.00348251898790292
4360,-518.771535527106,75.609755469333,0.00159735381288079,0.0492826847596126,0.002960379298165
4370,-518.053817439484,75.609755469333,0.00164394118057069,0.0804821487594801,0.002960379298165
4380,-517.722196451273,75.609755469333,0.0017097474645822,0.102504961333425,0.002960379298165
4390,-518.930916396572,72.1032669189941,0.00172204643662648,0.358368558108404,0.00334468496052021
4400,-518.684199031408,81.151252662077,0.00172204643662648,0.368390589932499,0.00381443597825744
4410,-517.644435633987,71.4015873405025,0.00155738202079532,0.269138327441037,0.00392492795834058
4420,-518.265442403396,72.4495962462141,0.00155738202079532,0.269138327441037,0.00458645676703742
4430,-519.761177766308,89.1070383519834,0.00186064112863776,0.269138327441037,0.00338093559410538
4440,-518.593219473148,104.678027407965,0.00133748626670761,0.0980875854046722,0.00225101370279793
4450,-518.846100057133,65.5260582969003,0.00254398782211015,0.0670029588375454,0.00204271572490599
4460,-517.660456277603,66.2487731648971,0.00374084569824119,0.148485913881527,0.00173187900385141
4470,-519.175693042855,66.2487731648971,0.00374084569824119,0.148485913881527,0.00123772686160022
4480,-517.297713466793,87.7937708388702,0.00292419158772126,0.148485913881527,0.00123772686160022
4490,-517.901247534657,87.7937708388702,0.00372794744520773,0.0892702709712358,0.00108932456884033
4500,-518.620951711209,87.7937708388702,0.0013661405095336,0.0623825109960234,0.00282047913378437
4510,-519.42552694473,97.3129079881694,0.0014340345526866,0.0368019375076258,0.00197433254227949
4520,-519.181782109116,103.433722504368,0.0014340345526866,0.0545505110814067,0.00182470097364898
4530,-519.651267180506,120.175220536067,0.00109576235682801,0.436506944367146,0.00287029146137746
4540,-519.193373576763,103.78203776524,0.0013314274907076,0.436506944367146,0.00287029146137746
4550,-519.144769271345,103.78203776524,0.00132853196587442,0.105753155471926,0.00262833738271885
4560,-518.427494756293,107.164451961683,0.00164557563322882,0.256966769268002,0.00159614018198861
4570,-518.633469926233,80.4745841219232,0.0025754591759416,0.0460987747588924,0.00159253642133003
4580,-517.938377311067,80.4745841219232,0.00271415248938152,0.0764908577873759,0.00159253642133003
4590,-518.628716578762,80.4745841219232,0.00334576874663582,0.420865133412738,0.00187182498992778
4600,-517.716907570312,98.4846320625696,0.00202585235849738,0.231393302188892,0.00155446215314344
4610,-518.104084174222,98.4846320625696,0.00172738334619909,0.128283059933058,0.00156796864008818
4620,-518.605123029961,98.146391639343,0.00172738334619909,0.246907191348377,0.00266019880067922
4630,-517.784156047846,91.9045854459168,0.00210015353616682,0.118312865272666,0.00184332531031057
4640,-518.484651100178,76.0033189503077,0.00139349931494091,0.0585774550191508,0.00316634917127704
4650,-517.359313205627,75.0249921359789,0.00139349931494091,0.166725952914402,0.00336622900230557
4660,-518.1959623775,64.9034522251033,0.00203495926632239,0.151685124100894,0.00334248937707819
4670,-520.036592438602,67.4045860012239,0.00160885222279748,0.0280799875591598,0.00287609330112429
4680,-517.624672528176,79.1045472238471,0.00153369137902407,0.147244961494609,0.00344946664788822
4690,-518.475075761326,62.4385197952546,0.00153369137902407,0.147244961494609,0.0043159525180613
4700,-517.246173060176,74.2248179146332,0.00203358930488048,0.146297367300334,0.0024705804261936
4710,-517.640744637587,74.2248179146332,0.00203358930488048,0.146297367300334,0.00285596280553829
4720,-517.264379420636,84.2651827930624,0.00138961087452023,0.146297367300334,0.00285596280553829
4730,-519.239920306638,111.441597432516,0.0020491250858567,0.0627374094704146,0.00111950127856456
4740,-519.930377355637,111.441597432516,0.0020491250858567,0.0389086682814,0.00120641976162518
4750,-520.5507025793,104.70799746017,0.00252017923509107,0.0707374638456159,0.0014582817337653
4760,-520.45366191478,102.313765629307,0.0016764542924674,0.00822844134479668,0.00147934035401858
4770,-520.540884107187,106.814720232159,0.0016764542924674,0.0109327193609231,0.00150426281576672
4780,-520.477017095247,101.603364893177,0.00186201183261688,0.00767727086439535,0.00150426281576672
4790,-520.675774286838,74.1400576430998,0.00308981736905403,0.00400842878613588,0.00170469076168954
4800,-519.981175310811,76.0468278956162,0.00308981736905403,0.00433692379304863,0.00144834409361788
4810,-521.669735185662,76.0468278956162,0.00400689900522634,0.00433692379304863,0.00144004925325721
4820,-520.149877548162,78.0521795113987,0.0031065488133364,0.00207372108474903,0.00144004925325721
4830,-519.526315899183,68.8749043059892,0.00412442276619387,0.021949997884263,0.00125082002989482
4840,-520.434669492775,65.1856741951373,0.00480081584281302,0.0101305126303883,0.0012240848749614
4850,-520.370987161413,66.1081635578764,0.00424795219005764,0.00631504332726662,0.00128494289653285
4860,-522.178351950289,63.0632974052913,0.00539107285339305,0.00631504332726662,0.00132421360649929
4870,-520.766058599064,63.0632974052913,0.00422283923205617,0.00631504332726662,0.00132421360649929
4880,-520.685830262576,79.7599967499767,0.00215482658080041,0.0121496389842936,0.00229884599874516
4890,-521.131645240327,81.2966136210055,0.00215418474171362,0.00334508614900772,0.00225559564612811
4900,-520.750439876009,76.5619264869454,0.00155530065346999,0.00498340723954309,0.00225559564612811
4910,-520.131487999901,88.4838020366806,0.00131049054118816,0.00597801968706081,0.00248597046892141
4920,-519.440497167004,87.3797431075634,0.00129610794288837,0.0289143436892087,0.00250991507684749
4930,-519.440497167004,87.3797431075634,0.00129610794288837,0.0289143436892087,0.00250991507684749
4940,-520.988599899645,79.1176037150116,0.00278137169411823,0.00186557446916069,0.00115301032705223
4950,-520.206834013708,71.8194768892751,0.00278137169411823,0.00186557446916069,0.00168841615856951
4960,-521.135821234438,76.314353332778,0.00217791077892841,0.00236902036141142,0.00155149553836835
4970,-522.189234874885,79.0595850780069,0.0018827972532528,0.00293838088690693,0.00155149553836835
4980,-520.072815304864,81.0958675351081,0.00269793160072729,0.00293838088690693,0.00153209425457947
4990,-519.997468921664,81.0958675351081,0.00269793160072729,0.00239277134141866,0.00146335474589615
5000,-520.705456591221,70.7045272529277,0.00383059338265596,0.00370922648980215,0.00146335474589615
5010,-519.95166124126,77.0195178487304,0.00383059338265596,0.0010063660194009,0.00112759716107138
5020,-520.255218747891,77.0195178487304,0.00383059338265596,0.00328822342894031,0.00125404012712844
5030,-521.05659574751,113.321823499683,0.00130559841531857,0.00172002511066147,0.00167986494173109
5040,-520.415627398771,95.7171828864705,0.00151207230172802,0.00193381722877045,0.00194347618014157
5050,-522.657551558748,86.2382424379059,0.00261937635445614,0.00232950633027265,0.00194347618014157
5060,-521.106995498814,102.982447635264,0.00154160100163238,0.0017393058523385,0.00194347618014157
5070,-520.90387597011,104.415978355571,0.00153926117751189,0.00353755218166618,0.00143435628980435
5080,-520.389043638206,83.9872114380156,0.00261766604202326,0.00495568125270701,0.00162052565588574
5090,-520.041619837919,87.241425199259,0.00196451906259216,0.00778609278781955,0.00162052565588574
5100,-519.225448195052,73.3778125101788,0.00352660851194819,0.0260349276419689,0.00123684370728637
5110,-520.249649800979,85.0731611545079,0.00372562157406504,0.0247109324984397,0.00123684370728637
5120,-518.758269530218,85.0731611545079,0.0031467382865458,0.149534273359671,0.00177080882324527
5130,-520.124767742317,96.2063046149973,0.00130400457036446,0.0138237550242026,0.00210566118675549
5140,-519.974345806977,87.3297212847953,0.00216416482328704,0.00651918354646728,0.00157005703292448
5150,-517.498942179498,70.8167996703968,0.00394828677524098,0.100391409798545,0.00134588500475169
5160,-516.783653083107,74.9717869106776,0.00569676004022631,0.222073471892297,0.00101795525054304
5170,-517.321377878275,73.6743530782385,0.00560924802210565,0.217112357623513,0.00117375897836766
5180,-517.516521087666,71.4758847472099,0.00427442374781234,0.217112357623513,0.00117375897836766
5190,-517.174279578494,71.4758847472099,0.00490344378297554,0.175840861360996,0.00100910852148184
5200,-516.948946315783,67.7474668100119,0.00590634030087784,0.175840861360996,0.00100910852148184
5210,-516.733649329781,72.9327297395887,0.00547321781063709,0.175840861360996,0.00100910852148184
5220,-516.733649329781,72.9327297395887,0.00547321781063709,0.175840861360996,0.00100910852148184
5230,-518.630061018109,79.9013786149641,0.00551233249941876,0.164168904646881,0.00116413081680771
5240,-517.280818033629,74.5863681739677,0.00549901419281988,0.177236087031743,0.00113081512568167
5250,-517.818708385371,71.1083982618199,0.00541750718595954,0.328982615356299,0.00113081512568167
5260,-517.666946668063,78.4428833171743,0.00593082404077307,0.261637259109844,0.00110350044405799
5270,-518.844761002095,72.850621484875,0.00360026945256425,0.380038662866323,0.00162317865260827
5280,-518.762077207165,72.850621484875,0.00360026945256425,0.380038662866323,0.00209233788679338
5290,-517.539141447504,84.7975668538378,0.00276307425399154,0.260586902957185,0.00148777359161313
5300,-517.603888719673,80.2889368558456,0.00276307425399154,0.215294187497292,0.00210063512226887
5310,-517.448175835843,80.0372453995026,0.00173745912090035,0.285468936260959,0.00313530037344165
5320,-518.415550843719,91.4824216314788,0.00120594006630235,0.279543861983138,0.00434777022468158
5330,-518.71647067152,116.875333399005,0.00108974029129879,0.159575936385794,0.00253933069799607
5340,-519.363787578978,116.875333399005,0.00139366437203237,0.357621921847649,0.00253933069799607
5350,-519.276966091475,152.358181573497,0.00101166258289992,0.276182485989163,0.00159209994407714
5360,-518.805458680519,131.098073363083,0.00129214235946056,0.165745594984254,0.00159209994407714
5370,-518.942872450078,131.098073363083,0.00109555473929904,0.306504437368292,0.0021559605613282
5380,-518.761502174544,114.902935581934,0.00155386653740741,0.306504437368292,0.0021559605613282
5390,-518.694332566371,125.278372603013,0.0010968929606714,0.219096588287004,0.00227951368479352
5400,-518.821837763711,125.278372603013,0.0010968929606714,0.245041052096895,0.00239429129822954
5410,-518.558011311636,125.278372603013,0.0010968929606714,0.245041052096895,0.00219773003631409
5420,-518.52223839251,107.028653205428,0.00114536258795494,0.264178226966048,0.00230058783107621
5430,-518.108917244095,107.028653205428,0.00124516440508852,0.264178226966048,0.00230058783107621
5440,-518.085942724454,103.746009470206,0.00124516440508852,0.264178226966048,0.00298754177933022
5450,-517.839252491229,103.746009470206,0.00180072542989315,0.212164729929569,0.00157715332874427
5460,-518.32296886831,110.183112056318,0.00197488433896388,0.171818065515353,0.00157715332874427
5470,-523.748481648204,110.183112056318,0.00223722950321789,0.083572417718427,0.00194336719500364
5480,-518.780301787497,104.523968366577,0.00182316176758789,0.0830858159851331,0.00162846080608469
5490,-519.034946643326,128.384058884071,0.00210860253254859,0.267610691475969,0.00125180214792513
5500,-519.065977435997,128.678307398769,0.00210860253254859,0.267610691475969,0.00125180214792513
5510,-520.631175853486,133.745444248426,0.00131906647358358,0.267610691475969,0.00114696560533657
5520,-518.977608166391,133.745444248426,0.00135361009739244,0.205671123866243,0.00162830348800056
5530,-518.689871932514,133.745444248426,0.00158619290911293,0.205671123866243,0.0012478296857734
5540,-517.501987734974,91.9138465201195,0.00336388513022573,0.231077989781715,0.00135090628814534
5550,-518.586723107206,94.3188246694512,0.00141885499618219,0.325008125129076,0.00244495754389442
5560,-518.157067731891,94.3188246694512,0.00140963833003136,0.120147347412648,0.00276948931770326
5570,-518.344941677581,84.749022378229,0.00140963833003136,0.384295703708994,0.00384214150371513
5580,-518.422198501955,88.7846329225606,0.00174185239745091,0.121940148976633,0.00267281816153685
5590,-520.10038365765,68.5638317797185,0.00226345134535923,0.0365333185727296,0.00186140478983512
5600,-522.757927652501,70.2049400239691,0.00304862113820162,0.027107107702481,0.00237339701753419
5610,-518.212936526899,70.2049400239691,0.00336266245946095,0.0948125822704014,0.0018037043732561
5620,-518.05928291278,70.2049400239691,0.00336266245946095,0.0948125822704014,0.0017596143709902
5630,-519.675266921404,85.1257064684083,0.00338233993223258,0.0199830603097547,0.00120779655085159
5640,-517.704571453839,68.1815338712819,0.00460632527674774,0.192295714470863,0.00112347710232636
5650,-516.985476775155,76.8501690713219,0.00460632527674774,0.136850896502352,0.00112347710232636
5660,-517.863852668045,73.0765306534682,0.00460632527674774,0.322055515949665,0.00122728753100576
5670,-518.045295125759,107.011117437716,0.00222953169575989,0.298692476879557,0.00151854105294266
5680,-518.375492187286,61.7717946453456,0.00374502549129676,0.219243536347069,0.00199025613100096
5690,-519.789177197433,58.8838188210854,0.00546781314118972,0.305420077346291,0.00164782910330813
5700,-517.216901134797,67.0470547845123,0.00546781314118972,0.154959505156759,0.00101959705837651
5710,-517.043658907104,76.0553180806751,0.00546781314118972,0.150192349225774,0.00101959705837651
5720,-516.865177301863,76.0553180806751,0.00575868322290195,0.217978901043209,0.00101959705837651
5730,-516.917834747236,76.0553180806751,0.00575868322290195,0.207636566029958,0.00102886230732396
5740,-518.231595717947,74.929614684116,0.00575868322290195,0.286619182810313,0.00129292938518287
5750,-517.76007801496,82.6432614204942,0.00489608543853786,0.286619182810313,0.00124398056436678
5760,-517.402890674809,82.6432614204942,0.00363980142677368,0.286619182810313,0.00124398056436678
5770,-518.817068972748,92.9419320903066,0.0039014568581879,0.176639088766126,0.00128568792031902
5780,-517.907036626185,77.4404650719433,0.0049159937959366,0.176639088766126,0.00128568792031902
5790,-516.996078477001,76.9227606272354,0.0049159937959366,0.176639088766126,0.00114081354726628
5800,-517.268687659769,76.2738531965741,0.0049159937959366,0.166967069443647,0.00119531587035635
5810,-516.868641980502,79.7393225805474,0.00435769062882456,0.210527173939213,0.00119531587035635
5820,-516.814618667381,79.7393225805474,0.00435769062882456,0.210527173939213,0.00116195692694844
5830,-516.814618667381,79.7393225805474,0.00435769062882456,0.210527173939213,0.00116195692694844
5840,-517.734880518813,84.3985242715913,0.00372869835937246,0.348621293497382,0.00136468323358608
5850,-517.738141090906,84.3985242715913,0.00367367425074865,0.348621293497382,0.00142681127026598
5860,-518.128437766786,103.638350238288,0.00169228133155642,0.134989286764071,0.00150587338991761
5870,-517.843369051124,103.638350238288,0.00120500776777279,0.165733117668199,0.00233845121041216
5880,-520.273694720649,113.395136773512,0.00229340392288509,0.0365860885133932,0.00110895582895313
5890,-519.89247731574,95.4728655921639,0.00247017950094742,0.0173843278916469,0.0012702606843682
5900,-520.47276206348,92.4502811086978,0.00247017950094742,0.0173843278916469,0.00104029270436814
5910,-519.789220886022,116.060402432673,0.00184082905242395,0.0561953565638871,0.00104029270436814
5920,-518.756137968881,78.5660480319308,0.00163959559188368,0.0465489234410741,0.00244701050855866
5930,-519.140732699997,74.0607827101669,0.00163959559188368,0.0382082857904095,0.00296421250809988
5940,-517.874291463018,68.5392433654355,0.00174261657458382,0.151543284357003,0.00366413797169058
5950,-518.377947301925,114.220253630664,0.00100887680086832,0.179869938774742,0.00223040665542661
5960,-519.064345609907,97.491625299383,0.00119792596957222,0.43982409637402,0.00375616113533754
5970,-518.935158042961,97.491625299383,0.00119792596957222,0.426077467732085,0.00375616113533754
5980,-517.864368100526,90.8838788410713,0.00167429711835454,0.225297861612983,0.00285616048925884
5990,-517.251374115811,77.4731381868972,0.00167429711835454,0.215017634543674,0.00285616048925884
6000,-517.220202850253,77.4731381868972,0.00167429711835454,0.148249257083858,0.00285616048925884
6010,-520.445096685952,80.5025465145037,0.00167874139023754,0.0978223201207957,0.0037218915745618
6020,-519.510650284902,80.5025465145037,0.00100565303157067,0.268623843489057,0.0037218915745618
6030,-517.801344070497,80.5025465145037,0.00100565303157067,0.115464332916707,0.00378305679224903
6040,-517.751532899527,70.2064107026105,0.00148392366800002,0.115464332916707,0.00378305679224903
6050,-519.106449828034,62.7473932756744,0.00140466467218002,0.13968810553473,0.00378305679224903
6060,-520.449496896458,69.9749694343475,0.00116760637077989,0.163944591268912,0.00696329233235801
6070,-519.605621308394,69.9749694343475,0.00116760637077989,0.0944564340849136,0.00582123172327285
6080,-519.352068741706,64.5751101325077,0.00118708758210046,0.0944564340849136,0.00582123172327285
6090,-519.050402484175,62.3631479534913,0.00118708758210046,0.113284474971209,0.00585429018058307
6100,-521.154229285736,68.3740637203451,0.00138925077141769,0.117502261458127,0.00585429018058307
6110,-519.372899652492,68.3740637203451,0.00100337885089832,0.0573322228571098,0.0044988594421211
6120,-518.842661315658,62.4376491655414,0.00166815652321092,0.0942364748951849,0.00354094157623845
6130,-518.254530448862,80.7671172048481,0.00211894990619167,0.100717677044697,0.00166254958922487
6140,-519.13387348193,88.967736932025,0.00319110603373051,0.11652066241187,0.00157851699629678
6150,-517.453298913698,88.967736932025,0.00319110603373051,0.11652066241187,0.00109342564659502
6160,-518.429234313078,61.1860544369147,0.00601179655950891,0.245685111009229,0.00134788082282975
6170,-519.728923672665,125.081011664446,0.00143743055072121,0.153282292444704,0.00188284993846102
6180,-520.184092327838,125.081011664446,0.00143743055072121,0.12479236896402,0.00188284993846102
6190,-518.318075153462,101.383405532942,0.00159893894805042,0.0951029181776739,0.00170721532726761
6200,-518.937255101376,101.796255257214,0.00161570642546244,0.0618561475837169,0.00170721532726761
6210,-518.069420510674,113.84224553015,0.00154667121149783,0.186477975017463,0.00163230380051534
6220,-518.893888902692,133.644421493625,0.00167781813555166,0.289352288341971,0.0013409422366693
6230,-519.336095977568,133.644421493625,0.00107609079133447,0.227776952805472,0.00224406032738147
6240,-517.933898251545,106.447070736632,0.00126401503696078,0.231423223174885,0.00224406032738147
6250,-518.327335451571,106.447070736632,0.0014866868453311,0.231423223174885,0.00244001874371848
6260,-518.369711541195,115.963240105632,0.00119419223603141,0.239455293648155,0.00244001874371848
6270,-517.202571060696,89.6871895880301,0.00191290025937839,0.191368961649995,0.00204421153021492
6280,-517.472059192137,89.6871895880301,0.00191290025937839,0.143968146494828,0.00177604315294891
6290,-517.348443332434,80.2849134028212,0.00259231561021592,0.191917129764228,0.00159718767426423
6300,-517.865224952984,69.3642604730894,0.00447287565917865,0.191917129764228,0.00159718767426423
6310,-517.86080227312,69.3642604730894,0.00447287565917865,0.165305058001026,0.00154958494145237
6320,-517.823545174323,69.3642604730894,0.00447287565917865,0.114399951664747,0.00104219861771981
6330,-517.826665456467,71.9328171920361,0.00650563272440942,0.14956456623891,0.00104219861771981
6340,-517.758204316007,74.3811325518726,0.00403912633210466,0.197370491379914,0.00109076814549931
6350,-518.069791705763,74.3811325518726,0.00403912633210466,0.220595127863664,0.00109076814549931
6360,-517.723350241069,75.2531656059079,0.00402604245757044,0.0812229946340633,0.00109076814549931
6370,-518.596788138038,68.4998354552375,0.00405088040843679,0.0812483936070584,0.00155677766667282
6380,-518.519964576351,68.4998354552375,0.00329453345470866,0.238546662994888,0.00155677766667282
6390,-517.852393572501,69.2848488506082,0.00362283855801161,0.0857118733849872,0.00141412639072135
6400,-518.915266144012,66.4121345833705,0.00458207211471783,0.0699619027243537,0.00141412639072135
6410,-517.3478322797,66.4121345833705,0.00458207211471783,0.172001477028037,0.00140810591151968
6420,-518.257186229792,66.4121345833705,0.00458207211471783,0.107453745337605,0.00147044961007914
6430,-518.129412053038,80.2121686655112,0.00389005284773181,0.119875734334001,0.00141912466919204
6440,-517.335287146366,78.2054911169812,0.0045318679878053,0.0971488101279796,0.00102328294444529
6450,-519.184268340695,106.715616243265,0.00226177421562806,0.0620030443339981,0.00102328294444529
6460,-523.551632690738,112.09915698051,0.00192458185653954,0.0934447440490059,0.00219506132996501
6470,-517.602281572085,100.010311618371,0.00192458185653954,0.180924448077528,0.00158762266532239
6480,-518.144551774518,100.010311618371,0.00192458185653954,0.0997457957283392,0.00156892030938316
6490,-518.344061611304,72.8006988195982,0.00204477282548993,0.131436756564169,0.00312490708165539
6500,-520.260660213574,55.9415022983596,0.00570328178606036,0.137725180031358,0.0010591246787702
6510,-517.128138229899,67.3254849748356,0.00584200198993769,0.137725180031358,0.0010591246787702
6520,-518.39081925433,60.1151301098285,0.00584200198993769,0.137725180031358,0.00102458184054349
6530,-518.902555839929,67.3786561244559,0.00629659138841507,0.0607806616604783,0.00102458184054349
6540,-520.54753568512,75.1874779744699,0.00671418529821973,0.0713916246676408,0.00102458184054349
6550,-520.542390825519,66.664038643438,0.00671418529821973,0.0311704870287902,0.00102458184054349
6560,-520.657828023417,58.1680899970623,0.00671418529821973,0.0311704870287902,0.00102458184054349
6570,-519.900533052775,64.6493311119337,0.00671418529821973,0.0698715653661237,0.00112265035335341
6580,-521.156399662597,54.8127958916527,0.00515902215664334,0.202848999719474,0.00127184556978882
6590,-519.235064515159,58.2588300029036,0.00515902215664334,0.202848999719474,0.00127184556978882
6600,-519.119223165684,58.2588300029036,0.00515902215664334,0.107806300633231,0.00142323005663232
6610,-518.31088024599,63.9272672840882,0.00515902215664334,0.107806300633231,0.00134644007928222
6620,-519.437566675042,55.6005060848141,0.00567089269440622,0.180385460732216,0.00134644007928222
6630,-518.641108198962,60.4534909126728,0.00597363392617916,0.163571319027644,0.00134644007928222
6640,-517.33913871178,77.7378924047426,0.003358279524715,0.157677728582091,0.00125159050660931
6650,-517.063707071323,83.5112464951276,0.00398259729467808,0.157677728582091,0.00117025820354134
6660,-517.713778485525,83.5112464951276,0.00267939211089523,0.18403955960553,0.00199938686225381
6670,-517.333050356125,83.5112464951276,0.0034724727519165,0.290613849631752,0.00133090059777619
6680,-517.552438023273,80.3031349929794,0.00339338968384029,0.276860754601317,0.00133090059777619
6690,-518.079937216879,98.6899109875746,0.00339338968384029,0.226767729752331,0.0012598413375783
6700,-518.532548190506,101.257982563653,0.00234641069345079,0.297775328546012,0.0012598413375783
6710,-519.678056709108,100.25186660592,0.00376109364405458,0.513790335117623,0.00123144498153021
6720,-519.331700503874,104.585508949128,0.00224341440998563,0.391450036487833,0.0013870314885963
6730,-518.690305808209,93.7422001459144,0.00380098885928985,0.391450036487833,0.00103079811695588
6740,-518.963516192322,93.7422001459144,0.00380098885928985,0.391450036487833,0.00146068835355851
6750,-519.696471006171,93.7422001459144,0.00414334187443353,0.433133216492886,0.00146068835355851
6760,-518.814111280688,90.2190069003485,0.00397818076488335,0.402052694391756,0.00146068835355851
6770,-519.292397424702,90.2190069003485,0.00303116448873376,0.402052694391756,0.00202319983458511
6780,-520.717067756994,77.1720251151159,0.00322315534983066,0.412163890111489,0.00145521848882089
6790,-518.539793040543,77.1720251151159,0.00615177344017928,0.339839724930304,0.00121822037031442
6800,-517.762090591473,77.1720251151159,0.00615177344017928,0.339839724930304,0.00109398736060149
6810,-518.867947120078,60.4043334563564,0.00447056697203809,0.0856042701738464,0.00142741506890256
6820,-517.188472233288,78.4738910408896,0.00134363262398641,0.202056040264038,0.00351556605432374
6830,-517.870871134154,90.3173380331929,0.00134363262398641,0.202056040264038,0.00351556605432374
6840,-517.169985444039,82.2760545034339,0.0011865918352204,0.202056040264038,0.0037631207472005
6850,-517.274058434572,80.4284062530619,0.00172372293910779,0.129526188643429,0.00261419868262305
6860,-519.037103077207,77.3167458771448,0.00204968676551293,0.0379091321635626,0.00192099495702481
6870,-520.217104050025,79.9222750430491,0.0018228516401615,0.0150638153504381,0.00184364705355827
6880,-520.45884567484,97.8366537459787,0.00116867398851262,0.00483310658738174,0.00229862517514365
6890,-520.147713215005,83.8959952818051,0.00147224384731713,0.00483310658738174,0.00229862517514365
6900,-520.38683991121,76.3928984651728,0.00208301844157671,0.00419043141694168,0.00229862517514365
6910,-520.294357732837,86.7204301921206,0.0017363443991098,0.00258365337070801,0.00180233790757921
6920,-520.145703793372,86.7204301921206,0.0017363443991098,0.00353558185814406,0.0020620728236596
6930,-520.688785816158,74.0902468545061,0.00161922034623107,0.00353558185814406,0.00315431259269812
6940,-521.701019863843,62.7341016866137,0.00157500543410477,0.00192158448543569,0.00315431259269812
6950,-520.799659570686,65.1937292334013,0.0015297124487656,0.0114787561497487,0.0031949022962978
6960,-519.070062409541,65.1937292334013,0.0014966858102406,0.0634509579817408,0.00375382368455955
6970,-518.606869984111,68.4200025707859,0.00150875586811019,0.0757399196912014,0.00379494739482053
6980,-518.711185449985,66.0668378417719,0.00150875586811019,0.0757399196912014,0.00379494739482053
6990,-518.711185449985,66.0668378417719,0.00150875586811019,0.0757399196912014,0.00379494739482053
7000,-520.582800418486,66.9959084213317,0.00105433865533247,0.0207402813647473,0.00428553808987304
