iteration	likelihood	noise_sigma_SSL_surf_IFN1_data0	upfactor	s1	s2	sf
2000	-1614.45477417391	999.943982940595	0.00147261729359352	0.257087702887566	1.02385883192985	5.53456149845904
2010	-1614.68695902528	999.839193857981	0.00147261729359352	0.257087702887566	1.02037167422239	5.48144703017076
2020	-1615.20398788216	999.839193857981	0.00149102647860099	0.252967643152089	1.02319241452857	5.48144703017076
2030	-1615.06855711299	999.839193857981	0.00146630991227452	0.252967643152089	1.03488841664762	5.54234445914825
2040	-1615.25140990048	999.839193857981	0.00146630991227452	0.252967643152089	1.04280287876226	5.54001637782272
2050	-1615.24300687216	999.839193857981	0.00146630991227452	0.252874814703737	1.04110879129778	5.54001637782272
2060	-1614.28601868209	999.839193857981	0.00149356360764267	0.256879163828985	1.04110879129778	5.46281873841309
2070	-1614.1598431395	999.839193857981	0.00149356360764267	0.256879163828985	1.04110879129778	5.43272179597973
2080	-1614.15784692278	999.839193857981	0.00149356360764267	0.256879163828985	1.03820416694421	5.4303885865821
2090	-1614.17743608057	999.839193857981	0.00149356360764267	0.256879163828985	1.03820416694421	5.42748540171014
2100	-1614.90250297256	999.839193857981	0.00150009938012029	0.253446814082044	1.00122397324102	5.42748540171014
2110	-1615.76460412877	999.839193857981	0.00152346203899744	0.247494714748106	1.00769545762321	5.38690155355276
2120	-1615.66414934177	999.839193857981	0.00152346203899744	0.247494714748106	0.984867198654473	5.38690155355276
2130	-1615.7920464974	999.839193857981	0.00152759510524361	0.245845320695457	0.984867198654473	5.39979405360161
2140	-1616.85356486199	999.839193857981	0.00154255790956985	0.240714891871472	0.95000823710052	5.33181298794247
2150	-1618.04957134647	999.474002646554	0.00154255790956985	0.240637457438029	0.94044682760225	5.31153164510929
2160	-1620.59439047041	999.474002646554	0.00154255790956985	0.240637457438029	0.94473202342969	5.25521961931868
2170	-1622.25162101771	999.52952019703	0.00156080181269756	0.247478008620349	1.14362685748276	5.40095289621534
2180	-1619.90733576814	999.52952019703	0.00157574662705992	0.244708600500052	1.14362685748276	5.29388565815228
2190	-1618.96040376707	999.52952019703	0.00155995014170324	0.249591050735998	1.14362685748276	5.29388565815228
2200	-1619.32708209252	999.368311706348	0.0015634655806929	0.249591050735998	1.14448104733871	5.28954432146166
2210	-1618.0902349264	999.368311706348	0.00156783170282642	0.249591050735998	1.10380895111478	5.28954432146166
2220	-1616.9346786526	999.368311706348	0.00156043747615975	0.247762231472622	1.05567716386515	5.3288348094805
2230	-1618.36117297746	998.931183326971	0.00155141570503992	0.246400109057262	1.0296424337822	5.3288348094805
2240	-1618.46310605032	998.931183326971	0.00155141570503992	0.244561953976292	1.00270746238318	5.35237413413446
2250	-1617.09357507914	998.931183326971	0.00155509699588569	0.250445676190562	0.984676741181203	5.28869645847052
2260	-1616.98113301612	998.931183326971	0.00154741452506463	0.251033584076612	1.01687529394914	5.24838771011442
2270	-1616.38787000853	998.931183326971	0.00154741452506463	0.251033584076612	1.00408300410924	5.28165865220427
2280	-1619.45843973548	998.931183326971	0.00153684526573598	0.242518388676161	0.973303323155876	5.31185877316056
2290	-1617.93582357751	998.931183326971	0.00153684526573598	0.244762002616261	0.980694777194737	5.34981439502485
2300	-1620.51908301263	998.931183326971	0.00155233851882139	0.245981512973482	1.00157886274337	5.38753563398375
2310	-1616.18446296736	999.78097136044	0.00153018386066901	0.252074943235976	0.983190453170451	5.38753563398375
2320	-1615.88894305414	999.78097136044	0.00150984341505284	0.246677132161279	1.01756212017287	5.47309008667329
2330	-1615.82232879363	999.868830601235	0.00150564885476263	0.247279801429107	0.955956125930999	5.43658442734011
2340	-1615.32978645575	999.868830601235	0.00150061228641626	0.249203763251494	0.955956125930999	5.43658442734011
2350	-1616.90719766605	999.868830601235	0.00149627137787035	0.245239815367129	0.955956125930999	5.43658442734011
2360	-1616.45298081153	999.868830601235	0.00149459181159577	0.247989806598873	1.03780244326997	5.54386451115354
2370	-1616.04274910819	999.868830601235	0.00149054683096515	0.245668150644287	1.0293901062005	5.54386451115354
2380	-1616.48250301838	999.868830601235	0.00148912507648405	0.248375156729854	1.06316693655741	5.54386451115354
2390	-1620.07200929247	999.21730124156	0.00147782849673981	0.250351950604373	1.01889152885324	5.43518817586962
2400	-1618.50581156873	999.21730124156	0.00147782849673981	0.250351950604373	1.07761381732294	5.52637228504237
2410	-1617.23582682216	999.21730124156	0.00148388739618889	0.256443941285177	1.04527471137329	5.51828921902361
2420	-1617.14105877237	999.102713914982	0.00146374512835042	0.25426670342016	1.04630600391602	5.54901982768767
2430	-1617.21646866183	999.102713914982	0.00146374512835042	0.25426670342016	1.0436539510556	5.60972374205607
2440	-1617.64488073081	998.733727011261	0.00145694109315336	0.255193929791381	1.04295696151058	5.61601997155643
2450	-1618.51540827273	998.733727011261	0.00145416126852943	0.248721199917811	1.02202730396228	5.61601997155643
2460	-1618.16750713017	998.858911384184	0.00145459300926798	0.248721199917811	1.03541707276185	5.62529059849828
2470	-1617.1734589151	998.858911384184	0.00143233720536587	0.252243052348008	1.02123307556858	5.70425870372995
2480	-1617.90829725395	998.858911384184	0.00143233720536587	0.250469456559472	1.03758046288514	5.7257648703426
2490	-1619.32677419578	998.858911384184	0.00141146171672502	0.246819456951068	1.04103399546617	5.81089378925506
2500	-1618.28498164715	998.858911384184	0.00140664825528874	0.248028268611594	1.00963214425196	5.81089378925506
2510	-1618.60378893868	998.858911384184	0.00141349700835779	0.256535643457144	1.02042015963594	5.80062511654061
2520	-1617.97472807474	998.858911384184	0.00140794458433859	0.255939995680706	1.0061919297066	5.79690959327645
2530	-1618.56414256821	998.858911384184	0.00141221672574053	0.254250943816848	0.99980786837388	5.79058060871506
2540	-1618.42028509319	998.858911384184	0.00141479470307879	0.248079784861453	0.99980786837388	5.79852904666492
2550	-1616.38177177994	999.598674599003	0.0014129784603439	0.249592722243667	0.984643378950111	5.76570391858219
2560	-1616.38860347061	999.598674599003	0.00141838150756434	0.253550962092167	1.06711453199643	5.7457447093282
2570	-1616.15553905869	999.598674599003	0.00141838150756434	0.263436046218757	1.1033318815305	5.71924772909258
2580	-1616.24379599919	999.598674599003	0.00141388610824311	0.263050127338125	1.1033318815305	5.71924772909258
2590	-1616.62777673119	999.598674599003	0.00142210963134815	0.263419136844343	1.07919823261956	5.71924772909258
2600	-1616.62777673119	999.598674599003	0.00142210963134815	0.263419136844343	1.07919823261956	5.71924772909258
2610	-1616.07380599823	999.598674599003	0.00142210963134815	0.26456126541488	1.09423486843293	5.68706069191234
2620	-1617.27202661349	999.244041724117	0.00140199076674533	0.263250711294408	1.00269153453673	5.71740521060635
2630	-1617.54290489814	999.244041724117	0.00139665578855739	0.268889851079888	1.03551465427082	5.71740521060635
2640	-1617.61755762799	999.244041724117	0.00139351967624192	0.268889851079888	1.03551465427082	5.71740521060635
2650	-1616.87455121714	999.244041724117	0.00139351967624192	0.2559749221328	1.03369977705969	5.86849018303126
2660	-1616.75414774087	999.244041724117	0.00140211785591642	0.2559749221328	1.04070758051306	5.80774089953448
2670	-1617.13774254297	999.244041724117	0.00140852618980078	0.254703932748973	1.0386535467992	5.82275164767384
2680	-1616.9221419514	999.244041724117	0.0014094802172225	0.2557528534998	1.04689632377318	5.8018876269054
2690	-1616.64422134529	999.244041724117	0.00141861342941062	0.262555113798382	1.03410152004121	5.67247176278095
2700	-1618.75626950393	998.286529663564	0.00141861342941062	0.262555113798382	1.03410152004121	5.67247176278095
2710	-1619.0383990597	998.286529663564	0.0014172576172966	0.256227624379504	1.01049729016069	5.70336082464387
2720	-1618.24423616418	998.752067718131	0.00140836728411414	0.26091201772037	0.992988836353219	5.70336082464387
2730	-1617.42761041858	999.506999210464	0.00142647425081056	0.256039606341037	0.972252103160488	5.71527752585467
2740	-1618.60493909573	999.506999210464	0.00142647425081056	0.257011582495649	0.994464778625175	5.77079707834798
2750	-1616.04986840505	999.506999210464	0.00142647425081056	0.257011582495649	0.994464778625175	5.64794674379228
2760	-1616.41696591345	999.506999210464	0.00142647425081056	0.257892184706732	0.986983360443124	5.62873886262371
2770	-1616.57393799233	999.506999210464	0.00142647425081056	0.256489839565496	0.983692082724129	5.63122833798607
2780	-1618.66989455282	999.506999210464	0.00142647425081056	0.266357455469225	0.976724995817207	5.63122833798607
2790	-1617.7481208227	998.849183160528	0.00142647425081056	0.264678324403517	1.04593934962445	5.63122833798607
2800	-1618.27857379765	998.849183160528	0.00142647425081056	0.266946712761465	1.046650013926	5.59017778352131
2810	-1618.8891006711	998.849183160528	0.00144952828309681	0.263164455889019	0.999380531652178	5.58183732842848
2820	-1618.83406500231	998.849183160528	0.00146572367517253	0.255631156996067	1.01354448086741	5.61743338418255
2830	-1616.35190614072	999.900123064163	0.00145046008140817	0.251638254530802	1.08026563550488	5.62793249593081
2840	-1616.14498905327	999.900123064163	0.00143998903613905	0.259596266724318	1.10011359216628	5.69150531927602
2850	-1616.53529826374	999.900123064163	0.00143998903613905	0.25899551710435	1.12174595518528	5.69150531927602
2860	-1616.59363382407	999.900123064163	0.00143998903613905	0.25899551710435	1.08308616475853	5.70669100937242
2870	-1617.10801654459	999.900123064163	0.00143998903613905	0.25899551710435	1.13189553757505	5.70465594912293
2880	-1615.79981035782	999.900123064163	0.00143440170549127	0.260369017204458	1.08581598959051	5.68257007946463
2890	-1617.06191008757	999.900123064163	0.00143440170549127	0.259319173535406	1.14091985106628	5.70355291573015
2900	-1616.31010877149	999.813743564808	0.00143638333965663	0.259319173535406	1.09594837522338	5.62398843641773
2910	-1617.03136050663	999.813743564808	0.00146228809707644	0.25802457046737	1.10138640449667	5.62398843641773
2920	-1616.80955195381	999.813743564808	0.00146228809707644	0.253843229528638	1.09726179580854	5.56994166550218
2930	-1616.9601806394	999.813743564808	0.00146228809707644	0.253843229528638	1.09726179580854	5.5637326627029
2940	-1616.10711242221	999.813743564808	0.00146407311163377	0.253843229528638	1.0525839587928	5.63271900627719
2950	-1615.31615719679	999.964268743847	0.00145888476360906	0.253843229528638	1.03475717715132	5.63271900627719
2960	-1615.59049310345	999.964268743847	0.00147280562081507	0.253843229528638	1.03475717715132	5.47712859738365
2970	-1616.92179780326	999.964268743847	0.00148048532748225	0.242080355033162	0.937427483781211	5.54238214456353
2980	-1618.75267855275	999.964268743847	0.00146576981647438	0.242800514456561	0.916091851106629	5.51332707592015
2990	-1616.22837749942	999.964268743847	0.00147370029148382	0.244347660557108	1.00462738204453	5.63603958350119
3000	-1616.99674803897	999.964268743847	0.00147370029148382	0.244347660557108	1.00462738204453	5.66223687739805
3010	-1616.40218337659	999.964268743847	0.00145600604858078	0.240164879561333	0.996011153751736	5.66223687739805
3020	-1619.65305719926	999.964268743847	0.00145600604858078	0.237374463835888	0.95440237167811	5.59111598287483
3030	-1615.77372973923	999.964268743847	0.00145095532078112	0.24569578526346	1.00705766314781	5.6495583669244
3040	-1616.98809578419	999.964268743847	0.00145095532078112	0.246465834565634	0.996889035429338	5.7152412289093
3050	-1615.95539536995	999.767360126954	0.00145095532078112	0.251147228036527	1.05922351312237	5.66432855981249
3060	-1620.2099589194	999.767360126954	0.00148014787098884	0.248074068924254	1.11527397297514	5.66374430119572
3070	-1621.50518642124	999.50462584328	0.00148305265830121	0.240972999715624	1.11656976375933	5.66374430119572
3080	-1621.50518642124	999.50462584328	0.00148305265830121	0.240972999715624	1.11656976375933	5.66374430119572
3090	-1618.47020117228	999.50462584328	0.00145720754517181	0.239325250151105	1.0313999991899	5.75111462132648
3100	-1622.22134931044	997.138158165431	0.00144182996174437	0.247088096506039	0.975649632089493	5.71733656428257
3110	-1621.9790317255	997.138158165431	0.0014304183423743	0.249130825885553	1.02947330455428	5.7582735947967
3120	-1618.12566989454	998.595160658971	0.00141939271655272	0.26195155034557	1.03751147843736	5.66264912932131
3130	-1621.46673827726	999.961527520253	0.00143066167426483	0.255774845253822	1.04229703838696	5.542496688991
3140	-1616.90429250745	999.961527520253	0.00143066167426483	0.264194498429698	0.967328934336054	5.58391116289789
3150	-1616.62785058615	999.961527520253	0.00143066167426483	0.26458441589225	0.984105589567886	5.58391116289789
3160	-1618.62422133475	999.961527520253	0.00143699387565645	0.268237640635438	0.955495045194195	5.50798959888674
3170	-1617.33693313891	999.961527520253	0.00143912638470139	0.260438735921021	0.950276358745521	5.55038993894524
3180	-1617.18512480619	999.961527520253	0.00144890472162157	0.261019948302602	0.950276358745521	5.55038993894524
3190	-1616.66745794581	999.961527520253	0.00144850161898973	0.257675290183489	0.955341235836776	5.53909552721928
3200	-1616.18628297908	999.961527520253	0.00145110344289268	0.254591617462625	0.952744238026628	5.58587990346281
3210	-1615.23050872401	999.961527520253	0.00145083358451728	0.254591617462625	0.976943837892998	5.58587990346281
3220	-1615.38760172292	999.961527520253	0.00145417603127666	0.26099400480601	0.99714621064736	5.52220742098969
3230	-1614.995870057	999.961527520253	0.00145149698614926	0.262976495530462	1.02901382804355	5.51938875232881
3240	-1616.65800184732	999.961527520253	0.00145149698614926	0.257512282250434	1.12990209538663	5.63901769612723
3250	-1615.81416703582	999.961527520253	0.00144564060342106	0.257257013565632	1.1019737212746	5.63901769612723
3260	-1615.5317291692	999.961527520253	0.00144564060342106	0.261173188563024	1.07842244303825	5.63901769612723
3270	-1615.30314183111	999.961527520253	0.0014313939869106	0.263722926614624	1.07842244303825	5.63901769612723
3280	-1614.98774988556	999.961527520253	0.0014357623543523	0.266225541076866	1.09678799364845	5.63901769612723
3290	-1615.09154410144	999.961527520253	0.00143466312009321	0.261467038094327	1.07230526628837	5.6477649702767
3300	-1614.99765633961	999.961527520253	0.00143466312009321	0.260938809037483	1.03833578880138	5.61409447514178
3310	-1615.39674540915	999.922323303004	0.00144512476022451	0.253477930714739	1.03833578880138	5.67176935214774
3320	-1614.84697458194	999.922323303004	0.0014326609049232	0.257225559266454	1.05439163152521	5.68078084077608
3330	-1615.64341119964	999.922323303004	0.0014326609049232	0.257225559266454	1.02112623410118	5.68078084077608
3340	-1615.73898115981	999.922323303004	0.0014326609049232	0.261835429090919	1.07880944846298	5.60920592540951
3350	-1615.3800596215	999.922323303004	0.00144599949386128	0.262466006540818	1.07880944846298	5.60920592540951
3360	-1615.75317905027	999.922323303004	0.00144599949386128	0.262466006540818	1.09358734125037	5.60920592540951
3370	-1615.6249951469	999.922323303004	0.00144338562433095	0.25738199904846	1.02885723381656	5.60802509142186
3380	-1615.05703484078	999.922323303004	0.0014664355834822	0.254225733528235	1.05083507023517	5.575584999926
3390	-1615.86407109432	999.922323303004	0.0014742197802653	0.252095610649243	1.04077842134855	5.49883083163239
3400	-1615.90102037347	999.922323303004	0.0014742197802653	0.247848466974856	1.04077842134855	5.58620820450891
3410	-1616.74438742657	999.922323303004	0.0014742197802653	0.247848466974856	1.04386963637886	5.64004139404721
3420	-1617.90775556082	999.825418471984	0.00146804429571377	0.24593234884183	1.08708341851827	5.64004139404721
3430	-1618.04778411034	999.825418471984	0.00147914241788902	0.247686151941502	1.07236462357714	5.65061477565509
3440	-1618.04778411034	999.825418471984	0.00147914241788902	0.247686151941502	1.07236462357714	5.65061477565509
3450	-1617.7219360409	998.985759336653	0.00145371043784464	0.25188813971984	1.07236462357714	5.65061477565509
3460	-1616.40336456444	999.925085378402	0.00142174797929148	0.246871131516012	1.05143392539425	5.82090271736556
3470	-1616.39537746788	999.925085378402	0.00142174797929148	0.24992800235169	1.05862504254773	5.82090271736556
3480	-1616.38622234098	999.925085378402	0.00142174797929148	0.248273224697096	0.992911035269564	5.73056242165057
3490	-1617.11946066506	999.925085378402	0.00142174797929148	0.240307526552177	1.0087791569637	5.86017599104844
3500	-1614.74703426284	999.925085378402	0.00142174797929148	0.239578595011458	0.994585449230982	5.87249300962036
3510	-1617.16044869197	999.925085378402	0.00142174797929148	0.239578595011458	0.994585449230982	5.74519906060766
3520	-1614.51331679015	999.925085378402	0.00142174797929148	0.239578595011458	0.994585449230982	5.84574053079972
3530	-1616.2204476505	999.925085378402	0.00142174797929148	0.239544427081811	0.985280638690285	5.86323405564232
3540	-1616.47546588763	999.925085378402	0.00142010748758424	0.239544427081811	0.996097558805547	5.88793700148958
3550	-1618.23991877343	999.925085378402	0.00142493911247119	0.245604132473696	1.02333548197598	5.87744769728405
3560	-1617.13599423181	999.925085378402	0.00143054474715999	0.23661988997872	1.00883926079693	5.83445212117097
3570	-1616.97976662308	999.925085378402	0.00143054474715999	0.234936355708837	0.979762501397061	5.83445212117097
3580	-1616.77991788229	999.925085378402	0.00143054474715999	0.234936355708837	0.971654755334862	5.83445212117097
3590	-1616.55435527988	999.925085378402	0.00143054474715999	0.235199673403835	0.923446886527469	5.83445212117097
3600	-1617.380491179	999.925085378402	0.00143944281117967	0.236927661539373	0.923446886527469	5.72286267605791
3610	-1618.12511587903	999.925085378402	0.00143944281117967	0.236927661539373	0.888097140344998	5.7371669096851
3620	-1618.24838102444	999.925085378402	0.00146644743215978	0.236763797475548	0.888520061678484	5.64128505329826
3630	-1618.10316875091	999.925085378402	0.00147603669142128	0.237241880798151	0.89670462173431	5.64128505329826
3640	-1618.00229687595	999.925085378402	0.00147603669142128	0.235234257292779	0.919497249519943	5.57582340623874
3650	-1617.50786777858	999.925085378402	0.00148062138273978	0.235234257292779	0.911029016866085	5.59068963353995
3660	-1617.50541484296	999.925085378402	0.00148062138273978	0.234431505674694	0.93048670051467	5.59068963353995
3670	-1619.05883175209	999.925085378402	0.00148062138273978	0.234431505674694	0.982999389117612	5.71108065759794
3680	-1617.27418177721	999.925085378402	0.0014779432398011	0.237807007960295	1.00626750172209	5.62965752620441
3690	-1618.12209521904	999.925085378402	0.0014779432398011	0.237807007960295	1.03276883802893	5.62897025131652
3700	-1618.27000275735	999.925085378402	0.0014779432398011	0.237807007960295	0.998071601983038	5.69902496622447
3710	-1617.3365724211	999.925085378402	0.00148052733972959	0.239186871799855	0.988429674039404	5.6563802827105
3720	-1615.80817811529	999.925085378402	0.00147332640847076	0.244050181104894	0.988429674039404	5.6563802827105
3730	-1616.37570955578	999.925085378402	0.00145246717575525	0.244050181104894	0.988429674039404	5.64526070951414
3740	-1617.03595619938	999.298290098854	0.00145345138343549	0.249232034077003	1.03159787012536	5.65809655446213
3750	-1616.77095010908	999.390426556062	0.00145345138343549	0.249232034077003	1.03873914005858	5.6205720965572
3760	-1619.22587393296	999.390426556062	0.00143250050190312	0.254156867664908	1.06156877731669	5.60985529149163
3770	-1616.83503399055	999.390426556062	0.00144196010189861	0.255732686340696	1.06156877731669	5.70372089655819
3780	-1617.36267289516	999.77999865101	0.00145383057967494	0.260130834776433	1.09354567995811	5.64801032679674
3790	-1621.57450577779	999.77999865101	0.00145851870592566	0.255642442532383	1.19651452129506	5.59723329524997
3800	-1615.52931654306	999.77999865101	0.00146474814558285	0.260902678055497	1.09375588295522	5.5674471785947
3810	-1617.26384093799	999.311998237116	0.00146474814558285	0.262141432408351	1.09630338176887	5.58089302288523
3820	-1616.71843470354	999.311998237116	0.00146474814558285	0.262141432408351	0.997679784123347	5.48040338729828
3830	-1615.29393636283	999.54755337662	0.00146474814558285	0.258765141091718	1.01146727768815	5.53525409153196
3840	-1615.38628126233	999.76852057978	0.00145855775901247	0.259912024672958	1.02267300680264	5.57441953980401
3850	-1616.52107065012	999.76852057978	0.00146765208052516	0.256700445957484	1.06262422938235	5.4893428593076
3860	-1618.76577519221	999.76852057978	0.00146765208052516	0.248545142648827	1.10972005577194	5.59581284637914
3870	-1616.1183863552	999.76852057978	0.00146896564117901	0.251084446890184	1.07624012073923	5.58695269236796
3880	-1616.69882921261	999.76852057978	0.00147366963207603	0.249434395677389	1.07110024353364	5.58695269236796
3890	-1616.92105363125	999.76852057978	0.00147366963207603	0.252804756794379	1.07110024353364	5.61646799514285
3900	-1618.53102033499	999.76852057978	0.00147068235813294	0.25535366402674	1.13690122779267	5.61646799514285
3910	-1618.11865996844	999.76852057978	0.00146373220782953	0.25535366402674	1.1175838547934	5.65352934340442
3920	-1617.01484687845	999.76852057978	0.00146373220782953	0.262913123284432	1.09716747102755	5.59922356088655
3930	-1616.38986791994	999.76852057978	0.00145738934436719	0.26996307116058	1.07322287679625	5.5113127348006
3940	-1616.29288620266	999.76852057978	0.00145845888370868	0.273056363729314	1.08531354370749	5.47328601424422
3950	-1617.39269831974	999.76852057978	0.00144780598757923	0.266411563215389	1.08167405762389	5.48982934782762
3960	-1616.58392239374	999.76852057978	0.0014607853031428	0.266863244077098	1.09759049105226	5.48982934782762
3970	-1616.89288053533	999.76852057978	0.0014407199708078	0.276820392839947	1.09968185381093	5.53115436499143
3980	-1616.65141416227	999.76852057978	0.00145221378633124	0.271202152113132	1.04912686909707	5.47322294390681
3990	-1618.39187091193	999.76852057978	0.00145221378633124	0.271023130636777	0.981178706397327	5.48095168995637
4000	-1616.51964908336	999.76852057978	0.00145076646819449	0.268128772011169	1.01562862498983	5.51821649918296
4010	-1615.59354091836	999.76852057978	0.00144198928254537	0.270149391774297	1.04908574528173	5.51825110569342
4020	-1617.0664653285	999.481272260914	0.00143972161779292	0.270671819958486	1.04554367297577	5.53165031352487
4030	-1619.70431689172	997.900780998376	0.00143776634506768	0.270671819958486	1.04845772117244	5.5498252984302
4040	-1619.67832353534	997.900780998376	0.00143776634506768	0.270509706180271	1.04845772117244	5.5498252984302
4050	-1621.10107413697	997.900780998376	0.00142918817904096	0.272291528452196	1.0351799167618	5.5498252984302
4060	-1619.06367065287	999.277323277793	0.0014469160689198	0.271774023643383	1.02227230270488	5.5498252984302
4070	-1617.91356829452	999.277323277793	0.00145634580948851	0.271774023643383	1.05168739647493	5.50979639548959
4080	-1619.27409057832	999.277323277793	0.0014519768636935	0.271038686669096	0.997219613177882	5.50979639548959
4090	-1617.91423844203	999.277323277793	0.0014519768636935	0.267855002243622	1.00251776575702	5.50979639548959
4100	-1616.64842429046	999.277323277793	0.00145825352631989	0.265239640921827	1.00251776575702	5.50979639548959
4110	-1616.64842429046	999.277323277793	0.00145825352631989	0.265239640921827	1.00251776575702	5.50979639548959
4120	-1617.459761205	999.277323277793	0.00145825352631989	0.258860009423331	0.985496284366288	5.49843910606226
4130	-1617.84379019136	999.277323277793	0.00145825352631989	0.249911916615274	0.950096646802724	5.61277830586138
4140	-1618.14364415602	999.277323277793	0.00145825352631989	0.246427113408357	0.950789907275278	5.63932388482114
4150	-1618.62005485472	999.277323277793	0.00143951050631157	0.251381372852674	0.963134578092924	5.70994970112495
4160	-1616.93303698666	999.277323277793	0.00143951050631157	0.244690546817577	0.963134578092924	5.70994970112495
4170	-1617.40770668884	999.277323277793	0.00143951050631157	0.248866358923523	0.973747885256715	5.70994970112495
4180	-1616.76953921449	999.277323277793	0.00142777355682449	0.258046229138086	1.04364987122253	5.66905123823697
4190	-1617.66023334985	999.277323277793	0.00143678036786473	0.254441544689112	1.07300570282853	5.74604718633813
4200	-1617.46811931763	999.277323277793	0.00143542102892595	0.250915518407422	1.07053868431889	5.74604718633813
4210	-1616.1354593373	999.286844873211	0.00144302239155445	0.256378909620143	1.05599888683112	5.63937046032754
4220	-1617.50009476486	999.286844873211	0.00144155426380955	0.256378909620143	1.05599888683112	5.5830807217058
4230	-1616.78350037665	999.286844873211	0.00143603630179034	0.258129952803866	1.00956905505044	5.64891261236027
4240	-1619.56624726162	998.209957290138	0.0014378520671545	0.253793013614566	0.990009717419581	5.64891261236027
4250	-1619.8943151072	998.092524074875	0.00143833866544782	0.252420832534761	0.990009717419581	5.66594324179242
4260	-1621.27169019966	998.092524074875	0.00143594001794745	0.247913685247072	0.9166151196525	5.66594324179242
4270	-1621.88403307561	998.092524074875	0.00143116453405358	0.250530684162968	0.938597044728256	5.62388957615631
4280	-1619.40807222455	998.642159647564	0.00143293301704608	0.250530684162968	0.924668140795236	5.64889179531054
4290	-1619.07044639685	998.642159647564	0.00143293301704608	0.25027171020152	0.995751689668794	5.65717966567123
4300	-1616.73258336342	999.33288833016	0.00146891852772303	0.242568547777191	0.9925100878997	5.5858675857884
4310	-1618.26668657628	999.33288833016	0.00148373480016506	0.240938857197939	0.986883744446793	5.62476076874585
4320	-1618.50683931732	999.33288833016	0.00148373480016506	0.241608371911094	0.969611100313728	5.62476076874585
4330	-1617.99650182364	999.33288833016	0.00148369580073281	0.241608371911094	0.986176214385944	5.53412077327061
4340	-1617.99650182364	999.33288833016	0.00148369580073281	0.241608371911094	0.986176214385944	5.53412077327061
4350	-1617.55982232365	999.33288833016	0.00148369580073281	0.244829036903149	1.02327178536642	5.53864638235113
4360	-1617.46764636124	999.33288833016	0.00148369580073281	0.244829036903149	1.02327178536642	5.58990392507433
4370	-1617.39572265815	999.33288833016	0.00148557923052249	0.244829036903149	1.00567249287698	5.58990392507433
4380	-1615.98339198344	999.33288833016	0.00148548011008762	0.248807586884178	0.976881152395521	5.49877895620163
4390	-1617.62677428286	999.33288833016	0.00149668847099693	0.245903308451526	0.950698311825529	5.49877895620163
4400	-1616.13769760046	999.925595913323	0.00147892788757894	0.247535459308837	1.04133528297675	5.60162446876387
4410	-1615.39061102245	999.925595913323	0.00147892788757894	0.248111041448793	1.00159997566998	5.5338808489938
4420	-1615.70935452984	999.925595913323	0.00145791012515627	0.261067812424034	1.0395455928849	5.59673585576101
4430	-1614.86832801365	999.925595913323	0.00145791012515627	0.26394576479944	1.08410492496888	5.5380038309194
4440	-1614.84805431235	999.925595913323	0.00146231798228199	0.25831414108008	1.05496537313283	5.55006778952178
4450	-1615.7577012991	999.925595913323	0.00145347657987801	0.265603612699116	1.00259457434792	5.55006778952178
4460	-1615.63585769687	999.925595913323	0.00145347657987801	0.265603612699116	1.04434521840517	5.54793133091335
4470	-1615.38860669523	999.925595913323	0.00145204731533373	0.266464896803399	1.11017358705177	5.58397937826019
4480	-1616.05399153443	999.925595913323	0.00145057698346463	0.266151012890581	1.01810173398224	5.53816501970183
4490	-1615.6233309616	999.925595913323	0.00145057698346463	0.267412925403106	1.07116602780326	5.53816501970183
4500	-1616.20993510416	999.925595913323	0.00145469543340167	0.269156740048807	1.11224261936931	5.53816501970183
4510	-1615.01198279817	999.925595913323	0.00144624197623117	0.271336927961432	1.09289647093028	5.53816501970183
4520	-1616.02854971723	999.925595913323	0.00144624197623117	0.271336927961432	1.10070062941528	5.53019909783897
4530	-1618.69840677267	999.925595913323	0.00144624197623117	0.26649422528341	1.15659350697872	5.53019909783897
4540	-1618.54794071415	999.925595913323	0.00144624197623117	0.270551494659211	1.17238425106999	5.61967449355824
4550	-1616.49041490824	999.925595913323	0.001439097859179	0.271673224757084	1.0904096725476	5.50801120277381
4560	-1619.68936526428	998.329380180739	0.001439097859179	0.27203311458043	1.09503196705203	5.52360986093438
4570	-1620.43673462323	998.329380180739	0.00144427756727352	0.275301997271344	1.086758202621	5.54586473158402
4580	-1617.54090858583	999.225844669432	0.00142817054628585	0.267934826176781	1.05787374406886	5.58733194954368
4590	-1617.11126262824	999.225844669432	0.00145251678735502	0.254572193157257	0.970920106245516	5.58733194954368
4600	-1616.46452859042	999.225844669432	0.00145251678735502	0.256362109717802	1.05332885948167	5.60089775125396
4610	-1616.633923559	999.225844669432	0.00145251678735502	0.256362109717802	1.05332885948167	5.62897786410258
4620	-1617.08114516044	999.225844669432	0.00145601077315837	0.259614902441301	1.05397876023754	5.51773702569175
4630	-1618.72947262714	999.225844669432	0.00148064370377846	0.260637968982672	1.13228748941614	5.55665619602495
4640	-1617.84985348488	999.225844669432	0.00145635554049541	0.260637968982672	1.13165591622302	5.58068904716214
4650	-1616.51699725039	999.027062957109	0.00144707275887367	0.264615151409929	1.07462882579755	5.59392377502099
4660	-1616.54452769774	999.027062957109	0.00144178704888757	0.264615151409929	1.04835878130491	5.58327492821696
4670	-1615.97731734506	999.877985266937	0.00143880033388663	0.26883070750551	1.04684293461697	5.55991244595118
4680	-1616.87986748823	999.877985266937	0.00142581510937836	0.274125764974207	1.0462206866964	5.55020011312726
4690	-1617.5214772823	999.915415731778	0.00142218639446582	0.27647021395239	1.0462206866964	5.55020011312726
4700	-1617.19277273246	999.915415731778	0.00142218639446582	0.27647021395239	1.06182999095948	5.55020011312726
4710	-1619.64307032051	999.915415731778	0.00142218639446582	0.271680096210155	1.02469488832475	5.48108078860363
4720	-1616.54772180324	999.915415731778	0.00143198776901852	0.261452063405271	0.978647659570227	5.64976431731597
4730	-1616.10082546944	999.915415731778	0.00143198776901852	0.261452063405271	0.978647659570227	5.59523724554277
4740	-1615.66049150664	999.915415731778	0.00142447609966201	0.260668831677921	0.978647659570227	5.59523724554277
4750	-1617.46498680772	999.915415731778	0.00142447609966201	0.260668831677921	0.999710906159767	5.7334195598589
4760	-1617.05764098403	999.915415731778	0.00141658563939952	0.261864487796756	1.00469485356	5.74544863541301
4770	-1615.98714638288	999.915415731778	0.00141658563939952	0.264431723156705	1.1152204734965	5.73095451624275
4780	-1615.8221901327	999.915415731778	0.00142195044538754	0.267323224065892	1.11392687958961	5.67424038244159
4790	-1617.35747134951	999.915415731778	0.00142195044538754	0.266520648028983	1.11392687958961	5.73160475387093
4800	-1617.30246833537	999.915415731778	0.00142357814842348	0.27068399601425	1.18786387701053	5.65297659259641
4810	-1616.14068727868	999.915415731778	0.00143286376094893	0.268190285886376	1.15601219816845	5.65600423726332
4820	-1616.59034553925	999.915415731778	0.00143286376094893	0.2695287332067	1.16001796222693	5.65600423726332
4830	-1615.5518630914	999.915415731778	0.00143286376094893	0.268153500784827	1.09698565984799	5.557040956064
4840	-1614.72161470887	999.915415731778	0.00143200143963916	0.266589157588288	1.07589923942411	5.61774992523922
4850	-1616.77590908704	999.915415731778	0.00145780729447989	0.266897723527216	1.0556391015581	5.56904641207533
4860	-1616.24560971579	999.915415731778	0.00146558551437109	0.264555648389266	1.09222754434302	5.53743415897437
4870	-1616.36541016953	999.915415731778	0.00146558551437109	0.264555648389266	1.13097445453446	5.56574517737475
4880	-1616.85871562665	999.711435581941	0.00146558551437109	0.264555648389266	1.14185452175724	5.50119953297669
4890	-1616.85871562665	999.711435581941	0.00146558551437109	0.264555648389266	1.14185452175724	5.50119953297669
4900	-1616.21949149517	999.711435581941	0.00146558551437109	0.265276906803022	1.04128057688957	5.50119953297669
4910	-1615.85962538438	999.711435581941	0.00145335194972316	0.260378165782333	1.03980603342603	5.52375862817804
4920	-1615.98454938574	999.711435581941	0.00145642559251516	0.265284287796506	1.07560138065071	5.52375862817804
4930	-1616.99022229512	999.711435581941	0.00146202829841114	0.269109823154282	1.06707764850255	5.52375862817804
4940	-1618.0574360886	999.711435581941	0.00146787110963179	0.269109823154282	1.0426239763017	5.52311617679023
4950	-1616.24367720817	999.711435581941	0.00146787110963179	0.26852151800876	1.08472727886598	5.45392478016689
4960	-1616.20234839244	999.711435581941	0.00146787110963179	0.269228646600967	1.09747915794064	5.45392478016689
4970	-1616.77752758628	999.711435581941	0.00146648230331048	0.273515316208099	1.06858398080748	5.45421678377071
4980	-1617.30853535025	999.711435581941	0.00146648230331048	0.271819326331192	1.14194946182215	5.46265592879591
4990	-1618.16432008514	999.711435581941	0.00146648230331048	0.277324519240419	1.15417666047599	5.46265592879591
5000	-1618.32050213809	999.711435581941	0.00144569525902644	0.277324519240419	1.15350827107096	5.47488105705021
5010	-1617.96647600601	999.711435581941	0.00144569525902644	0.277324519240419	1.15350827107096	5.5359674612554
5020	-1617.65871693785	999.711435581941	0.00144569525902644	0.271675412676764	1.14604079695794	5.53779285132735
5030	-1620.03115241902	999.711435581941	0.00143513466183643	0.269224270595037	1.09481997459024	5.47966120047777
5040	-1617.40804839872	999.711435581941	0.00143513466183643	0.269224270595037	1.06750684221996	5.63410036887964
5050	-1617.33319156619	999.476523030867	0.00143308897575751	0.272824832707515	1.05689904237744	5.60332519958183
5060	-1618.30552010893	999.239585011085	0.00141760606085086	0.278519847234603	1.13060529110616	5.60332519958183
5070	-1618.05430828417	999.239585011085	0.00142327021071127	0.273899867297586	1.07782398352696	5.60332519958183
5080	-1617.98152863479	999.270574407719	0.00141996542701715	0.274158646049012	1.07782398352696	5.60332519958183
5090	-1618.85083053188	999.270574407719	0.00142632823125224	0.273464991621858	1.09747766372665	5.65214202932863
5100	-1618.12903445337	999.724979544536	0.00142337452458263	0.280533384313232	1.10163986104837	5.51100074875138
5110	-1618.58370072652	999.724979544536	0.00142337452458263	0.281397111660091	1.12663286635859	5.51494636414211
5120	-1618.4476661235	999.724979544536	0.00142337452458263	0.280179697567757	1.15716443331023	5.55021507813145
5130	-1619.56476257263	999.279925105535	0.00143433026162068	0.277040638199901	1.15716443331023	5.50649129921908
5140	-1618.47256837218	999.279925105535	0.00144192446046737	0.277040638199901	1.12059469787497	5.51403038445096
5150	-1616.92963575539	999.279925105535	0.00144930219583439	0.269540215228168	1.12059469787497	5.53386458405155
5160	-1616.50301459948	999.279925105535	0.00144958854498521	0.263658273973003	1.08220248173096	5.61217224991562
5170	-1617.23872494078	999.279925105535	0.00146791798495278	0.26091059877633	1.10695777462548	5.50207617243536
5180	-1617.66835219707	999.279925105535	0.00146791798495278	0.252177408539474	1.01741297506839	5.50207617243536
5190	-1617.63998017447	999.279925105535	0.00146791798495278	0.252177408539474	1.03413513615885	5.50964873035988
5200	-1618.91548243114	999.279925105535	0.0014842909863109	0.247359843303618	1.07344948282868	5.50964873035988
5210	-1616.79890551953	999.912493295824	0.00147668370848644	0.248886828766397	1.02684008996165	5.49883088279843
5220	-1615.644229012	999.912493295824	0.00149956322071437	0.248886828766397	1.02351713081341	5.48291543007228
5230	-1616.31487308132	999.912493295824	0.00149238680103581	0.250574209033279	0.973507188843039	5.40246636218211
5240	-1615.89066662328	999.912493295824	0.00150944506902619	0.247540644043673	1.01210139741386	5.40246636218211
5250	-1615.5532571942	999.912493295824	0.00150944506902619	0.247902352727892	1.01210139741386	5.4164138267216
5260	-1616.69064086365	999.205657547364	0.00149373867389973	0.259217802748157	1.01580879771612	5.4164138267216
5270	-1617.00170248806	999.205657547364	0.00149373867389973	0.262724289462468	1.00508563819815	5.39521250526916
5280	-1616.08904736766	999.205657547364	0.00148493027496515	0.262687946106364	1.01246741401894	5.42290242811805
5290	-1618.82054719176	999.205657547364	0.00147054638972054	0.264797486593074	0.996489907566405	5.37733070004294
5300	-1621.5017372618	999.205657547364	0.00147005928275052	0.254558492681935	1.04978571045906	5.42383634087183
5310	-1620.13275139162	997.813135114858	0.00149258793054738	0.267662828012773	1.06396019306141	5.38808838045923
5320	-1619.88689865477	999.437273370646	0.0014949638377755	0.276011868764051	1.0159978834969	5.32783338304371
5330	-1617.90889369419	999.437273370646	0.00150183974913098	0.266336633370207	1.0347852992858	5.27534272947235
5340	-1617.57857638034	999.437273370646	0.00148578478700139	0.26342797879828	1.04033106865124	5.33560633880861
5350	-1615.74897844724	999.437273370646	0.00148348433207282	0.264430134216714	1.0352030047078	5.40516830340878
5360	-1615.93498481016	999.437273370646	0.0014942675326586	0.260255774315422	1.0352030047078	5.40516830340878
5370	-1617.30383135628	999.437273370646	0.00149403746204788	0.258437608395	1.01688700209529	5.47991304012137
5380	-1616.25218991601	999.437273370646	0.00148575352525399	0.258437608395	1.08537513355987	5.45371769265204
5390	-1616.55354657485	999.437273370646	0.00148575352525399	0.258437608395	1.08412678482131	5.43522343786216
5400	-1617.31767237859	999.670677770483	0.0014922554179361	0.25308534820715	1.09529036577247	5.46852546231039
5410	-1615.26993033687	999.670677770483	0.0014922554179361	0.255677359210952	1.03526116963687	5.46852546231039
5420	-1616.22719705784	999.670677770483	0.0014922554179361	0.246875736984465	1.01336159309318	5.49726646929569
5430	-1615.81398103833	999.670677770483	0.0014922554179361	0.25380111128997	0.984509513470569	5.43593782872216
5440	-1618.81565596488	999.670677770483	0.00146949342829657	0.261527418190612	0.949615711036284	5.39166484518367
5450	-1618.60368026687	999.670677770483	0.00146949342829657	0.262962068466627	0.935856813351585	5.43335419181816
5460	-1618.83321924425	999.670677770483	0.00146949342829657	0.254295858954579	0.953864545490083	5.42748732592602
5470	-1616.38022275955	999.670677770483	0.00147332491143863	0.254295858954579	0.953864545490083	5.51911234059149
5480	-1615.69472495418	999.670677770483	0.00147332491143863	0.254622794188002	0.98601292863822	5.53111581046147
5490	-1616.46406685146	999.670677770483	0.00146791348518591	0.256202293041155	0.960495345175365	5.51548319802484
5500	-1616.42342412914	999.670677770483	0.00146791348518591	0.256202293041155	0.966033733736313	5.50651104314667
5510	-1617.4012530594	999.670677770483	0.00146937035390782	0.257599949273269	0.944057041037457	5.45433517303389
5520	-1615.84391129299	999.672280368087	0.00146408129130642	0.254997392735531	0.984346623809722	5.52534674320168
5530	-1616.82507144772	999.672280368087	0.00146408129130642	0.254997392735531	0.968728613800759	5.48575132522132
5540	-1616.0789511678	999.672280368087	0.00147023036254719	0.254997392735531	0.976989860157705	5.50588428910666
5550	-1615.88674740037	999.672280368087	0.00146451387260253	0.254788158119067	0.992365050405049	5.50588428910666
5560	-1616.3035098863	999.044257794068	0.00147581189396162	0.260561400388757	1.05525630224978	5.46777180921732
5570	-1614.26750193181	999.921880195165	0.00147581189396162	0.260561400388757	1.03513339964972	5.47215726297305
5580	-1614.26750193181	999.921880195165	0.00147581189396162	0.260561400388757	1.03513339964972	5.47215726297305
5590	-1619.52482900662	999.921880195165	0.00145826699906208	0.254614510044243	1.01785500692253	5.45311294484946
5600	-1619.48979777617	999.921880195165	0.00145998896181501	0.253679066828789	0.972586373151433	5.44834867076909
5610	-1616.58873644656	999.921880195165	0.00146055176107949	0.261597982024675	0.972586373151433	5.49752074504193
5620	-1615.32132988599	999.921880195165	0.00147037052017758	0.259316855270023	0.977827647645145	5.50971807837391
5630	-1615.13693037929	999.921880195165	0.00147037052017758	0.252979779473736	0.992540316943935	5.53252573130804
5640	-1616.70779774806	999.921880195165	0.00147779953304526	0.248128679097022	0.992540316943935	5.62454778723206
5650	-1616.24620320811	999.921880195165	0.00147779953304526	0.242825692294292	0.959273398566301	5.59351965135091
5660	-1617.11456208744	999.879533861265	0.00147779953304526	0.240256606778962	0.93361986620998	5.62802476560627
5670	-1616.84370938245	999.879533861265	0.00145574695643586	0.241220420548197	0.983491750687393	5.64188009474316
5680	-1616.6708016122	999.879533861265	0.0014562605509312	0.241220420548197	0.983491750687393	5.64732521927854
5690	-1616.29771798283	999.879533861265	0.00144814755817944	0.247107996881902	0.970190378066918	5.63090168360668
5700	-1616.71994952928	999.879533861265	0.00145275772360378	0.24443332996272	0.924846570268138	5.63090168360668
5710	-1617.42292796215	999.879533861265	0.00146263651405665	0.240326368194185	0.946064925223543	5.70840983632608
5720	-1617.89814178503	999.879533861265	0.00146263651405665	0.239169204194476	0.94780691418521	5.60469745579325
5730	-1616.50233989169	999.879533861265	0.00146263651405665	0.241606799019572	0.93520874775639	5.61310421799455
5740	-1616.27209126468	999.879533861265	0.00146263651405665	0.238914489269581	0.930228499530779	5.63173208924455
5750	-1618.38042584408	999.060908707995	0.00145614675647911	0.244267493080058	0.966122125162316	5.63173208924455
5760	-1618.53305268921	999.060908707995	0.00145736273956037	0.249979113466678	1.03315057055138	5.69963739526242
5770	-1620.34142269183	999.562716280848	0.00147437538414603	0.258054433037582	1.07445484732434	5.63271057362639
5780	-1616.96683536674	999.562716280848	0.00146553229402922	0.245645935369268	1.03891580735144	5.63271057362639
5790	-1616.59320368393	999.440347425952	0.00143697334335577	0.249860192341228	1.02765283494105	5.70803245347598
5800	-1617.81525447426	999.440347425952	0.00145190270151285	0.24579227208258	1.04198446657926	5.72572269054745
5810	-1617.62074004779	999.440347425952	0.00144872900689311	0.24579227208258	1.04198446657926	5.72572269054745
5820	-1618.64157365292	999.440347425952	0.00145800816305056	0.246483374606121	1.07110445268372	5.72572269054745
5830	-1618.30917457213	999.440347425952	0.00145800816305056	0.247039344611287	1.04271002145733	5.59085819298318
5840	-1618.04593194209	999.440347425952	0.0014680771871492	0.243477832070366	1.04762095970852	5.6351259596664
5850	-1618.15842171459	999.440347425952	0.00147899841038626	0.25096045185715	1.02648916660435	5.45960291258699
5860	-1615.97287411956	999.440347425952	0.00147899841038626	0.258117500956394	1.04132305552303	5.49598239022104
5870	-1617.17252975943	999.440347425952	0.00149478747531472	0.249031374627987	1.04973336561195	5.49598239022104
5880	-1617.92148366383	999.210715627787	0.00149478747531472	0.248183721027203	1.04973336561195	5.49598239022104
5890	-1616.86404038615	999.210715627787	0.00147839189691855	0.252070227376625	0.974113095750241	5.50200403413632
5900	-1617.61796455804	999.210715627787	0.0014998591607399	0.250558774860602	0.974113095750241	5.49219479056009
5910	-1620.90282178145	997.990637122344	0.00151648439054489	0.253862173087114	1.12844191384636	5.41120132832488
5920	-1620.31464807036	997.990637122344	0.00151648439054489	0.254444486661255	1.11123599185016	5.39963059383441
5930	-1617.96736456095	998.899542076892	0.00153801315280366	0.251839172042923	1.07807191258007	5.33823758158246
5940	-1617.8780920877	998.899542076892	0.00157019156633585	0.253413580992113	1.09919744852596	5.23502235846838
5950	-1617.8780920877	998.899542076892	0.00157019156633585	0.253413580992113	1.09919744852596	5.23502235846838
5960	-1617.04027803601	999.283451805037	0.00157067377496974	0.253413580992113	1.09919744852596	5.23502235846838
5970	-1617.90268510127	999.733963960494	0.00158917282678413	0.256811946623565	1.09919744852596	5.06106920330264
5980	-1615.02522340178	999.733963960494	0.00158917282678413	0.262318850487803	1.07746712170387	5.07343598154575
5990	-1617.70212056468	999.733963960494	0.00156749327058713	0.271537357887816	1.16038402346623	5.10687669453222
6000	-1617.81417207842	999.733963960494	0.00155773656213461	0.271537357887816	1.1749030883311	5.2143031782128
6010	-1617.96246694032	999.733963960494	0.00153246829304592	0.276334252621361	1.1749030883311	5.2143031782128
6020	-1616.22626691698	999.521547511134	0.00153043950179525	0.270827071254707	1.07420949798727	5.25493524461986
6030	-1617.83804008831	999.521547511134	0.00151983728820014	0.275753269674774	1.08494319496822	5.19352302361426
6040	-1619.72900107011	999.521547511134	0.00151564062296448	0.268023995244438	1.07982910411525	5.20526378544256
6050	-1617.86060778045	999.194072548118	0.00152424642283474	0.27365018881128	1.02337900689429	5.22483262184226
6060	-1616.87433835313	999.194072548118	0.00152582900552343	0.268852902138084	1.02337900689429	5.22483262184226
6070	-1616.71074491772	999.194072548118	0.00152582900552343	0.266345552605982	1.04032944786537	5.22483262184226
6080	-1616.22669073875	999.194072548118	0.00152582900552343	0.266345552605982	1.00626926575919	5.23352271877602
6090	-1616.52481835742	999.194072548118	0.00153785029245965	0.26383723976777	0.981674020496291	5.20126379957049
6100	-1618.01318704851	999.194072548118	0.00154560197668071	0.267081517519799	0.981674020496291	5.17338554800082
6110	-1616.39603665575	999.194072548118	0.00154560197668071	0.267081517519799	1.04627979131672	5.22784882496124
6120	-1619.18221002118	999.194072548118	0.00154560197668071	0.267390773270957	1.0683823175886	5.11771408612191
6130	-1616.10106621187	999.194072548118	0.00154545274179249	0.267283435424216	1.05097219238173	5.15562863709311
6140	-1617.75060941175	999.194072548118	0.00151780597949979	0.267879710757038	1.07721633943301	5.27306291864075
6150	-1616.47575213727	999.194072548118	0.00152431433711108	0.26958998717982	1.07721633943301	5.24998525932391
6160	-1617.1678256127	999.420771233097	0.00152326178571023	0.273745937525656	1.08195332417575	5.23079514429449
6170	-1618.08934235462	998.713182122015	0.00153163413123752	0.271194801241434	1.08195332417575	5.1826477723301
6180	-1618.04566134589	998.713182122015	0.00153163413123752	0.271194801241434	1.0758785216742	5.1826477723301
6190	-1616.3891373145	999.960945176912	0.00156089801831407	0.271806275609863	1.12630943724945	5.19280218972643
6200	-1614.78689690549	999.997523373154	0.00155815768264809	0.271806275609863	1.09472118539822	5.15656015126967
6210	-1615.4422019803	999.997523373154	0.00159184947727182	0.267014823712393	1.02331144061981	5.0719091486281
6220	-1615.39640533005	999.997523373154	0.00159184947727182	0.267720328980422	1.04955279985415	4.97827058465882
6230	-1615.67039317494	999.997523373154	0.00159184947727182	0.266588421906379	1.05459609198863	4.97827058465882
6240	-1616.02889269645	999.997523373154	0.00159013572211857	0.266132494439018	1.05459609198863	4.97827058465882
6250	-1616.31414416945	999.997523373154	0.00160356609790077	0.27454470109993	1.11759717796219	4.94918434328171
6260	-1616.16321706665	999.997523373154	0.00160602399472941	0.277422465463365	1.13593865972686	4.96340016781803
6270	-1616.24472929479	999.997523373154	0.00160602399472941	0.277422465463365	1.13593865972686	4.97321209311593
6280	-1615.18066915632	999.997523373154	0.00162189337211638	0.268991279009007	1.11628980344002	4.97321209311593
6290	-1615.50257451599	999.997523373154	0.00163088716258879	0.263884747781816	1.03699971894797	4.89432831481889
6300	-1614.82404357438	999.997523373154	0.00163088716258879	0.263884747781816	1.04207803273721	4.96872038305114
6310	-1615.57405515489	999.997523373154	0.00163088716258879	0.268451870533842	1.06351286346275	4.96872038305114
6320	-1613.30846503711	999.997523373154	0.00162947143327367	0.261653835936026	1.06351286346275	4.96872038305114
6330	-1613.51906157747	999.997523373154	0.00162947143327367	0.261653835936026	1.0458157009693	4.97092042383039
6340	-1616.09909329442	999.997523373154	0.00162257938701933	0.267306870143291	1.11624005343135	4.99958573407596
6350	-1613.73762505251	999.997523373154	0.0016279844279499	0.262828777272463	1.06357386811434	4.97173831267805
6360	-1615.25318319859	999.997523373154	0.00160843938884986	0.270977398797996	1.05395796602184	4.97173831267805
6370	-1616.69598649003	999.564119544575	0.00160843938884986	0.266927783844308	1.00555690974385	4.93202602938521
6380	-1616.9738517977	999.564119544575	0.00161497190681396	0.270720678319202	1.00555690974385	4.88650425870667
6390	-1617.99878750221	999.564119544575	0.00159896835634668	0.270720678319202	1.00555690974385	4.98093017959423
6400	-1616.04695493877	999.564119544575	0.00159857888835869	0.26847967782565	1.07398258791403	4.97314249580838
6410	-1615.54487266691	999.564119544575	0.00160975304364479	0.25944196975652	1.08670731501415	5.02319687861778
6420	-1616.85076815148	999.564119544575	0.00161157618579802	0.265247457213049	1.07500654218308	5.06050956665539
6430	-1615.74565909084	999.564119544575	0.00162718480377713	0.26264114097631	1.00128493160443	4.95155311385526
6440	-1614.6972771424	999.564119544575	0.0016552048045913	0.262214969209011	1.05426188123863	4.8368526133778
6450	-1615.25578534316	999.564119544575	0.00168497027010685	0.261199975724295	1.05426188123863	4.81874409579046
6460	-1614.83282586445	999.564119544575	0.00168497027010685	0.261199975724295	1.04344184850652	4.81874409579046
6470	-1614.36334211491	999.724675259942	0.00167974758720814	0.257845151730217	1.04171302379522	4.83937739880614
6480	-1617.06836867391	999.020116143802	0.00169950893853263	0.256176659545425	1.06710897286329	4.78873595873493
6490	-1617.06260636532	999.020116143802	0.00169950893853263	0.256176659545425	1.05903804827233	4.80315233421241
6500	-1616.98383680168	999.020116143802	0.00169950893853263	0.250381723439322	1.03670062972347	4.85263364674884
6510	-1617.54129114613	999.020116143802	0.00171420890766858	0.250381723439322	1.06397796843432	4.8083281568459
6520	-1616.22162887418	999.020116143802	0.00171420890766858	0.254444187696825	1.02789762768771	4.77204632830922
6530	-1616.22162887418	999.020116143802	0.00171420890766858	0.254444187696825	1.02789762768771	4.77204632830922
6540	-1615.85734007231	999.020116143802	0.00171900511152431	0.25489603712052	1.0192432165658	4.72448099279026
6550	-1617.69987264842	999.020116143802	0.00171900511152431	0.252055049351343	0.994624814420501	4.75729695026063
6560	-1617.39997429823	999.020116143802	0.00171900511152431	0.250067641036269	0.999372149767224	4.76271025432637
6570	-1617.75907326951	999.020116143802	0.00168819375622491	0.255439702475136	0.976952396958262	4.74981584198297
6580	-1618.33776274788	999.020116143802	0.00169724487850319	0.255439702475136	0.950116939349988	4.70827777399072
6590	-1617.19236745018	999.755617815132	0.00168510434456724	0.255439702475136	0.9798386986265	4.73318985062816
6600	-1615.58556444191	999.755617815132	0.00167081029390321	0.252654281340787	0.973071021250545	4.81485195291461
6610	-1614.53545680919	999.755617815132	0.00167439884917151	0.252654281340787	0.979977125968593	4.84574434263026
6620	-1614.29484915357	999.755617815132	0.00168387726535048	0.250708380203249	0.991545081779307	4.84574434263026
6630	-1615.32683717495	999.816935583358	0.00168102688882217	0.251851780813734	0.957978523945521	4.85530883085927
6640	-1616.22752389234	999.816935583358	0.00167696791030515	0.253595758815129	0.926747091916758	4.8214136447202
6650	-1618.42813837013	999.816935583358	0.00165258130030684	0.257713488803247	0.90447701749097	4.82482093078618
6660	-1617.4835341044	999.816935583358	0.00165258130030684	0.257204982745374	0.913579863366183	4.85686745470544
6670	-1613.865736818	999.816935583358	0.00165258130030684	0.263096072411497	1.04168472480545	4.89390740992065
6680	-1616.74507628395	999.816935583358	0.00165258130030684	0.261236895581286	1.08929320878064	4.83588119555168
6690	-1616.36164625534	999.816935583358	0.00164965142325739	0.256200476993923	1.02224667608374	4.86066191328293
6700	-1615.1996284931	999.816935583358	0.00164965142325739	0.256200476993923	1.11749158810967	4.94842196521866
6710	-1615.89373360837	999.501343634122	0.00164965142325739	0.256200476993923	1.11749158810967	4.94842196521866
6720	-1615.80516573154	999.501343634122	0.00164965142325739	0.256200476993923	1.11593074374104	4.94842196521866
6730	-1615.54921803997	999.501343634122	0.00167665509098669	0.256167198804957	1.01431661568214	4.86054176746937
6740	-1616.35068949198	999.466177529893	0.00166675658263065	0.258578082971715	1.09451479321712	4.90575489063273
6750	-1618.2477102599	999.466177529893	0.00166675658263065	0.26790674759014	1.17665084715219	4.82625890965286
6760	-1616.29236786013	999.466177529893	0.00166675658263065	0.266361069901183	1.11060716095253	4.82984012182859
6770	-1615.57917563676	999.466177529893	0.00166675658263065	0.268382712053987	1.09239397410809	4.82984012182859
6780	-1615.90969772115	999.466177529893	0.00166675658263065	0.270139552422547	1.09136693309004	4.78917973403012
6790	-1616.58766385049	999.466177529893	0.00166675658263065	0.26681991562435	1.11613992461477	4.85220435716384
6800	-1615.81043310982	999.754799641794	0.00164309251570952	0.266289782544499	1.11986885952203	4.85884985526284
6810	-1616.34846470592	999.754799641794	0.00166485638157076	0.254406115006944	1.11986885952203	4.89814423900194
6820	-1615.64870906007	999.754799641794	0.00168319861819764	0.254423763514359	1.09759283258204	4.89814423900194
6830	-1616.09293289266	999.754799641794	0.00168004890143282	0.252832542703524	1.09213558724502	4.90993081376582
6840	-1614.56235452101	999.920053707262	0.00166295378374808	0.25533496510112	1.01381968243956	4.9148383478053
6850	-1613.56785404564	999.920053707262	0.00166295378374808	0.253922120806881	1.04694139134809	4.9148383478053
6860	-1613.70142700508	999.87663574969	0.00166295378374808	0.254732170761002	1.04020256703044	4.9148383478053
6870	-1614.56760074183	999.87663574969	0.00166295378374808	0.257781613033728	1.07870473810901	4.9148383478053
6880	-1614.84909450548	999.87663574969	0.00166278783611263	0.258698242234797	1.11481389851488	4.914669663045
6890	-1615.14592207706	999.87663574969	0.00165857499935102	0.255536257868987	1.11481389851488	4.914669663045
6900	-1614.65701661198	999.87663574969	0.00165857499935102	0.255536257868987	1.07038358586313	4.95474286253995
6910	-1614.48855243493	999.87663574969	0.00165857499935102	0.255536257868987	1.08235411233914	4.92728439848288
6920	-1615.39081772165	999.610874924257	0.00165597826962132	0.253045053916008	1.06122191489686	4.92728439848288
6930	-1615.26246276976	999.610874924257	0.00166741741641876	0.258008629043491	1.05187148770511	4.91183029734979
6940	-1614.69944867085	999.610874924257	0.00166741741641876	0.258265594533995	1.04054323246451	4.8767842729008
6950	-1615.015547019	999.610874924257	0.00166062888282657	0.263256080841205	1.03074924305582	4.81267131382543
6960	-1615.56683102861	999.610874924257	0.00166062888282657	0.26820541941038	1.03523132311539	4.81034520668581
6970	-1615.3374202716	999.610874924257	0.00166062888282657	0.26425419152337	1.01342603746681	4.81034520668581
6980	-1615.48960509603	999.610874924257	0.00166062888282657	0.262302996861777	0.99428400478979	4.81034520668581
6990	-1615.55517273336	999.610874924257	0.00166062888282657	0.257993466269331	1.01553151488134	4.84198373935151
7000	-1614.77256758936	999.610874924257	0.00166889851438077	0.261646624377653	1.00110774691985	4.84198373935151