iteration	likelihood	noise_sigma_SSL_surf_IFN1_data0	noise_sigma_SSL_surf_none_data0	gM	upfactor	offset	s1	s2	sf
5000	-3521.44503034825	999.302445969623	645.432345269914	150.5	9680.343987787	491.627118261382	0.00279467895239965	0.747172816337438	0.00357342655302323
5010	-3523.93256644039	999.302445969623	648.413896679261	150.5	9680.343987787	492.349004583801	0.00275700782068827	0.747172816337438	0.00357342655302323
5020	-3520.89597007949	999.302445969623	685.879434907735	150.5	9548.3889858596	492.349004583801	0.00277487083674599	0.757837687739717	0.00360578710254764
5030	-3520.89597007949	999.302445969623	685.879434907735	150.5	9548.3889858596	492.349004583801	0.00277487083674599	0.757837687739717	0.00360578710254764
5040	-3523.9799454081	999.302445969623	693.351260894581	150.5	9633.60692887834	476.054865052469	0.002801296194773	0.78026443980898	0.00360578710254764
5050	-3522.27017778469	999.670304412782	684.645251085181	150.5	9633.60692887834	476.054865052469	0.00283246173703947	0.778707351649336	0.0035434619543154
5060	-3521.01057479138	999.670304412782	730.427025493959	150.5	9945.12717649827	480.963368779949	0.00281609166416206	0.786316770192673	0.0035434619543154
5070	-3521.22659381763	999.670304412782	721.056333121659	150.5	9945.12717649827	480.963368779949	0.00281609166416206	0.800188849439739	0.0035434619543154
5080	-3523.26149744665	999.670304412782	704.964813164526	150.5	9945.12717649827	476.55453333062	0.00279672327944579	0.79209805647574	0.0035434619543154
5090	-3524.38491319531	999.670304412782	704.964813164526	150.5	9346.24706731687	476.55453333062	0.00286980885949838	0.793512179033669	0.0035434619543154
5100	-3523.22294237806	999.670304412782	704.964813164526	150.5	9346.24706731687	476.55453333062	0.00286980885949838	0.794039902165261	0.00348689056467022
5110	-3523.04717478891	999.670304412782	704.964813164526	150.5	9346.24706731687	476.55453333062	0.00286980885949838	0.780244227917873	0.0035048433228718
5120	-3522.74331162769	999.670304412782	704.964813164526	150.5	9346.24706731687	483.441063559961	0.00282431636449273	0.733385465532526	0.00351683720584227
5130	-3521.16539030351	999.800910799619	704.964813164526	150.5	9188.95904758742	491.950895933681	0.00282431636449273	0.733385465532526	0.0035487584828386
5140	-3522.34052981516	999.800910799619	720.18440719078	150.5	9171.83956293149	485.666729475414	0.00283641641085295	0.733385465532526	0.0035487584828386
5150	-3521.91854491182	999.800910799619	715.028551222137	150.5	9171.83956293149	485.88182106283	0.00283018514338527	0.733385465532526	0.00352922796199121
5160	-3521.97207097292	999.800910799619	715.028551222137	150.5	9171.83956293149	485.88182106283	0.00284172041667263	0.730557208801616	0.00353158323107484
5170	-3521.95138638181	999.800910799619	715.028551222137	150.5	8883.36277091586	492.046867902448	0.00283742927442358	0.736621619095223	0.00353158323107484
5180	-3523.0408044197	999.800910799619	715.028551222137	150.5	8721.50475063638	487.959281534963	0.00283446351504701	0.744462955243849	0.0035480523776162
5190	-3524.44069245097	999.800910799619	723.074299039479	150.5	8528.42924125204	491.206556665643	0.00280675821516425	0.776913572669734	0.00357583344950178
5200	-3522.36912713399	999.800910799619	723.074299039479	150.5	9161.52134362689	484.056514666279	0.00281353827240079	0.776913572669734	0.00357583344950178
5210	-3521.72638857399	999.800910799619	739.86141277599	150.5	9161.52134362689	484.056514666279	0.0028129692215809	0.746176114427932	0.00357583344950178
5220	-3521.72638857399	999.800910799619	739.86141277599	150.5	9161.52134362689	484.056514666279	0.0028129692215809	0.746176114427932	0.00357583344950178
5230	-3521.72638857399	999.800910799619	739.86141277599	150.5	9161.52134362689	484.056514666279	0.0028129692215809	0.746176114427932	0.00357583344950178
5240	-3523.45448730498	999.800910799619	739.86141277599	150.5	9161.52134362689	483.511557948128	0.00284282486645361	0.712180099602673	0.00353038861966966
5250	-3525.61687191523	999.800910799619	737.980924308425	150.5	9161.52134362689	485.521329281624	0.00270304188972079	0.749889091218087	0.00364006505741754
5260	-3525.80300045542	999.800910799619	737.980924308425	150.5	8548.49178729596	496.059569046433	0.00269580140258401	0.688355941759095	0.00364006505741754
5270	-3525.1017637042	999.800910799619	737.980924308425	150.5	8548.49178729596	496.059569046433	0.0026971404787355	0.66005572355466	0.00369195536179563
5280	-3526.71132268408	999.800910799619	737.980924308425	150.5	8548.49178729596	491.482507308521	0.00262071550068296	0.667669191251555	0.00378885660456788
5290	-3527.38840581998	999.800910799619	768.629604759114	150.5	8704.49992228109	485.867653945753	0.00264580283271299	0.667669191251555	0.00378885660456788
5300	-3529.46530111084	999.800910799619	768.629604759114	150.5	8424.69288068935	468.829330259772	0.00261219069423668	0.667669191251555	0.00385816769196217
5310	-3529.34535487615	999.800910799619	768.629604759114	150.5	8424.69288068935	468.829330259772	0.00258640345187011	0.670120169360324	0.00385816769196217
5320	-3528.3644673951	999.800910799619	768.629604759114	150.5	8872.52631011382	484.453300660297	0.00255615960560178	0.670120169360324	0.00385816769196217
5330	-3528.95379476896	999.666824466464	746.553664646353	150.5	8794.4118719085	487.590180010391	0.00255879573116097	0.665869674893789	0.00386374546555855
5340	-3525.97578553418	999.666824466464	719.821227395378	150.5	8967.41831091483	487.590180010391	0.00263020933267195	0.703093050732409	0.00386374546555855
5350	-3529.59134831939	999.666824466464	719.821227395378	150.5	8967.41831091483	466.061649664921	0.00263020933267195	0.708665761698435	0.00387777834666101
5360	-3525.9943365381	999.666824466464	719.821227395378	150.5	8941.52150218844	473.340675108466	0.00258847539297584	0.704506755520419	0.00387777834666101
5370	-3528.04637807105	999.666824466464	719.821227395378	150.5	8367.4080609308	471.355395747678	0.00261461902516718	0.704506755520419	0.00382939850280086
5380	-3526.57915824343	999.666824466464	733.717195389944	150.5	8367.4080609308	479.070608853586	0.00260585561854451	0.704506755520419	0.00382939850280086
5390	-3525.93001912277	999.666824466464	720.398933241363	150.5	8607.71055243824	479.070608853586	0.00260585561854451	0.717104577332244	0.00382456245722517
5400	-3523.26502237695	999.666824466464	720.398933241363	150.5	8599.68129126726	499.275978556385	0.0026065625992466	0.734922853287247	0.00388052844906173
5410	-3523.46065794432	999.666824466464	753.05901600913	150.5	8599.68129126726	499.275978556385	0.0026065625992466	0.734922853287247	0.00388052844906173
5420	-3523.95004977052	999.666824466464	736.377800358324	150.5	8599.68129126726	493.854215335707	0.00261067333181646	0.743136422658588	0.0038245856754215
5430	-3523.29736053585	999.666824466464	752.275796186649	150.5	8470.17147487196	498.009821489119	0.00261610421072337	0.743136422658588	0.0038427037859265
5440	-3525.99761174309	999.666824466464	781.284187008667	150.5	8470.17147487196	489.947655180499	0.00264715331854655	0.738241995478498	0.0038427037859265
5450	-3524.73429986395	999.666824466464	724.814718439955	150.5	8470.17147487196	489.947655180499	0.00263911001221516	0.734760819867896	0.00378096829842149
5460	-3523.31869818461	999.666824466464	679.383818629481	150.5	8470.17147487196	498.589338731394	0.00266218423397156	0.721967813338862	0.00378096829842149
5470	-3523.96835730843	999.666824466464	698.404319729002	150.5	8294.46028396898	495.042684448487	0.00266218423397156	0.721967813338862	0.00378096829842149
5480	-3524.80228011832	999.666824466464	708.075668708076	150.5	8130.51669015506	495.042684448487	0.00266505123927235	0.714381965330427	0.00378096829842149
5490	-3526.21871451269	999.666824466464	680.321766190767	150.5	7939.53502361715	496.706988187474	0.00266505123927235	0.714381965330427	0.00378096829842149
5500	-3525.25085308893	999.666824466464	694.629188583976	150.5	7939.53502361715	498.027949488812	0.00264923902075035	0.714381965330427	0.00378096829842149
5510	-3526.06368061603	999.666824466464	694.629188583976	150.5	8052.85395902875	492.681727766598	0.00264923902075035	0.714381965330427	0.00378096829842149
5520	-3526.27468243544	999.666824466464	692.568389653639	150.5	7927.65675407976	487.704445362967	0.00267456819044747	0.714381965330427	0.00378096829842149
5530	-3524.31854253188	999.666824466464	673.195350434607	150.5	8200.55575760058	498.866767333106	0.0026662932836306	0.707165610482449	0.00378096829842149
5540	-3524.87456093242	999.666824466464	673.195350434607	150.5	8194.81106632583	498.866767333106	0.00267637895498537	0.744948185865706	0.00378096829842149
5550	-3526.90002644925	999.666824466464	650.097558380921	150.5	7914.48183431436	488.797887340172	0.00268344926383256	0.700810487908155	0.00375691781287172
5560	-3528.44087347912	999.666824466464	598.032423596774	150.5	7914.48183431436	488.797887340172	0.00268344926383256	0.700810487908155	0.00375691781287172
5570	-3529.3294951008	999.666824466464	598.032423596774	150.5	7824.95644798605	487.036972402553	0.00267310519778407	0.699150774834799	0.00375691781287172
5580	-3530.09560323962	999.666824466464	632.334698903666	150.5	7824.95644798605	476.014842990932	0.00271234251561432	0.724957551113749	0.00375691781287172
5590	-3526.71238268145	999.666824466464	632.334698903666	150.5	7838.86506996925	499.601470089849	0.00268225281770557	0.724957551113749	0.00375691781287172
5600	-3526.7719606991	999.666824466464	632.334698903666	150.5	7838.86506996925	499.601470089849	0.00268225281770557	0.69727079092912	0.00375691781287172
5610	-3526.64703001977	999.666824466464	632.334698903666	150.5	7921.1021778674	499.601470089849	0.00269906343433724	0.738255831384708	0.00375691781287172
5620	-3526.39811263278	999.666824466464	632.334698903666	150.5	8115.55799622646	492.019071714848	0.00269906343433724	0.738255831384708	0.00370900667109473
5630	-3526.51381428206	999.666824466464	626.859174585055	150.5	8115.55799622646	492.019071714848	0.00269906343433724	0.738255831384708	0.00370900667109473
5640	-3526.68379440799	999.666824466464	626.859174585055	150.5	8115.55799622646	490.096139502583	0.00267156942449549	0.738255831384708	0.00379329981868794
5650	-3525.72293129771	999.666824466464	635.469889999481	150.5	8206.49512958005	494.899066507018	0.00268902374880012	0.726271380350157	0.00376862131906521
5660	-3525.59695201848	999.666824466464	638.148816344594	150.5	8419.90305116956	494.899066507018	0.00276068678074786	0.692179154876148	0.00364585792587002
5670	-3525.2552259804	999.666824466464	647.696258117732	150.5	8389.70154427725	490.780388901649	0.00278491393487032	0.692179154876148	0.00358852730218221
5680	-3524.93611027315	999.666824466464	647.696258117732	150.5	8654.25403260833	490.780388901649	0.00278491393487032	0.692179154876148	0.00358852730218221
5690	-3524.68014615754	999.666824466464	698.970641746433	150.5	8451.4887807395	491.460235352018	0.00278491393487032	0.696222066537615	0.00358852730218221
5700	-3524.8843625552	999.666824466464	659.326757648255	150.5	8451.4887807395	491.460235352018	0.00278491393487032	0.696222066537615	0.00358852730218221
5710	-3526.01700960285	999.666824466464	666.853907380429	150.5	8451.4887807395	491.460235352018	0.00278491393487032	0.672928954887809	0.00358852730218221
5720	-3526.18869683376	999.666824466464	666.853907380429	150.5	8392.38389952374	489.064101385738	0.00278217939256881	0.672928954887809	0.00358852730218221
5730	-3526.89210972462	999.666824466464	666.853907380429	150.5	8424.19397382762	495.667100326076	0.0027629507777123	0.664923292954363	0.00358545402091235
5740	-3526.40701308202	999.666824466464	732.427427403007	150.5	8424.19397382762	493.044719666626	0.0027629507777123	0.662234442418077	0.00360155772628274
5750	-3527.71565125492	999.666824466464	732.427427403007	150.5	8882.9519335798	493.044719666626	0.00273819499042317	0.659822951435322	0.0036323754635541
5760	-3525.52794321331	999.666824466464	732.427427403007	150.5	8882.9519335798	491.911773191932	0.00280154664401922	0.708983531967754	0.0036323754635541
5770	-3523.36833415011	999.666824466464	703.130052790303	150.5	8882.9519335798	493.373150005766	0.00280154664401922	0.716777663949928	0.00353519175178943
5780	-3525.890463129	999.666824466464	662.102613054613	150.5	8738.34353827587	481.13554666873	0.00282693081974179	0.704945488021623	0.00351393114118149
5790	-3522.1497481273	999.666824466464	662.102613054613	150.5	9018.22909616296	496.910711351533	0.00284710894696939	0.749545721761881	0.00356038353439972
5800	-3521.69205469848	999.666824466464	651.5107436908	150.5	9159.50788339972	497.259660430239	0.00289728191697894	0.737419671625618	0.00348094775632815
5810	-3519.89655332874	999.913181437537	605.825075192245	150.5	9796.63561883834	487.978171431608	0.00283903117055045	0.767056702278431	0.00348213065111764
5820	-3519.78946902492	999.913181437537	605.825075192245	150.5	9740.24875584982	495.019650286008	0.00280585010842635	0.755097285750123	0.0035272796073344
5830	-3520.38151867565	999.913181437537	605.825075192245	150.5	9740.24875584982	495.102489594839	0.00280615918369676	0.752009177754632	0.0035272796073344
5840	-3518.42888429799	999.913181437537	605.825075192245	150.5	9776.85449421695	497.837809355251	0.00282217764897079	0.784502680433106	0.0035272796073344
5850	-3517.89659871248	999.913181437537	653.573070950571	150.5	9776.85449421695	497.837809355251	0.0028192299186046	0.784502680433106	0.00357452874706526
5860	-3519.67787889003	999.913181437537	657.853082347122	150.5	9199.20035300354	498.164707560522	0.0028192299186046	0.784502680433106	0.00357452874706526
5870	-3523.33593836002	999.913181437537	691.74730516791	150.5	8393.04210535963	498.574365404922	0.00283935312640896	0.784502680433106	0.00356433736848646
5880	-3523.63211271777	999.913181437537	655.941451797799	150.5	9117.2837255394	472.433553818376	0.00283772223868893	0.789162509409367	0.00356433736848646
5890	-3523.21229081236	999.913181437537	688.888120736965	150.5	9042.3896883268	471.098355388606	0.00283279366671708	0.739528630404677	0.00356433736848646
5900	-3522.22691760303	999.913181437537	709.198580777493	150.5	9461.45081622838	477.818005872339	0.00283279366671708	0.739528630404677	0.00356433736848646
5910	-3520.95428408598	999.913181437537	721.859778361216	150.5	9587.78231975267	496.143715009943	0.00284519965655996	0.739528630404677	0.00356433736848646
5920	-3518.47133413064	999.913181437537	689.517474804444	150.5	9821.30137691879	496.143715009943	0.00282275032721627	0.761706779587146	0.00356433736848646
5930	-3517.89831326357	999.913181437537	682.205540704162	150.5	9821.30137691879	493.730616863585	0.00282018427533198	0.802001150048363	0.00356433736848646
5940	-3517.40763540095	999.913181437537	703.28489098146	150.5	9916.8762670263	497.549232913001	0.00284167397164236	0.802001150048363	0.00350706082590427
5950	-3517.81373853105	999.913181437537	697.332384960299	150.5	9916.8762670263	497.549232913001	0.00284167397164236	0.802001150048363	0.0035593903145327
5960	-3518.50333526686	999.913181437537	660.53301817826	150.5	9916.8762670263	491.55150317104	0.00289587729844921	0.825702741888091	0.00350285320148804
5970	-3520.13288594668	999.913181437537	625.914944516859	150.5	9916.8762670263	484.020383982791	0.00283374504031608	0.793412478249756	0.00348711306852371
5980	-3521.48103886688	999.913181437537	625.126283195806	150.5	9916.8762670263	497.538504463334	0.00278883445911483	0.877736220845215	0.00359002359404546
5990	-3520.26952854151	999.913181437537	611.261631024293	150.5	9916.8762670263	497.538504463334	0.00278208887506249	0.860478880759001	0.00359002359404546
6000	-3518.49584406462	999.913181437537	599.392691915694	150.5	9931.07552566022	497.8754497436	0.0027702488838658	0.828495596174322	0.00359002359404546
6010	-3518.56270396506	999.913181437537	599.392691915694	150.5	9931.07552566022	497.8754497436	0.0027702488838658	0.784851931938454	0.00359002359404546
6020	-3518.56707902885	999.913181437537	599.392691915694	150.5	9931.07552566022	497.8754497436	0.00280737663698979	0.784851931938454	0.00353564999605024
6030	-3518.72848816199	999.913181437537	593.117720631213	150.5	9931.07552566022	494.197040619455	0.00282044175695596	0.784851931938454	0.00353564999605024
6040	-3519.757032307	999.913181437537	567.486714880022	150.5	9931.07552566022	494.197040619455	0.00282044175695596	0.784851931938454	0.00353564999605024
6050	-3522.31552778664	999.913181437537	573.378776145733	150.5	9931.07552566022	495.814962894033	0.00285912815315791	0.763924071208816	0.00353564999605024
6060	-3525.15869172368	999.659859734719	573.378776145733	150.5	9692.78557506692	478.184126650352	0.00277831740193361	0.800823654464408	0.00355376724083495
6070	-3525.84962048523	999.659859734719	586.492617748008	150.5	9610.3095063822	469.884907301078	0.00282283685934801	0.820565101725243	0.00352131501305286
6080	-3522.76909835658	999.659859734719	610.971363589695	150.5	9662.88074430981	472.051355587508	0.00279238533110865	0.782566984139898	0.00357375303585194
6090	-3519.44770253256	999.659859734719	632.819917909635	150.5	9937.51166600892	489.214160810019	0.00279810976707774	0.782566984139898	0.00357375303585194
6100	-3519.28075026745	999.659859734719	663.276680606954	150.5	9937.51166600892	489.214160810019	0.00279810976707774	0.782566984139898	0.00355650706359259
6110	-3519.70648939774	999.659859734719	663.276680606954	150.5	9937.51166600892	487.931577886716	0.00278831326174968	0.787662064183715	0.00355650706359259
6120	-3518.9668317098	999.659859734719	663.276680606954	150.5	9937.51166600892	491.704452930959	0.00284472832392657	0.790870402098437	0.00354162929915019
6130	-3518.96658554721	999.659859734719	693.287157258578	150.5	9818.27632845162	490.601861141934	0.00283077614589597	0.790870402098437	0.00354162929915019
6140	-3518.96658554721	999.659859734719	693.287157258578	150.5	9818.27632845162	490.601861141934	0.00283077614589597	0.790870402098437	0.00354162929915019
6150	-3522.0175550487	999.659859734719	675.607209596295	150.5	9818.27632845162	476.966045521876	0.00285261237212946	0.790870402098437	0.00354162929915019
6160	-3521.62636603843	999.659859734719	675.607209596295	150.5	9978.50755297744	478.560899097607	0.00285261237212946	0.790870402098437	0.00354162929915019
6170	-3521.56908742397	999.659859734719	674.51766575862	150.5	9978.50755297744	478.560899097607	0.00285261237212946	0.769548095239879	0.00349524760446011
6180	-3522.38644078533	999.659859734719	647.171003128963	150.5	9540.3356601123	478.560899097607	0.00285261237212946	0.769548095239879	0.00349524760446011
6190	-3520.28995197746	999.659859734719	647.171003128963	150.5	9866.03127933058	494.448412895384	0.00285875640903369	0.765858828220265	0.00351738054207501
6200	-3519.48583321827	999.659859734719	628.74438674831	150.5	9866.03127933058	494.448412895384	0.0028518778210078	0.765858828220265	0.00351738054207501
6210	-3520.23179431661	999.659859734719	628.74438674831	150.5	9467.56260983758	498.650903388141	0.00286862128038327	0.768068052089604	0.00347315497059686
6220	-3520.17623485985	999.659859734719	628.74438674831	150.5	9467.56260983758	498.650903388141	0.00288162929604936	0.779316572253706	0.00349308480686532
6230	-3520.01220386782	999.804853605516	612.872302800298	150.5	9808.58097441285	492.519734521765	0.00286282901809487	0.752181987333674	0.00347976539745185
6240	-3519.5993446424	999.804853605516	623.593201645439	150.5	9808.58097441285	492.519734521765	0.00288301573153356	0.763403999619703	0.00347976539745185
6250	-3521.65817923827	999.804853605516	623.593201645439	150.5	9936.55589684528	491.85311131141	0.00284096156493998	0.72164988224335	0.00347976539745185
6260	-3522.04835920428	999.804853605516	627.902227717681	150.5	9893.25404884169	491.85311131141	0.00284096156493998	0.72164988224335	0.00347976539745185
6270	-3520.07257051773	999.804853605516	615.561091376222	150.5	9893.25404884169	494.802124369489	0.00289720970343208	0.776725731281522	0.00347976539745185
6280	-3518.96226507695	999.804853605516	615.561091376222	150.5	9982.78753579949	495.253283159636	0.00283863149363714	0.776725731281522	0.00348692348695241
6290	-3519.92683080714	999.804853605516	598.703968487877	150.5	9667.22223567636	494.055902972695	0.00287730449051829	0.776725731281522	0.00348692348695241
6300	-3521.81287410829	999.804853605516	598.703968487877	150.5	9667.22223567636	490.245072620281	0.00287730449051829	0.73771129168403	0.00348692348695241
6310	-3522.26682221629	999.804853605516	598.703968487877	150.5	9061.47922492936	494.5500529	0.00282808270534512	0.753494547891281	0.00354125518829881
6320	-3527.4656028617	999.804853605516	526.760687098712	150.5	9061.47922492936	494.5500529	0.00282808270534512	0.730769802944922	0.00347237215160027
6330	-3527.4656028617	999.804853605516	526.760687098712	150.5	9061.47922492936	494.5500529	0.00282808270534512	0.730769802944922	0.00347237215160027
6340	-3534.2791026764	999.804853605516	526.760687098712	150.5	8765.61548499676	479.020048163499	0.00280118899073487	0.730769802944922	0.00347237215160027
6350	-3533.27567607286	999.804853605516	517.524897293236	150.5	9111.92745666676	479.020048163499	0.00280118899073487	0.730769802944922	0.00347237215160027
6360	-3526.22475393775	999.804853605516	530.503013815231	150.5	9365.48053789249	479.020048163499	0.00284218598760803	0.772204195523821	0.00350789738215957
6370	-3523.60187754839	999.804853605516	540.322695999325	150.5	9836.92018884619	482.975643460151	0.00284218598760803	0.772204195523821	0.00350789738215957
6380	-3525.7293187278	999.804853605516	540.322695999325	150.5	9951.27642246402	466.81678051661	0.00286706562669095	0.780706639449681	0.00350789738215957
6390	-3523.99798736576	999.804853605516	555.646625081718	150.5	9910.03898889988	468.105958616295	0.00286706562669095	0.784151403237797	0.00349887409988284
6400	-3522.99329886759	999.804853605516	570.468371836697	150.5	9645.01435949931	478.635555562166	0.0028134156955336	0.798064659341612	0.00353779387426606
6410	-3522.91447739615	999.804853605516	599.491845326588	150.5	9650.3882885241	478.635555562166	0.00278751326880919	0.748814976912145	0.00359288399691365
6420	-3520.59726070015	999.804853605516	632.512108514858	150.5	9287.53846725364	497.883132419639	0.00278751326880919	0.747699171919043	0.00359288399691365
6430	-3522.47991410799	999.804853605516	635.235784206861	150.5	9287.53846725364	493.531850837128	0.00278573830271901	0.724624002432625	0.00359288399691365
6440	-3522.9008587744	999.804853605516	635.235784206861	150.5	9105.85986091649	492.105266935858	0.00275847391520247	0.703658042775484	0.00359582619544572
6450	-3521.55561050077	999.804853605516	635.235784206861	150.5	9188.89363379516	488.491161243362	0.00276684838980182	0.777859792459951	0.00359582619544572
6460	-3521.05969548122	999.804853605516	624.142115485044	150.5	9358.80318119435	496.400680579181	0.00282073322732673	0.777859792459951	0.00359594517930053
6470	-3522.69478106769	999.804853605516	624.142115485044	150.5	9358.80318119435	482.496440054276	0.00282073322732673	0.777859792459951	0.00359594517930053
6480	-3522.69478106769	999.804853605516	624.142115485044	150.5	9358.80318119435	482.496440054276	0.00282073322732673	0.777859792459951	0.00359594517930053
6490	-3520.62231617449	999.804853605516	624.142115485044	150.5	9342.97725744314	495.97772350032	0.00281540601044778	0.777859792459951	0.00359594517930053
6500	-3519.35294357215	999.804853605516	637.6550149251	150.5	9636.65755121999	492.434570898899	0.00280522796372636	0.793814834090487	0.00359594517930053
6510	-3519.15622526521	999.804853605516	637.6550149251	150.5	9636.65755121999	493.239802167016	0.00280522796372636	0.793814834090487	0.00359244621115384
6520	-3519.49211758757	999.804853605516	686.698028892915	150.5	9636.65755121999	493.239802167016	0.00277169969697688	0.793814834090487	0.00359244621115384
6530	-3518.36064879215	999.804853605516	665.790100249266	150.5	9751.95864970312	498.30770167308	0.00280047291161364	0.800524726267006	0.00359244621115384
6540	-3517.60495852419	999.804853605516	690.910591920857	150.5	9751.95864970312	498.30770167308	0.00280047291161364	0.782348006576909	0.00359244621115384
6550	-3518.71501598751	999.804853605516	658.494084223569	150.5	9907.77221858144	493.384127127892	0.00282019162170257	0.799441304627635	0.00357081565594339
6560	-3519.96993238039	999.804853605516	658.494084223569	150.5	9764.99718794407	490.238305887774	0.00283342998989722	0.799441304627635	0.00357081565594339
6570	-3520.31897329052	999.804853605516	701.591342381693	150.5	9295.48302927237	498.138822372084	0.00283342998989722	0.799441304627635	0.00357081565594339
6580	-3520.98513427159	999.804853605516	728.360733678392	150.5	9295.48302927237	498.138822372084	0.00283342998989722	0.789397257048993	0.00360016329601968
6590	-3518.25933087594	999.804853605516	667.248421069974	150.5	9866.41877231891	492.924472797546	0.00278973984176558	0.789397257048993	0.00360016329601968
6600	-3518.48457966223	999.804853605516	672.307906465187	150.5	9661.93727292866	492.924472797546	0.00278973984176558	0.789397257048993	0.00360016329601968
6610	-3519.16945044543	999.804853605516	691.285657916808	150.5	9435.56305733996	499.98254022048	0.00278973984176558	0.789397257048993	0.00362075756612418
6620	-3518.2557015295	999.804853605516	691.285657916808	150.5	9435.56305733996	499.98254022048	0.00277890298672832	0.7603162513405	0.00360865272051155
6630	-3520.89802164494	999.804853605516	658.750304507951	150.5	9453.43318125003	498.515282247533	0.00273061420534468	0.76545372759361	0.00360865272051155
6640	-3519.74788555726	999.804853605516	644.849587310567	150.5	9558.47682246246	495.473667012837	0.00275566345975058	0.768064048538626	0.00360865272051155
6650	-3519.58707580434	999.804853605516	639.364694696538	150.5	9726.61193858295	495.473667012837	0.0027514030437206	0.821810498790353	0.00367962297563409
6660	-3520.12260945753	999.804853605516	639.364694696538	150.5	9724.77833596847	496.738807411962	0.00272220936976234	0.821810498790353	0.00367962297563409
6670	-3519.561946652	999.804853605516	639.364694696538	150.5	9724.77833596847	496.738807411962	0.00272947866423415	0.796168577873468	0.00367962297563409
6680	-3519.67555614512	999.804853605516	657.730110459408	150.5	9724.77833596847	490.793304677441	0.00272992002524927	0.809290030851268	0.00367962297563409
6690	-3521.3290491684	999.804853605516	613.708598712351	150.5	9724.77833596847	490.793304677441	0.00268661462811561	0.786070404851267	0.00372755853500964
6700	-3520.34135366128	999.804853605516	613.708598712351	150.5	9724.77833596847	493.04239593312	0.00269724843740132	0.819852726019619	0.00372755853500964
6710	-3519.72265712939	999.804853605516	613.708598712351	150.5	9819.15426786125	493.04239593312	0.00269638375919705	0.78158318063082	0.00372755853500964
6720	-3520.27472370077	999.804853605516	613.708598712351	150.5	9819.15426786125	493.727509290614	0.00265213922055415	0.78158318063082	0.00372755853500964
6730	-3519.94156128609	999.804853605516	628.273812141954	150.5	9819.15426786125	493.727509290614	0.00265213922055415	0.839059297319814	0.00381252539377335
6740	-3522.1316238905	999.804853605516	628.273812141954	150.5	9819.15426786125	494.72234851922	0.00267906817714885	0.846742757678135	0.00381252539377335
6750	-3519.61934743001	999.804853605516	628.273812141954	150.5	9819.15426786125	495.08206965774	0.00260521309171294	0.809226082906664	0.00386885132256835
6760	-3520.66261282674	999.804853605516	628.273812141954	150.5	9524.45944500585	495.08206965774	0.00260521309171294	0.809226082906664	0.00386885132256835
6770	-3520.13249830888	999.804853605516	616.481544349588	150.5	9741.52126074944	495.480971494153	0.00260521309171294	0.809226082906664	0.00385115414880665
6780	-3518.75918902088	999.804853605516	655.497835496272	150.5	9863.99428105197	492.082139751446	0.00257831084535006	0.803115587982985	0.00389531291055731
6790	-3517.3219488902	999.804853605516	655.497835496272	150.5	9863.99428105197	492.082139751446	0.00257492596065883	0.810655983158801	0.00389531291055731
6800	-3517.3219488902	999.804853605516	655.497835496272	150.5	9863.99428105197	492.082139751446	0.00257492596065883	0.810655983158801	0.00389531291055731
6810	-3518.51514278374	999.804853605516	655.497835496272	150.5	9863.99428105197	496.014417199341	0.00258081484783956	0.810655983158801	0.00389531291055731
6820	-3517.94998459531	999.804853605516	655.497835496272	150.5	9962.49370630377	496.014417199341	0.00258938283046832	0.798131997067259	0.00385418229400931
6830	-3518.65678124562	999.804853605516	601.51873372053	150.5	9969.75659305527	496.798212588425	0.00257245502721373	0.798131997067259	0.00385418229400931
6840	-3519.40596383309	999.804853605516	601.51873372053	150.5	9969.75659305527	496.798212588425	0.00257245502721373	0.790104062585422	0.00385418229400931
6850	-3519.40596383309	999.804853605516	601.51873372053	150.5	9969.75659305527	496.798212588425	0.00257245502721373	0.790104062585422	0.00385418229400931
6860	-3520.0799085461	999.804853605516	601.51873372053	150.5	9817.746245702	496.781602037186	0.00257245502721373	0.790104062585422	0.00385418229400931
6870	-3520.14098292566	999.804853605516	599.318837624697	150.5	9817.746245702	496.781602037186	0.00257245502721373	0.790104062585422	0.00385418229400931
6880	-3519.00070351052	999.804853605516	649.058919699429	150.5	9692.2273973198	493.297134217894	0.00257245502721373	0.790104062585422	0.00389705672268349
6890	-3522.18106449228	999.804853605516	672.362278915333	150.5	9382.54471167924	486.038355695182	0.00254980657533814	0.733676756550249	0.00389705672268349
6900	-3521.94431406846	999.804853605516	672.362278915333	150.5	9382.54471167924	487.833136949604	0.00254980657533814	0.733676756550249	0.00389705672268349
6910	-3520.18790458949	999.804853605516	672.362278915333	150.5	9562.52057370243	499.147693437182	0.00259861885722154	0.735487994260485	0.00385952081362256
6920	-3524.61565482453	999.804853605516	644.676900662931	150.5	9524.48916140593	498.312552009974	0.00259861885722154	0.790704298533772	0.00375456461012272
6930	-3520.73901910626	999.804853605516	644.676900662931	150.5	9391.43103864615	499.576013299217	0.00262730877008182	0.790704298533772	0.00378051207262122
6940	-3521.90610786142	999.804853605516	593.973883935538	150.5	9391.43103864615	498.522872998374	0.00262730877008182	0.790704298533772	0.00378051207262122
6950	-3520.31717548499	999.804853605516	617.831051000916	150.5	9391.43103864615	498.522872998374	0.00262730877008182	0.793226543478613	0.00381187102498314
6960	-3521.89312619532	999.804853605516	617.831051000916	150.5	9436.16482886975	489.194462907163	0.00267256451571337	0.800918322874199	0.00372032275048268
6970	-3521.15800344068	999.804853605516	617.831051000916	150.5	9436.16482886975	489.194462907163	0.00267256451571337	0.777252745186519	0.00372070691019915
6980	-3524.07318745653	999.804853605516	622.260588498995	150.5	8737.3640497356	492.050086336381	0.00265600258141745	0.777252745186519	0.00375936661211871
6990	-3523.94439483044	999.804853605516	599.676108502835	150.5	8603.32288460696	497.852428040642	0.00265600258141745	0.739027526282081	0.00375936661211871
7000	-3524.42743756506	999.804853605516	599.676108502835	150.5	8603.32288460696	497.852428040642	0.00265600258141745	0.751008758297497	0.00377906966498622
7010	-3525.09452531419	999.804853605516	578.309231055843	150.5	8842.56443085176	491.051883945787	0.00266339282853126	0.736728355884257	0.00377906966498622
7020	-3525.33636526921	999.804853605516	578.309231055843	150.5	8801.23922094365	488.054204098484	0.00266339282853126	0.731612534673557	0.00376440710146184
7030	-3525.69390101335	999.804853605516	578.309231055843	150.5	8801.23922094365	493.964085850043	0.00264898866590632	0.79666070721936	0.00381067013901741
7040	-3526.75198843412	999.804853605516	578.356173987798	150.5	8801.23922094365	499.945767802246	0.00261851092299469	0.81092295436086	0.00381067013901741
7050	-3524.64533543367	999.804853605516	578.356173987798	150.5	9009.17102865794	487.583276959251	0.00262083187981137	0.789027776803735	0.00381067013901741
7060	-3522.13153759636	999.804853605516	578.356173987798	150.5	9402.11941136469	497.598332214073	0.00262083187981137	0.789027776803735	0.00381067013901741
7070	-3522.45562108283	999.804853605516	591.64893049827	150.5	9402.11941136469	497.598332214073	0.00262083187981137	0.744404312988047	0.00382249674220347
7080	-3521.79877744051	999.804853605516	591.64893049827	150.5	9320.40056589167	497.598332214073	0.00262083187981137	0.744404312988047	0.00382249674220347
7090	-3521.49039990182	999.804853605516	600.113835865249	150.5	9710.17146084318	484.267392220426	0.00261318078156565	0.785714779961083	0.00382249674220347
7100	-3519.68074021457	999.804853605516	632.742115504421	150.5	9252.84297132974	499.627084265353	0.0026153757244438	0.785714779961083	0.00383066891274863
7110	-3523.00574967998	999.804853605516	598.841104270495	150.5	9426.3293188473	480.77769009101	0.0026153757244438	0.785714779961083	0.00383066891274863
7120	-3521.80211102177	999.804853605516	598.841104270495	150.5	9761.51680679242	483.192508423808	0.0026153757244438	0.785714779961083	0.00383066891274863
7130	-3520.8642778128	999.804853605516	598.841104270495	150.5	9433.5412441161	496.138382322168	0.00260503395960672	0.785714779961083	0.00387434336667593
7140	-3520.87821816289	999.804853605516	598.841104270495	150.5	9440.06758049333	496.138382322168	0.00260503395960672	0.81791058791755	0.00387434336667593
7150	-3521.65076007843	999.804853605516	579.846527203424	150.5	9440.06758049333	496.138382322168	0.00260503395960672	0.81791058791755	0.00387434336667593
7160	-3521.65076007843	999.804853605516	579.846527203424	150.5	9440.06758049333	496.138382322168	0.00260503395960672	0.81791058791755	0.00387434336667593
7170	-3521.65076007843	999.804853605516	579.846527203424	150.5	9440.06758049333	496.138382322168	0.00260503395960672	0.81791058791755	0.00387434336667593
7180	-3523.83924927341	999.804853605516	559.335888145243	150.5	9440.06758049333	494.427451903838	0.0025630412162964	0.81791058791755	0.00387434336667593
7190	-3521.42321074704	999.804853605516	559.335888145243	150.5	9764.95501987628	496.444095796594	0.00258736164821345	0.808024893035189	0.00387434336667593
7200	-3520.78478525869	999.804853605516	629.971319959798	150.5	9762.98079717487	493.558420723297	0.00258736164821345	0.838649930125956	0.00389908477238123
7210	-3520.75692693821	999.804853605516	629.971319959798	150.5	9568.96554982669	493.558420723297	0.00259694803910058	0.797420993940894	0.00390164449332718
7220	-3520.68955654297	999.804853605516	632.949708285854	150.5	9568.96554982669	493.558420723297	0.00259694803910058	0.797420993940894	0.00390164449332718
7230	-3520.32900071346	999.804853605516	655.037783190615	150.5	9439.20584597685	493.558420723297	0.00259694803910058	0.797420993940894	0.00390164449332718
7240	-3520.78541705246	999.804853605516	641.359101717128	150.5	9439.20584597685	493.53613632771	0.00255940768177418	0.797420993940894	0.00394850136469444
7250	-3520.34139207381	999.804853605516	698.111782390382	150.5	9439.20584597685	493.53613632771	0.00255940768177418	0.797420993940894	0.00394850136469444
7260	-3524.89614740394	999.804853605516	693.90570777139	150.5	9439.20584597685	484.785469755595	0.00254607609542233	0.809583735704615	0.0038790119162779
7270	-3521.61371463237	999.804853605516	693.90570777139	150.5	9764.93820856312	485.850090522901	0.00254607609542233	0.77078256053656	0.0038790119162779
7280	-3520.55497420042	999.804853605516	740.932431785869	150.5	9764.93820856312	497.031924668128	0.00254607609542233	0.77078256053656	0.0038790119162779
7290	-3522.47654935131	999.804853605516	655.62910731317	150.5	9764.93820856312	497.031924668128	0.00254607609542233	0.759618697632428	0.00385035595953791
7300	-3521.39360878303	999.804853605516	655.62910731317	150.5	9809.9034212088	497.031924668128	0.00254607609542233	0.730270747551193	0.00395601936679922
7310	-3519.72056201691	999.804853605516	647.43094074644	150.5	9809.9034212088	497.031924668128	0.00249537049580141	0.730270747551193	0.00395601936679922
7320	-3519.61183623878	999.804853605516	636.952473090272	150.5	9809.9034212088	497.031924668128	0.00249537049580141	0.730270747551193	0.00396669323498812
7330	-3519.61183623878	999.804853605516	636.952473090272	150.5	9809.9034212088	497.031924668128	0.00249537049580141	0.730270747551193	0.00396669323498812
7340	-3520.75475620329	999.804853605516	636.952473090272	150.5	9684.71325341292	496.334854146131	0.00251166737044293	0.735562741807962	0.00396669323498812
7350	-3519.60908751817	999.804853605516	636.952473090272	150.5	9684.71325341292	496.227916102422	0.00251166737044293	0.77784714634939	0.00398234134312994
7360	-3521.20902791799	999.804853605516	636.952473090272	150.5	9821.07333776899	495.354948389333	0.00247834030984779	0.723615716569816	0.00400496007944628
7370	-3521.37599823891	999.804853605516	653.445226188353	150.5	9821.07333776899	495.354948389333	0.00244798097590721	0.72395494463842	0.00404284667074014
7380	-3519.69195850778	999.804853605516	653.445226188353	150.5	9738.35669008843	495.926194858212	0.00243781687185785	0.751146690972557	0.00407904838123944
7390	-3520.88123012967	999.804853605516	633.212602040339	150.5	9738.35669008843	495.926194858212	0.00241087467619274	0.751146690972557	0.00407904838123944
7400	-3520.68449716001	999.804853605516	633.212602040339	150.5	9363.24632794206	499.619292526947	0.00243261858045722	0.76825519649676	0.00407904838123944
7410	-3519.85824924869	999.804853605516	633.212602040339	150.5	9584.6097543186	499.619292526947	0.00243261858045722	0.809872466801925	0.00407923951550888
7420	-3520.66369720682	999.804853605516	637.390009986785	150.5	9387.16362566846	499.619292526947	0.00244465071904782	0.771406137630321	0.00407923951550888
7430	-3522.18060733035	999.804853605516	607.567968157276	150.5	9391.22783457085	489.721596548302	0.00244465071904782	0.771406137630321	0.00404704395424219
7440	-3520.2680367751	999.804853605516	609.784767628315	150.5	9839.71313119383	482.930552283161	0.00246174257399261	0.771406137630321	0.00404704395424219
7450	-3521.45701524993	999.804853605516	609.784767628315	150.5	9839.71313119383	482.930552283161	0.00247806235028565	0.796347590432332	0.00404704395424219
7460	-3523.01481292408	999.804853605516	609.784767628315	150.5	9815.309165185	474.616248373745	0.00248106659090381	0.800955315768946	0.00404704395424219
7470	-3520.92432740839	999.804853605516	609.784767628315	150.5	9890.0847517914	492.783780746254	0.00244555220727526	0.800955315768946	0.00404704395424219
7480	-3520.25946815236	999.804853605516	634.795988859447	150.5	9890.0847517914	492.783780746254	0.00244555220727526	0.763419630208837	0.00406712732805887
7490	-3518.98763890496	999.804853605516	634.795988859447	150.5	9636.54684887361	492.994434022531	0.00243673566059097	0.775393105732058	0.00406712732805887
7500	-3518.98763890496	999.804853605516	634.795988859447	150.5	9636.54684887361	492.994434022531	0.00243673566059097	0.775393105732058	0.00406712732805887
7510	-3518.94201975643	999.804853605516	634.795988859447	150.5	9606.54559003668	498.626260732959	0.00245444190325383	0.775393105732058	0.00406712732805887
7520	-3519.30490363723	999.804853605516	634.795988859447	150.5	9606.54559003668	498.626260732959	0.00245444190325383	0.772626052734022	0.00405369744394418
7530	-3519.31472906809	999.804853605516	634.795988859447	150.5	9674.7601600972	496.622553271897	0.00245444190325383	0.773414197885877	0.00405369744394418
7540	-3519.47020978906	999.804853605516	626.022125473486	150.5	9674.7601600972	496.622553271897	0.00245444190325383	0.773414197885877	0.00405369744394418
7550	-3520.89813983843	999.804853605516	626.022125473486	150.5	9625.23096083517	487.034061502459	0.00244698753801571	0.771165141808315	0.00402653983282934
7560	-3520.65781087927	999.804853605516	652.784955949709	150.5	9625.23096083517	487.034061502459	0.00244698753801571	0.771165141808315	0.00402653983282934
7570	-3519.79447905304	999.804853605516	652.784955949709	150.5	8972.79434335366	499.452065881572	0.00249626193354901	0.751618741400721	0.00401224513178774
7580	-3519.68998805089	999.804853605516	677.86954630993	150.5	8972.79434335366	499.452065881572	0.00249626193354901	0.751618741400721	0.00403438824110545
7590	-3519.55708925727	999.804853605516	677.86954630993	150.5	8972.79434335366	499.452065881572	0.00249626193354901	0.751618741400721	0.00401359878225682
7600	-3519.24513255989	999.804853605516	677.86954630993	150.5	8972.79434335366	499.452065881572	0.00249105874738593	0.751618741400721	0.00401359878225682
7610	-3519.22556805553	999.804853605516	682.958368592959	150.5	8972.79434335366	499.452065881572	0.00249105874738593	0.751618741400721	0.00401359878225682
7620	-3520.93386388004	999.804853605516	682.958368592959	150.5	9199.19026729506	499.452065881572	0.00247823876430281	0.779003841618066	0.00401537200564344
7630	-3520.36055317894	999.804853605516	647.170834722024	150.5	9473.35738600416	499.452065881572	0.00247823876430281	0.779003841618066	0.00400856103444334
7640	-3521.19232047467	999.804853605516	647.170834722024	150.5	9476.75875892665	499.452065881572	0.00246227910663638	0.779003841618066	0.00400856103444334
7650	-3520.43777697802	999.804853605516	647.170834722024	150.5	9476.75875892665	499.452065881572	0.00246227910663638	0.772965671014207	0.00410829345636773
7660	-3520.21320544549	999.804853605516	647.170834722024	150.5	9476.75875892665	499.452065881572	0.00246227910663638	0.790278893506663	0.00410829345636773
7670	-3519.61562720754	999.804853605516	647.170834722024	150.5	9764.86189642776	499.452065881572	0.00246227910663638	0.790278893506663	0.00410829345636773
7680	-3519.46175824685	999.804853605516	730.428046611893	150.5	9764.86189642776	499.930912568199	0.00243454829816314	0.770445135003374	0.00407089899732229
7690	-3519.59812731792	999.804853605516	730.428046611893	150.5	9449.79375844189	492.842683967743	0.00244123477791515	0.762390865955757	0.00407242674722145
7700	-3521.68390967152	999.804853605516	714.311544305164	150.5	9292.06249909481	482.756145918167	0.00246597420310001	0.743817760394498	0.00409687630789563
7710	-3522.92086699573	999.804853605516	672.456238685411	150.5	9160.36756333818	490.306277544103	0.00245154004230223	0.795767486315434	0.00409687630789563
7720	-3521.89176848787	999.804853605516	672.456238685411	150.5	9160.36756333818	490.306277544103	0.00245154004230223	0.761769104246428	0.00405362176062549
7730	-3520.31072610072	999.804853605516	672.456238685411	150.5	9121.46671925984	496.673667304078	0.00245154004230223	0.765215760237388	0.00407080446883358
7740	-3519.52701186864	999.804853605516	672.456238685411	150.5	9622.19726369806	495.505168404399	0.00243667423139571	0.793359910893729	0.00410337195736895
7750	-3519.40872232181	999.804853605516	667.286849032696	150.5	9622.19726369806	495.505168404399	0.00243667423139571	0.794024479186029	0.00410337195736895
7760	-3519.88957752832	999.804853605516	644.669596411686	150.5	9622.19726369806	493.207713237	0.00244920849853452	0.794024479186029	0.00410337195736895
7770	-3518.68040765155	999.804853605516	668.69402841028	150.5	9945.35485088796	495.384051856351	0.00244920849853452	0.794024479186029	0.00412927568412008
7780	-3521.25106494038	999.804853605516	668.69402841028	150.5	9945.35485088796	488.471363302668	0.00239707176145243	0.754934165519432	0.00409705377779768
7790	-3524.03469214115	999.804853605516	668.69402841028	150.5	9827.49078948093	467.022170894272	0.00249230750689065	0.832036387915479	0.0040012887571986
7800	-3519.52204392031	999.804853605516	668.69402841028	150.5	9788.70946210588	483.853125984071	0.00247994970427602	0.829076822416005	0.00404710910760137
7810	-3519.66954913622	999.804853605516	639.566229210058	150.5	9788.70946210588	484.393664467493	0.00247994970427602	0.829076822416005	0.00404710910760137
7820	-3519.66954913622	999.804853605516	639.566229210058	150.5	9788.70946210588	484.393664467493	0.00247994970427602	0.829076822416005	0.00404710910760137
7830	-3519.60776982694	999.804853605516	639.566229210058	150.5	9774.42634311212	498.548078277626	0.00247071682572839	0.829076822416005	0.00408615436945122
7840	-3520.75661010294	999.804853605516	639.566229210058	150.5	9774.42634311212	494.35908120996	0.00247071682572839	0.75914627928617	0.00403452897126781
7850	-3520.66139999216	999.804853605516	639.566229210058	150.5	9534.91697055248	492.158625435083	0.00248649859739578	0.75914627928617	0.00403452897126781
7860	-3519.91626520072	999.804853605516	661.03108367752	150.5	9534.91697055248	492.158625435083	0.00247047302600006	0.75914627928617	0.00403452897126781
7870	-3519.20111782562	999.804853605516	661.03108367752	150.5	9793.96926427669	499.972891285368	0.00247619736931836	0.75914627928617	0.00403452897126781
7880	-3519.25103675081	999.804853605516	661.03108367752	150.5	9801.11386263241	496.292841671528	0.00247619736931836	0.75914627928617	0.00403452897126781
7890	-3519.82809723249	999.804853605516	661.03108367752	150.5	9801.11386263241	496.749172380627	0.00249752750844739	0.75914627928617	0.00403452897126781
7900	-3519.07718075796	999.804853605516	661.03108367752	150.5	9973.80109674427	496.749172380627	0.00249061364673512	0.75914627928617	0.00400027859433407
7910	-3522.43222699137	999.804853605516	661.03108367752	150.5	9455.03811448028	496.749172380627	0.00249061364673512	0.709395113591844	0.00400027859433407
7920	-3522.51180964775	999.804853605516	662.136858091842	150.5	9455.03811448028	488.251731185484	0.00251040808543027	0.709395113591844	0.00394061966828782
7930	-3522.92095786921	999.804853605516	670.141967837862	150.5	9455.03811448028	487.144424367019	0.00252105526273096	0.709395113591844	0.00394913368953471
7940	-3524.16270213985	999.804853605516	670.141967837862	150.5	9627.70958130508	485.560303249533	0.00254485917904387	0.71568580715859	0.00394913368953471
7950	-3522.93879006127	999.804853605516	660.584751332118	150.5	9474.80242986757	495.107410594909	0.00255798157948738	0.71568580715859	0.00394790523377366
7960	-3522.7953852505	999.804853605516	660.584751332118	150.5	9474.80242986757	491.19446090258	0.0025327018489024	0.71568580715859	0.00394790523377366
7970	-3524.71634618364	999.804853605516	660.584751332118	150.5	9742.73273367703	486.682950233517	0.00248679633929874	0.71568580715859	0.00394790523377366
7980	-3522.77668835415	999.804853605516	660.584751332118	150.5	9560.3739961194	490.415442587768	0.00255087937947291	0.71568580715859	0.00394790523377366
7990	-3521.20803503135	999.804853605516	660.584751332118	150.5	9556.29857531604	492.618393072998	0.00253178263342321	0.733868555712472	0.00394790523377366
8000	-3521.27932263115	999.804853605516	660.584751332118	150.5	9705.10329224739	494.465737867246	0.00253569641418049	0.733868555712472	0.00394790523377366
8010	-3522.38823302873	999.852621278977	648.523489874075	150.5	9618.18786390775	476.027769009624	0.00253569641418049	0.733868555712472	0.00394790523377366
8020	-3522.91860387137	999.852621278977	619.151765490936	150.5	9618.18786390775	476.027769009624	0.00253569641418049	0.733868555712472	0.00394790523377366
8030	-3522.91860387137	999.852621278977	619.151765490936	150.5	9618.18786390775	476.027769009624	0.00253569641418049	0.733868555712472	0.00394790523377366
8040	-3521.08532459746	999.852621278977	619.151765490936	150.5	9618.18786390775	487.224902884038	0.00253308288112402	0.755282381023865	0.00394790523377366
8050	-3518.93217110579	999.852621278977	620.042192570703	150.5	9957.9622529171	491.481271414852	0.00252657213727416	0.771516098996517	0.00394790523377366
8060	-3518.16024117351	999.852621278977	620.042192570703	150.5	9957.9622529171	497.830181941897	0.00252657213727416	0.771516098996517	0.00394790523377366
8070	-3518.6980016187	999.852621278977	620.042192570703	150.5	9917.87717959323	497.830181941897	0.00251174422026044	0.771516098996517	0.00394790523377366
8080	-3522.61331687867	999.852621278977	594.741636952669	150.5	9787.08660071847	482.886500835138	0.00253441616041371	0.799038963816765	0.00399075925335962
8090	-3523.94312979145	999.852621278977	576.073720753178	150.5	9415.09274591003	485.946910065809	0.00252988775754153	0.799038963816765	0.00399075925335962
8100	-3520.99844087907	999.852621278977	602.767983973089	150.5	9415.09274591003	489.892413042682	0.00251032333047545	0.784260813448796	0.00399075925335962
8110	-3519.70170767855	999.852621278977	602.767983973089	150.5	9592.88025404249	497.789514171806	0.00251032333047545	0.784260813448796	0.00399075925335962
8120	-3517.55931901825	999.852621278977	618.040560385015	150.5	9592.88025404249	497.789514171806	0.00251032333047545	0.788443951389569	0.00399075925335962
8130	-3520.79443584192	999.852621278977	605.467282561438	150.5	9432.43796966705	497.789514171806	0.00251260047132545	0.798493357679319	0.00399075925335962
8140	-3521.48269471225	999.852621278977	606.287408416979	150.5	9432.43796966705	488.783540967491	0.00249481158105151	0.774308760512016	0.00399075925335962
8150	-3522.11479834138	999.852621278977	587.711454712458	150.5	9697.3798167675	495.286253296597	0.00249481158105151	0.849832332879308	0.00399075925335962
8160	-3521.09663761588	999.852621278977	587.711454712458	150.5	9933.84522268252	495.286253296597	0.00249481158105151	0.849832332879308	0.00399075925335962
8170	-3522.5072775327	999.852621278977	587.711454712458	150.5	9547.16424163521	485.086134721707	0.00253123526514471	0.815238447849641	0.00399274807374527
8180	-3522.75578806181	999.852621278977	587.711454712458	150.5	9547.16424163521	489.630624546742	0.00252672524998919	0.832309628904554	0.00399274807374527
8190	-3524.97027677607	999.852621278977	587.711454712458	150.5	9768.12877635619	474.995157223794	0.00253903481022767	0.832309628904554	0.00399274807374527
8200	-3522.84936428884	999.852621278977	597.185531739279	150.5	9657.97920878066	490.658090968798	0.00253903481022767	0.832309628904554	0.00399274807374527
8210	-3522.8625963481	999.852621278977	642.968843381616	150.5	9933.86041951375	466.277590956973	0.00253903481022767	0.832309628904554	0.00399274807374527
8220	-3522.14877885124	999.852621278977	642.968843381616	150.5	9933.86041951375	475.193754854105	0.00253903481022767	0.804012099169806	0.00395433205664607
8230	-3524.55228555359	999.852621278977	677.175030152565	150.5	9770.20764075592	497.098162978409	0.00251097158336305	0.831987734644343	0.00389875262225054
8240	-3519.74075444719	999.852621278977	667.745223192248	150.5	9701.57211632118	499.605293542937	0.00252644568784748	0.825663160554	0.00394587239511531
8250	-3519.8413332294	999.852621278977	667.745223192248	150.5	9701.57211632118	499.605293542937	0.00252644568784748	0.848536592583121	0.00396552984197839
8260	-3521.01140006606	999.852621278977	643.823411191125	150.5	9701.57211632118	499.605293542937	0.00252644568784748	0.848536592583121	0.00402944032851734
8270	-3523.96978166839	999.852621278977	643.823411191125	150.5	9919.3299496777	471.435550546829	0.00252134319320148	0.848536592583121	0.00403928644477287
8280	-3524.39664986452	999.852621278977	643.823411191125	150.5	9919.3299496777	471.435550546829	0.0025031698060844	0.845400007466197	0.00403576099653264
8290	-3525.4875470466	999.763910250998	650.507960707253	150.5	9993.4022481792	463.669188017189	0.00253220736697622	0.845400007466197	0.00403576099653264
8300	-3522.97844216651	999.763910250998	627.642041194452	150.5	9849.01314066938	472.028144348679	0.00248919028816683	0.820011877160704	0.00403576099653264
8310	-3521.39743773958	999.763910250998	650.592054667025	150.5	9849.01314066938	482.001244481356	0.00248919028816683	0.820011877160704	0.00403576099653264
8320	-3521.86823661892	999.763910250998	653.547766378009	150.5	9849.01314066938	484.567478255773	0.00246373594936707	0.763180732336547	0.00401469863515346
8330	-3523.27578482216	999.763910250998	673.6795339194	150.5	9858.8062995132	471.389215683174	0.00246373594936707	0.763180732336547	0.00409708951284084
8340	-3523.29411413542	999.763910250998	673.036760464639	150.5	9858.8062995132	467.660026583388	0.00242220825755559	0.790009940188102	0.00409708951284084
8350	-3523.71572179176	999.763910250998	669.120027572227	150.5	9508.87160258337	477.78127596349	0.00247134328080851	0.7249288124841	0.00405663888302408
8360	-3523.12184251873	999.737251215084	652.3403112182	150.5	9713.43095736953	494.285295659789	0.002483249001452	0.7249288124841	0.00406412500557132
8370	-3524.00080931388	999.70365352323	670.424584465895	150.5	9700.80769209271	487.954722573185	0.00251561832952042	0.752912714314587	0.00406412500557132
8380	-3525.78415456314	999.70365352323	697.570989632681	150.5	9700.80769209271	487.954722573185	0.00251561832952042	0.752912714314587	0.00408428002958969
8390	-3526.88313839793	999.70365352323	675.87093896695	150.5	9700.80769209271	487.954722573185	0.00251561832952042	0.752912714314587	0.00409176691941042
8400	-3520.37350645496	999.70365352323	720.513422326823	150.5	9700.80769209271	487.954722573185	0.00251922831147398	0.776679712201598	0.00397773526398892
8410	-3521.07655195048	999.70365352323	720.513422326823	150.5	9370.40811881353	487.954722573185	0.00251922831147398	0.776679712201598	0.00398423428393744
8420	-3521.01465335252	999.70365352323	667.813337992523	150.5	9370.40811881353	487.954722573185	0.00251922831147398	0.776679712201598	0.00398423428393744
8430	-3521.01465335252	999.70365352323	667.813337992523	150.5	9370.40811881353	487.954722573185	0.00251922831147398	0.776679712201598	0.00398423428393744
8440	-3523.58604730193	999.70365352323	709.222351763251	150.5	9235.73595813944	487.954722573185	0.00251922831147398	0.776679712201598	0.00393185508987298
8450	-3522.23899817433	999.70365352323	673.307369597238	150.5	9371.91645254735	485.919294097144	0.00251902432783693	0.793037223266939	0.00396737989404843
8460	-3523.18621179507	999.70365352323	632.036795396916	150.5	9371.91645254735	485.919294097144	0.00255218499592824	0.793037223266939	0.00396737989404843
8470	-3521.0538712488	999.70365352323	637.692420442425	150.5	9766.87280216277	483.798963223691	0.00252064310189991	0.793037223266939	0.00396737989404843
8480	-3518.86669512072	999.70365352323	658.690732411804	150.5	9947.60494560696	496.438841754871	0.00251499320061616	0.793037223266939	0.00396737989404843
8490	-3522.59902857485	999.70365352323	658.690732411804	150.5	9947.60494560696	486.23788950483	0.00249209530662899	0.793037223266939	0.00393001317808902
8500	-3520.52323507483	999.70365352323	658.690732411804	150.5	9947.60494560696	486.23788950483	0.00253469270822024	0.793037223266939	0.00401446262581745
8510	-3524.56838371015	999.70365352323	626.821092654762	150.5	9825.98381114512	486.23788950483	0.0025733527308749	0.727759687549186	0.00381184602298522
8520	-3526.51955031654	999.70365352323	626.821092654762	150.5	9873.87326271671	477.540616789936	0.00256052760654884	0.727759687549186	0.00381184602298522
8530	-3522.92473109445	999.70365352323	622.911841142061	150.5	9873.87326271671	489.320646614493	0.00256441060961748	0.782728447181026	0.00383243224556852
8540	-3519.9803486137	999.70365352323	601.024999350733	150.5	9873.87326271671	498.264986992765	0.00259889339940591	0.78139202359779	0.00383243224556852
8550	-3520.43201531277	999.70365352323	601.024999350733	150.5	9873.87326271671	498.264986992765	0.00256346225232524	0.7632456968717	0.00386846733168312
8560	-3520.86615881438	999.70365352323	601.024999350733	150.5	9873.87326271671	498.264986992765	0.00256346225232524	0.739221637983015	0.00387928901168699
8570	-3520.84654406701	999.70365352323	601.024999350733	150.5	9873.87326271671	498.433573896357	0.00256346225232524	0.739221637983015	0.00387928901168699
8580	-3521.01489921876	999.70365352323	614.484682758201	150.5	9652.04623473866	497.870520371411	0.00255595164458205	0.739221637983015	0.00387928901168699
8590	-3521.92630930875	999.70365352323	614.484682758201	150.5	9466.55896687469	496.97531952785	0.00256203060984658	0.739221637983015	0.00387928901168699
8600	-3519.90784055261	999.70365352323	662.462856169122	150.5	9582.480966494	496.97531952785	0.00258798966114722	0.759525426803092	0.00387928901168699
8610	-3519.93368964174	999.70365352323	662.462856169122	150.5	9837.04548983901	497.002144299468	0.00251984814280227	0.795806721032363	0.00397986381215545
8620	-3520.42330389976	999.70365352323	655.620567163932	150.5	9837.04548983901	491.986170754529	0.00254109906760254	0.814199842319789	0.00397986381215545
8630	-3519.37107368472	999.70365352323	655.620567163932	150.5	9837.04548983901	493.384217968078	0.00253249025514792	0.814199842319789	0.00397986381215545
8640	-3519.32220417821	999.70365352323	639.269114898826	150.5	9837.04548983901	494.740631249795	0.00253249025514792	0.814199842319789	0.00393995977839518
8650	-3518.94467789805	999.70365352323	661.736896984593	150.5	9837.04548983901	494.740631249795	0.00253249025514792	0.814199842319789	0.00396264039204867
8660	-3519.30218034555	999.945281905949	661.736896984593	150.5	9837.04548983901	495.709389384417	0.00254387939090869	0.787212417911541	0.00396264039204867
8670	-3516.65970038893	999.945281905949	661.736896984593	150.5	9837.04548983901	499.65888730425	0.00252573929305707	0.787212417911541	0.00396264039204867
8680	-3519.03881747245	999.945281905949	661.736896984593	150.5	9837.04548983901	499.65888730425	0.0025288651398207	0.770113308285957	0.00389475586124855
8690	-3518.27690550555	999.945281905949	661.736896984593	150.5	9837.04548983901	499.619119716853	0.00253962406410983	0.747535239420545	0.00389475586124855
8700	-3518.55271431245	999.945281905949	661.736896984593	150.5	9837.04548983901	499.619119716853	0.00259342374313128	0.813209427070856	0.00390472349161565
8710	-3519.06084861311	999.945281905949	676.28480800673	150.5	9828.94359799939	495.266708593911	0.00259342374313128	0.80688420861166	0.00381699976124692
8720	-3517.34217398488	999.945281905949	676.28480800673	150.5	9938.32603105427	495.266708593911	0.00265661904418487	0.828122290782152	0.00375258707343963
8730	-3517.75113316327	999.945281905949	676.28480800673	150.5	9938.32603105427	495.266708593911	0.00265661904418487	0.798748974951192	0.00373600435666623
8740	-3516.97875610212	999.945281905949	676.28480800673	150.5	9938.32603105427	499.415006312262	0.0026660610128647	0.829759881595681	0.00375391154488678
8750	-3516.98922742447	999.945281905949	669.827335315055	150.5	9938.32603105427	499.415006312262	0.0026660610128647	0.829759881595681	0.00375391154488678
8760	-3516.98922742447	999.945281905949	669.827335315055	150.5	9938.32603105427	499.415006312262	0.0026660610128647	0.829759881595681	0.00375391154488678
8770	-3519.48216138867	999.945281905949	679.761598261944	150.5	9938.32603105427	499.415006312262	0.0026660610128647	0.857666439321555	0.00382748602522699
8780	-3520.86826867031	999.945281905949	670.063004369682	150.5	9717.94138736544	488.857812781023	0.00263102949422555	0.857666439321555	0.00382748602522699
8790	-3520.22689523291	999.945281905949	670.063004369682	150.5	9923.92921622707	488.857812781023	0.00265349330522289	0.838959655146995	0.00382748602522699
8800	-3520.33768451699	999.945281905949	670.063004369682	150.5	9923.92921622707	488.857812781023	0.00261344873383368	0.849815598503236	0.00383468310879904
8810	-3520.08790933772	999.945281905949	670.063004369682	150.5	9923.92921622707	476.235651366682	0.00263694580690452	0.811797897386258	0.00383468310879904
8820	-3524.42271626717	999.945281905949	670.063004369682	150.5	9013.18836239962	480.414257621336	0.00261828531731598	0.811797897386258	0.00383468310879904
8830	-3521.18353361655	999.945281905949	704.44401852662	150.5	9013.18836239962	492.392044913894	0.0026025406611485	0.769203430052919	0.00383468310879904
8840	-3521.12892329616	999.945281905949	662.06470896681	150.5	9197.63480829913	492.392044913894	0.0026025406611485	0.741085531692346	0.00381480910028661
8850	-3523.6463577864	999.945281905949	637.262247084154	150.5	9197.63480829913	492.392044913894	0.0026025406611485	0.741085531692346	0.0037696529570562
8860	-3521.65891945886	999.945281905949	620.673871750946	150.5	9197.63480829913	492.392044913894	0.0026459464390017	0.741085531692346	0.0037696529570562
8870	-3521.55215241085	999.945281905949	616.704612998854	150.5	9197.63480829913	492.392044913894	0.0026459464390017	0.76454220185889	0.0037696529570562
8880	-3520.39510677609	999.945281905949	672.085912869796	150.5	9197.63480829913	494.208390172026	0.00266854087086888	0.794523465308783	0.0037696529570562
8890	-3520.24113157196	999.945281905949	705.495327065604	150.5	9197.63480829913	498.335567181491	0.00267042943324218	0.802391237794846	0.00377781588296788
8900	-3520.86265081404	999.945281905949	680.999821393042	150.5	9197.63480829913	490.983433282427	0.00262884121895122	0.755855310299949	0.00377287524612862
8910	-3517.97031204276	999.904837239463	658.338899662367	150.5	9659.2525550589	497.942822481535	0.00262884121895122	0.755855310299949	0.00377287524612862
8920	-3518.78851939107	999.904837239463	658.338899662367	150.5	9659.2525550589	497.942822481535	0.00262884121895122	0.755855310299949	0.00375163120934204
8930	-3519.63248025141	999.904837239463	658.338899662367	150.5	9659.2525550589	497.942822481535	0.00262884121895122	0.755855310299949	0.00373702080883128
8940	-3519.17686616873	999.904837239463	658.338899662367	150.5	9621.75873938392	497.942822481535	0.00262884121895122	0.755855310299949	0.00383814756834955
8950	-3520.85679591514	999.904837239463	658.338899662367	150.5	9764.01779729076	483.084559149589	0.00262884121895122	0.755855310299949	0.00383814756834955
8960	-3520.80649010335	999.904837239463	658.338899662367	150.5	9270.4584114201	483.078265149902	0.00264859701503058	0.755855310299949	0.00380582426019892
8970	-3521.56513042843	999.904837239463	713.75990886385	150.5	9270.4584114201	483.078265149902	0.00263721075010142	0.755855310299949	0.00380582426019892
8980	-3521.09488141224	999.904837239463	713.75990886385	150.5	9807.80542739736	493.417167332141	0.00263721075010142	0.716019013263773	0.00377181634872041
8990	-3521.37227148365	999.904837239463	713.75990886385	150.5	9807.80542739736	484.355341305181	0.00267343607542058	0.755955782190817	0.00377181634872041
9000	-3522.38354364513	999.904837239463	713.75990886385	150.5	9807.80542739736	477.133053885063	0.00266220425414069	0.742908755030202	0.00378002294288327
9010	-3522.98229796968	999.646934923021	669.683829622417	150.5	9781.87794113681	475.710985929591	0.00268024408134596	0.760064848221662	0.00368093986841752
9020	-3521.64354257354	999.646934923021	669.683829622417	150.5	9816.94016430321	475.710985929591	0.00268024408134596	0.784160467164005	0.00371009150731435
9030	-3523.26215500286	999.646934923021	635.349023073428	150.5	9645.53876254924	475.710985929591	0.0026523628324837	0.762766501526412	0.00375747544780727
9040	-3524.66140136373	999.646934923021	597.802977345602	150.5	9830.88782076553	466.850172214344	0.00269195450930865	0.807852004641521	0.00375747544780727
9050	-3524.79128649287	999.646934923021	601.876897866233	150.5	9848.1910215793	466.804674594727	0.00269195450930865	0.807852004641521	0.00375747544780727
9060	-3524.99492590521	999.646934923021	601.876897866233	150.5	9848.1910215793	464.128051221714	0.00266304133862947	0.757468603090138	0.00375821587413097
9070	-3523.81295895797	999.646934923021	601.876897866233	150.5	9848.1910215793	464.128051221714	0.00266304133862947	0.756048151933723	0.00375821587413097
9080	-3526.4638225617	999.344411273117	606.643493381824	150.5	9741.46899222384	464.128051221714	0.00266304133862947	0.756048151933723	0.00375821587413097
9090	-3522.70656724825	999.779509794643	606.42540956266	150.5	9747.96344734666	475.678922370278	0.0026441609354255	0.786200055503029	0.00375821587413097
9100	-3519.26461108249	999.779509794643	606.42540956266	150.5	9928.77213477502	496.147146389571	0.0026441609354255	0.802626009138979	0.003802893451773
9110	-3519.5989441524	999.779509794643	606.42540956266	150.5	9928.77213477502	499.023441447918	0.00270626219556559	0.839103137523401	0.00369707839674335
9120	-3519.91280570284	999.779509794643	606.42540956266	150.5	9928.77213477502	499.023441447918	0.00271739885842421	0.833456961079588	0.00369707839674335
9130	-3520.32921645202	999.779509794643	606.42540956266	150.5	9651.76219360375	499.023441447918	0.00271739885842421	0.833456961079588	0.00369707839674335
9140	-3520.97275146452	999.779509794643	604.641211468469	150.5	9651.76219360375	494.160662232816	0.00271739885842421	0.833456961079588	0.00369707839674335
9150	-3521.1404249683	999.779509794643	598.936151090479	150.5	9651.76219360375	494.160662232816	0.00271739885842421	0.833456961079588	0.00369707839674335
9160	-3521.8464630635	999.779509794643	598.936151090479	150.5	9745.42053338061	494.160662232816	0.00265491773467197	0.828583627339639	0.00375179149827345
9170	-3523.5569527482	999.779509794643	598.936151090479	150.5	9704.03969598478	485.223485778976	0.00265491773467197	0.839255201004662	0.00375179149827345
9180	-3524.13081327746	999.779509794643	577.452555333679	150.5	9704.03969598478	485.223485778976	0.00266191487301616	0.845486070932021	0.00375179149827345
9190	-3525.80769834048	999.779509794643	577.452555333679	150.5	9704.03969598478	477.193307631127	0.00263393157859319	0.845486070932021	0.00375179149827345
9200	-3528.68057436703	999.80041486803	518.347387473925	150.5	9810.0764495792	477.193307631127	0.00263393157859319	0.845486070932021	0.00375179149827345
9210	-3525.37599686312	999.80041486803	518.347387473925	150.5	9777.03237270768	490.387252874641	0.00266317198617458	0.765886243310411	0.00376616410317993
9220	-3525.18261066724	999.80041486803	518.347387473925	150.5	9777.03237270768	490.387252874641	0.00266317198617458	0.787910988451427	0.00376616410317993
9230	-3524.67907396766	999.80041486803	563.497393386018	150.5	9358.10241430167	499.088592935821	0.00267033185350589	0.79582147293087	0.00370315991076289
9240	-3525.09201343045	999.465947946728	563.497393386018	150.5	9626.38914190313	494.61821751823	0.00267033185350589	0.826896579521542	0.00371239861797573
9250	-3525.13058205003	999.465947946728	567.52485117699	150.5	9626.38914190313	486.694921893294	0.00271826316176799	0.814479177641633	0.00371999456100417
9260	-3526.86195958286	999.465947946728	562.084137970403	150.5	9626.38914190313	486.694921893294	0.00264959449018192	0.814479177641633	0.00371999456100417
9270	-3526.66579442731	999.465947946728	562.084137970403	150.5	9626.38914190313	490.992050045092	0.00264959449018192	0.819034811041902	0.00371999456100417
9280	-3525.82642094233	999.465947946728	559.548854471538	150.5	9626.38914190313	490.992050045092	0.00264847414596689	0.846958414597639	0.0037466175747167
9290	-3525.65346076624	999.465947946728	559.548854471538	150.5	9670.9579822793	489.957872829179	0.00267006166514679	0.846958414597639	0.0037466175747167
9300	-3524.53357453772	999.671311477883	576.081224540447	150.5	9670.9579822793	489.957872829179	0.00267006166514679	0.858139480893034	0.00374043991526657
9310	-3524.53357453772	999.671311477883	576.081224540447	150.5	9670.9579822793	489.957872829179	0.00267006166514679	0.858139480893034	0.00374043991526657
9320	-3525.73784117919	999.671311477883	576.081224540447	150.5	9931.13064817691	489.957872829179	0.00267006166514679	0.858139480893034	0.00382102238231145
9330	-3522.49354641691	999.671311477883	564.726085246343	150.5	9802.13317801123	496.612386800006	0.0028112097604048	0.797057060868887	0.00359103742883157
9340	-3520.80972041867	999.671311477883	582.349889431423	150.5	9754.84341288339	496.612386800006	0.0028112097604048	0.800071302835886	0.00359103742883157
9350	-3523.89663967101	999.671311477883	582.349889431423	150.5	9792.0792492356	489.424732508654	0.00285978083430791	0.777797666039468	0.0035526488274515
9360	-3521.65770983693	999.671311477883	582.349889431423	150.5	9754.19965062501	493.313229762863	0.00285978083430791	0.756097065800957	0.0034618553085545
9370	-3520.66007555113	999.671311477883	625.650358834698	150.5	9754.19965062501	493.313229762863	0.00285978083430791	0.753394893570076	0.00352331958269452
9380	-3521.37056963473	999.671311477883	625.650358834698	150.5	9754.19965062501	483.843544657076	0.00283298397626327	0.753394893570076	0.00352331958269452
9390	-3521.32741626536	999.671311477883	606.248979216739	150.5	9434.65670958608	492.130457370707	0.00283325419407938	0.753394893570076	0.00352667572311796
9400	-3519.58778536533	999.671311477883	606.248979216739	150.5	9957.40845005725	498.172028944072	0.00282250732553032	0.802768048937467	0.00352667572311796
9410	-3519.51147377641	999.671311477883	606.248979216739	150.5	9957.40845005725	498.172028944072	0.00283109761674285	0.813699166794553	0.00350623753642
9420	-3519.51147377641	999.671311477883	606.248979216739	150.5	9957.40845005725	498.172028944072	0.00283109761674285	0.813699166794553	0.00350623753642
9430	-3520.74199637439	999.671311477883	606.248979216739	150.5	9957.40845005725	489.050015549526	0.00286156622430622	0.840739293310619	0.00350623753642
9440	-3520.84227850674	999.671311477883	606.248979216739	150.5	9957.40845005725	489.050015549526	0.00286156622430622	0.808191121403152	0.00351463873029967
9450	-3520.63551100749	999.671311477883	606.248979216739	150.5	9957.40845005725	489.050015549526	0.00286156622430622	0.808191121403152	0.00349026149805134
9460	-3521.50019417305	999.671311477883	606.248979216739	150.5	9650.87859067508	489.050015549526	0.00288897862808108	0.808191121403152	0.00349026149805134
9470	-3520.74214975252	999.671311477883	632.383534069674	150.5	9648.24524321304	491.751673189906	0.00288897862808108	0.808191121403152	0.00349026149805134
9480	-3522.28139168649	999.671311477883	632.383534069674	150.5	9648.24524321304	491.751673189906	0.00289284094253947	0.808191121403152	0.00351454968477438
9490	-3520.21888162307	999.671311477883	662.041421534965	150.5	9950.45472995709	485.505140404877	0.00288880300620862	0.812764071355398	0.00349335975491861
9500	-3520.21888162307	999.671311477883	662.041421534965	150.5	9950.45472995709	485.505140404877	0.00288880300620862	0.812764071355398	0.00349335975491861
9510	-3520.50124875221	999.671311477883	649.162535110655	150.5	9720.83144242804	496.350670609391	0.00288880300620862	0.828439955760959	0.00349335975491861
9520	-3522.20178774373	999.799778564879	646.661223419446	150.5	9215.63538105663	494.304325987514	0.00287735263405976	0.828439955760959	0.00349335975491861
9530	-3522.20820510399	999.799778564879	646.390504869314	150.5	9215.63538105663	494.304325987514	0.00287735263405976	0.828439955760959	0.00349304361237498
9540	-3519.50836484268	999.799778564879	646.390504869314	150.5	9686.55835771083	494.304325987514	0.00287735263405976	0.828439955760959	0.00349304361237498
9550	-3519.13650170965	999.799778564879	649.780999940546	150.5	9883.70711265855	495.658951447681	0.00287735263405976	0.840707390455405	0.00348446682313777
9560	-3521.45505928022	999.799778564879	649.780999940546	150.5	9558.17647239938	492.666881739367	0.00287735263405976	0.840707390455405	0.00348446682313777
9570	-3521.0744423349	999.799778564879	649.780999940546	150.5	9661.24474632967	496.298192819855	0.00287735263405976	0.840707390455405	0.00351972973100307
9580	-3521.66172643285	999.799778564879	627.077395679884	150.5	9661.24474632967	487.520787252572	0.00287043720460578	0.83425269683452	0.00351972973100307
9590	-3520.42910992664	999.799778564879	627.077395679884	150.5	9661.24474632967	497.488727520564	0.00287043720460578	0.83425269683452	0.00351972973100307
9600	-3520.68441042834	999.799778564879	611.627103432932	150.5	9661.24474632967	497.488727520564	0.00284902366894628	0.83425269683452	0.00351972973100307
9610	-3520.50506689901	999.799778564879	611.627103432932	150.5	9819.02075788187	497.488727520564	0.00287763671752853	0.827080208082967	0.00351972973100307
9620	-3519.7707189337	999.799778564879	611.627103432932	150.5	9819.02075788187	497.488727520564	0.00287763671752853	0.825505312116277	0.00346625857572423
9630	-3519.27465241891	999.799778564879	611.627103432932	150.5	9876.59369395944	497.488727520564	0.00287763671752853	0.793635098858801	0.00348176085399519
9640	-3519.68317155021	999.799778564879	590.553770888243	150.5	9876.59369395944	497.488727520564	0.00287763671752853	0.789048972098292	0.00348176085399519
9650	-3519.95300422402	999.799778564879	590.553770888243	150.5	9702.02215221364	494.530989504128	0.00288702287521134	0.789048972098292	0.00345813442486106
9660	-3520.24337753506	999.799778564879	590.553770888243	150.5	9807.64352802455	492.153574864414	0.00286396521891271	0.777670007436827	0.00345813442486106
9670	-3519.93074367905	999.799778564879	590.553770888243	150.5	9807.64352802455	492.153574864414	0.00286396521891271	0.777670007436827	0.00347091528479451
9680	-3519.93074367905	999.799778564879	590.553770888243	150.5	9807.64352802455	492.153574864414	0.00286396521891271	0.777670007436827	0.00347091528479451
9690	-3521.98190907099	999.799778564879	590.553770888243	150.5	9544.18672703894	488.174993787761	0.0028796876135419	0.777670007436827	0.00346716642700389
9700	-3521.21118812202	999.799778564879	590.553770888243	150.5	9544.18672703894	490.847476558839	0.00289851242516318	0.777670007436827	0.00346716642700389
9710	-3518.68328228121	999.799778564879	606.757507953864	150.5	9601.09631655558	499.039937028156	0.00289851242516318	0.79791518020672	0.00346716642700389
9720	-3519.77347504356	999.799778564879	601.130708311389	150.5	9601.09631655558	499.039937028156	0.00289851242516318	0.769645616317691	0.00346954654711468
9730	-3520.07278542197	999.799778564879	601.130708311389	150.5	9543.97026437177	499.039937028156	0.00289851242516318	0.769645616317691	0.00346954654711468
9740	-3521.77192594257	999.799778564879	601.130708311389	150.5	9677.76405260404	495.334308443094	0.00288732082342634	0.762737884734543	0.0034168965556646
9750	-3519.92079242995	999.799778564879	618.549353368242	150.5	9891.8911615879	486.901883189897	0.00291183208797008	0.762737884734543	0.0034168965556646
9760	-3520.80601443109	999.799778564879	606.94830484479	150.5	9644.93743142282	486.901883189897	0.00291183208797008	0.762737884734543	0.00343155758261507
9770	-3520.13440349052	999.799778564879	614.390798017538	150.5	9811.92201704846	486.900577423307	0.00292331766858454	0.755735965744307	0.00339584362316215
9780	-3520.79834027663	999.799778564879	587.424829148241	150.5	9883.00574179043	486.900577423307	0.00292331766858454	0.755735965744307	0.00339584362316215
9790	-3520.67020333932	999.799778564879	602.754067332971	150.5	9883.00574179043	486.900577423307	0.00292331766858454	0.775275073428965	0.00339584362316215
9800	-3520.25395636165	999.799778564879	602.754067332971	150.5	9727.71195693727	486.900577423307	0.00295184468616344	0.803878059497677	0.0033722030735064
9810	-3519.56242514345	999.799778564879	663.989378841356	150.5	9727.71195693727	486.900577423307	0.00295184468616344	0.803878059497677	0.0033722030735064
9820	-3519.31300079806	999.799778564879	663.989378841356	150.5	9953.32538587104	479.011060345562	0.00299658784815657	0.803878059497677	0.0033722030735064
9830	-3522.9590291462	999.799778564879	663.989378841356	150.5	9945.30455143201	461.753287878198	0.002989985180246	0.803878059497677	0.0033722030735064
9840	-3522.17162627581	999.799778564879	677.699406847331	150.5	9324.95051081479	475.330690165464	0.0029712604383589	0.762923732363379	0.0033722030735064
9850	-3523.26047527727	999.799778564879	648.780634078966	150.5	9163.51882769067	477.668155737175	0.0029712604383589	0.772061674537146	0.00340297650568091
9860	-3522.75654504653	999.799778564879	648.780634078966	150.5	9163.51882769067	477.668155737175	0.0029712604383589	0.799983914154535	0.00340297650568091
9870	-3522.12068465448	999.90271106603	637.284053853493	150.5	9273.63532095763	485.311075196125	0.00297212526693726	0.820801901623453	0.00340297650568091
9880	-3524.51268051137	999.90271106603	637.284053853493	150.5	8735.20324181412	477.646461156297	0.00296956201236186	0.760167012049668	0.00340297650568091
9890	-3519.32723621383	999.90271106603	637.284053853493	150.5	9297.03145994884	499.28878567916	0.00293808327326698	0.75225346587973	0.00340297650568091
9900	-3521.02270776418	999.90271106603	614.207154386151	150.5	9094.24618942139	492.144284204759	0.00293808327326698	0.75225346587973	0.00340297650568091
9910	-3520.3876939609	999.90271106603	703.408384283588	150.5	9155.03948302236	492.144284204759	0.00293808327326698	0.763063124665495	0.00340297650568091
9920	-3519.31398068272	999.90271106603	704.987054837249	150.5	9155.03948302236	492.144284204759	0.00293808327326698	0.783679363803159	0.00340297650568091
9930	-3520.01706943197	999.90271106603	716.026684538744	150.5	9155.03948302236	492.144284204759	0.00293808327326698	0.755765999729196	0.00340297650568091
9940	-3519.30517045997	999.958794492803	729.38313404135	150.5	9155.03948302236	491.843067873051	0.00294568350861057	0.755765999729196	0.00340297650568091
9950	-3518.28099372715	999.958794492803	729.38313404135	150.5	9706.73332537256	495.971043278504	0.00293301096186323	0.755765999729196	0.00340297650568091
9960	-3518.56818145548	999.958794492803	729.38313404135	150.5	9344.20567560666	495.971043278504	0.00293201192976095	0.755765999729196	0.00340297650568091
9970	-3519.04192471871	999.958794492803	729.38313404135	150.5	9344.20567560666	495.971043278504	0.00292664908336404	0.758300037397019	0.00340297650568091
9980	-3520.04882942309	999.958794492803	729.38313404135	150.5	9344.20567560666	488.380707673261	0.00296740230650327	0.758300037397019	0.00340297650568091
9990	-3518.88504471729	999.958794492803	729.38313404135	150.5	9344.20567560666	497.393409261407	0.00295988409613452	0.758895414385114	0.00337012105679821
10000	-3520.49849170393	999.958794492803	736.800849066801	150.5	9344.20567560666	497.393409261407	0.00299016670049847	0.718066678556264	0.00332480723315362