<?xml version="1.0" encoding="UTF-8" standalone="yes"?>
<p:notes xmlns:a="http://schemas.openxmlformats.org/drawingml/2006/main" xmlns:r="http://schemas.openxmlformats.org/officeDocument/2006/relationships" xmlns:p="http://schemas.openxmlformats.org/presentationml/2006/main"><p:cSld><p:spTree><p:nvGrpSpPr><p:cNvPr id="1" name=""/><p:cNvGrpSpPr/><p:nvPr/></p:nvGrpSpPr><p:grpSpPr><a:xfrm><a:off x="0" y="0"/><a:ext cx="0" cy="0"/><a:chOff x="0" y="0"/><a:chExt cx="0" cy="0"/></a:xfrm></p:grpSpPr><p:sp><p:nvSpPr><p:cNvPr id="2" name="Slide Image Placeholder 1"/><p:cNvSpPr><a:spLocks noGrp="1" noRot="1" noChangeAspect="1"/></p:cNvSpPr><p:nvPr><p:ph type="sldImg"/></p:nvPr></p:nvSpPr><p:spPr/></p:sp><p:sp><p:nvSpPr><p:cNvPr id="3" name="Notes Placeholder 2"/><p:cNvSpPr><a:spLocks noGrp="1"/></p:cNvSpPr><p:nvPr><p:ph type="body" idx="1"/></p:nvPr></p:nvSpPr><p:spPr/><p:txBody><a:bodyPr/><a:lstStyle/><a:p><a:r><a:rPr lang="en-GB" dirty="0" smtClean="0"/><a:t>Repeat of 150401 with 2E1 Fab staining in parallel (bottom graphs)</a:t></a:r></a:p><a:p><a:pPr marL="0" marR="0" indent="0" algn="l" defTabSz="914400" rtl="0" eaLnBrk="1" fontAlgn="auto" latinLnBrk="0" hangingPunct="1"><a:lnSpc><a:spcPct val="100000"/></a:lnSpc><a:spcBef><a:spcPts val="0"/></a:spcBef><a:spcAft><a:spcPts val="0"/></a:spcAft><a:buClrTx/><a:buSzTx/><a:buFontTx/><a:buNone/><a:tabLst/><a:defRPr/></a:pPr><a:r><a:rPr lang="en-GB" dirty="0" smtClean="0"/><a:t>Sent 09/06/2015</a:t></a:r></a:p><a:p><a:endParaRPr lang="en-GB" dirty="0" smtClean="0"/></a:p><a:p><a:endParaRPr lang="en-GB" dirty="0" smtClean="0"/></a:p><a:p><a:r><a:rPr lang="en-GB" dirty="0" smtClean="0"/><a:t>Some</a:t></a:r><a:r><a:rPr lang="en-GB" baseline="0" dirty="0" smtClean="0"/><a:t> LSL surface expression can be detected in untreated cells at the highest levels of Venus expression. After </a:t></a:r><a:r><a:rPr lang="en-GB" baseline="0" dirty="0" err="1" smtClean="0"/><a:t>IFNg</a:t></a:r><a:r><a:rPr lang="en-GB" baseline="0" dirty="0" smtClean="0"/><a:t> treatment LSL expression is much higher. Therefore </a:t></a:r><a:r><a:rPr lang="en-GB" baseline="0" dirty="0" err="1" smtClean="0"/><a:t>IFNg</a:t></a:r><a:r><a:rPr lang="en-GB" baseline="0" dirty="0" smtClean="0"/><a:t> treatment allows efficient surface expression of both peptides.</a:t></a:r><a:endParaRPr lang="en-GB" dirty="0"/></a:p></p:txBody></p:sp><p:sp><p:nvSpPr><p:cNvPr id="4" name="Slide Number Placeholder 3"/><p:cNvSpPr><a:spLocks noGrp="1"/></p:cNvSpPr><p:nvPr><p:ph type="sldNum" sz="quarter" idx="10"/></p:nvPr></p:nvSpPr><p:spPr/><p:txBody><a:bodyPr/><a:lstStyle/><a:p><a:fld id="{51978E78-EDA4-48FE-873E-E69FA72D6E8B}" type="slidenum"><a:rPr lang="en-GB" smtClean="0"/><a:t>5</a:t></a:fld><a:endParaRPr lang="en-GB"/></a:p></p:txBody></p:sp></p:spTree><p:extLst><p:ext uri="{BB962C8B-B14F-4D97-AF65-F5344CB8AC3E}"><p14:creationId xmlns:p14="http://schemas.microsoft.com/office/powerpoint/2010/main" val="1092116804"/></p:ext></p:extLst></p:cSld><p:clrMapOvr><a:masterClrMapping/></p:clrMapOvr></p:notes>